ENTRY_UNIX_EPOCH_TIME,CREATED_TIME,FIRST_RECHARGE_TIME,PLAN_START_TIME,DEVICE_LIMIT,LCO_ACCOUNT_ID,ENTRY_DATE,TIME_PLAN,LONG_SECONDARY_NAS,PLAN_ID,PLAN_END_TIME,STATUS,CONNECTION,PLAN_AMOUNT,AUTH_STATE,UPDATE_AT,PLAN_NAME,PLAN_INCREASED_IN_SEC
639181444307003624,2026-06-27 08:07:10.700362+00:00,0001-01-01 00:00:00+00:00,2026-06-27 08:06:57.387564+00:00,1,,2026-06-27 00:00:00+00:00,21600,687195115217.0,15373,2026-06-27 14:06:57.387564+00:00,,,5,1,,,0
639181444305939304,2026-06-27 08:07:10.593930+00:00,0001-01-01 00:00:00+00:00,2026-06-27 08:07:10.593930+00:00,1,,2026-06-27 00:00:00+00:00,150,,1,2026-06-27 08:09:40.593930+00:00,2026-06-27T08-17,,0,1,,,0
639181443968755041,2026-06-27 08:06:36.875504+00:00,0001-01-01 00:00:00+00:00,2026-06-27 08:06:15.539406+00:00,1,,2026-06-27 00:00:00+00:00,21600,687195080505.0,15373,2026-06-27 14:06:15.539406+00:00,,,5,1,,,0
639181443849139701,2026-06-27 08:06:24.913970+00:00,0001-01-01 00:00:00+00:00,2026-06-27 08:06:24.913970+00:00,1,,2026-06-27 00:00:00+00:00,150,,1,2026-06-27 08:08:54.913970+00:00,2026-06-27T08-16,,0,1,,,0
639181443760260251,2026-06-27 08:06:16.026025+00:00,0001-01-01 00:00:00+00:00,2026-06-27 08:06:16.026025+00:00,1,,2026-06-27 00:00:00+00:00,150,,1,2026-06-27 08:08:46.026025+00:00,2026-06-27T08-16,,0,1,,,0
639181443750048072,2026-06-27 08:06:15.004807+00:00,0001-01-01 00:00:00+00:00,2026-06-27 08:03:49.450798+00:00,1,,2026-06-27 00:00:00+00:00,21600,687195214879.0,15373,2026-06-27 14:03:49.450798+00:00,,,5,1,,,0
639181443743323863,2026-06-27 08:06:14.332386+00:00,0001-01-01 00:00:00+00:00,2026-06-27 08:06:14.332386+00:00,1,,2026-06-27 00:00:00+00:00,150,,1,2026-06-27 08:08:44.332386+00:00,2026-06-27T08-16,,0,1,,,0
639181443663073057,2026-06-27 08:06:06.307305+00:00,0001-01-01 00:00:00+00:00,2026-06-27 08:06:06.307306+00:00,1,,2026-06-27 00:00:00+00:00,150,,1,2026-06-27 08:08:36.307306+00:00,2026-06-27T08-16,,0,1,,,0
639181443658433139,2026-06-27 08:06:05.843314+00:00,0001-01-01 00:00:00+00:00,2026-06-27 08:06:05.843314+00:00,1,,2026-06-27 00:00:00+00:00,150,,1,2026-06-27 08:08:35.843314+00:00,2026-06-27T08-15,,0,1,,,0
639181443654658564,2026-06-27 08:06:05.465856+00:00,0001-01-01 00:00:00+00:00,2026-06-27 08:05:44.152572+00:00,1,,2026-06-27 00:00:00+00:00,21600,282162171987306.0,15373,2026-06-27 14:05:44.152572+00:00,,,5,1,,,0
639181443631043743,2026-06-27 08:06:03.104374+00:00,0001-01-01 00:00:00+00:00,2026-06-27 08:06:03.104374+00:00,1,,2026-06-27 00:00:00+00:00,90,,1,2026-06-27 08:07:33.104374+00:00,2026-06-27T08-16,,0,1,,,0
639181443612205829,2026-06-27 08:06:01.220583+00:00,0001-01-01 00:00:00+00:00,2026-06-27 08:06:01.220583+00:00,1,,2026-06-27 00:00:00+00:00,90,,1,2026-06-27 08:07:31.220583+00:00,2026-06-27T08-15,,0,1,,,0
639181443611907659,2026-06-27 08:06:01.190766+00:00,0001-01-01 00:00:00+00:00,2026-06-27 08:06:01.190766+00:00,1,,2026-06-27 00:00:00+00:00,90,,1,2026-06-27 08:07:31.190766+00:00,2026-06-27T08-15,,0,1,,,0
639181443589078957,2026-06-27 08:05:58.907895+00:00,0001-01-01 00:00:00+00:00,2026-06-27 08:05:58.907895+00:00,1,,2026-06-27 00:00:00+00:00,150,,1,2026-06-27 08:08:28.907896+00:00,2026-06-27T08-15,,0,1,,,0
639181443574971060,2026-06-27 08:05:57.497106+00:00,0001-01-01 00:00:00+00:00,2026-06-27 08:05:30.483601+00:00,1,,2026-06-27 00:00:00+00:00,43200,282162172149254.0,15374,2026-06-27 20:05:30.483601+00:00,,,9,1,,,0
639181443427208124,2026-06-27 08:05:42.720812+00:00,0001-01-01 00:00:00+00:00,2026-06-27 08:05:42.720812+00:00,1,,2026-06-27 00:00:00+00:00,150,,1,2026-06-27 08:08:12.720812+00:00,2026-06-27T08-15,,0,1,,,0
639181443425745964,2026-06-27 08:05:42.574596+00:00,0001-01-01 00:00:00+00:00,2026-06-27 08:05:07.492034+00:00,1,,2026-06-27 00:00:00+00:00,21600,282162172085862.0,15373,2026-06-27 14:05:07.492034+00:00,,,5,1,,,0
639181443420373434,2026-06-27 08:05:42.037343+00:00,0001-01-01 00:00:00+00:00,2026-06-27 08:05:42.037343+00:00,1,,2026-06-27 00:00:00+00:00,150,,1,2026-06-27 08:08:12.037343+00:00,2026-06-27T08-15,,0,1,,,0
639181443414853812,2026-06-27 08:05:41.485381+00:00,0001-01-01 00:00:00+00:00,2026-06-27 08:05:41.485381+00:00,1,,2026-06-27 00:00:00+00:00,150,,1,2026-06-27 08:08:11.485381+00:00,2026-06-27T08-15,,0,1,,,0
639181443360553985,2026-06-27 08:05:36.055398+00:00,0001-01-01 00:00:00+00:00,2026-06-27 08:01:10.713735+00:00,1,,2026-06-27 00:00:00+00:00,43200,282162172000216.0,15374,2026-06-27 20:01:10.713735+00:00,,,9,1,,,0
639181443335539266,2026-06-27 08:05:33.553926+00:00,0001-01-01 00:00:00+00:00,2026-06-27 08:04:48.652318+00:00,1,,2026-06-27 00:00:00+00:00,21600,687195466154.0,15373,2026-06-27 14:04:48.652318+00:00,,,5,1,,,0
639181443331198623,2026-06-27 08:05:33.119862+00:00,0001-01-01 00:00:00+00:00,2026-06-27 08:05:33.119862+00:00,1,,2026-06-27 00:00:00+00:00,90,,1,2026-06-27 08:07:03.119862+00:00,2026-06-27T08-15,,0,1,,,0
639181443283106515,2026-06-27 08:05:28.310651+00:00,0001-01-01 00:00:00+00:00,2026-06-27 08:05:28.310651+00:00,1,,2026-06-27 00:00:00+00:00,150,,1,2026-06-27 08:07:58.310651+00:00,2026-06-27T08-15,,0,1,,,0
639181443136489366,2026-06-27 08:05:13.648936+00:00,0001-01-01 00:00:00+00:00,2026-06-27 08:05:13.648936+00:00,1,,2026-06-27 00:00:00+00:00,90,,1,2026-06-27 08:06:43.648936+00:00,temp,,0,1,,,0
639181443136472639,2026-06-27 08:05:13.647264+00:00,0001-01-01 00:00:00+00:00,2026-06-27 08:05:13.647264+00:00,1,,2026-06-27 00:00:00+00:00,90,,1,2026-06-27 08:06:43.647264+00:00,temp,,0,1,,,0
