TABLE_SCHEMA,TABLE_NAME,COLUMN_NAME,DATA_TYPE,ORDINAL_POSITION
DBT,AVG_DOWNLOAD_SPEED,DEVICES_TESTED,NUMBER,2
DBT,AVG_JITTER,DEVICES_TESTED_V3,NUMBER,2
DBT,AVG_LATENCY,DEVICES_TESTED_V3,NUMBER,2
DBT,AVG_OPTICAL_SIGNAL,NAS_ID,NUMBER,1
DBT,AVG_OPTICAL_SIGNAL,DATE_IST,DATE,2
DBT,AVG_OPTICAL_SIGNAL,AVG_OPTICAL_DBM,NUMBER,3
DBT,AVG_OPTICAL_SIGNAL,OPTICAL_READINGS,NUMBER,4
DBT,AVG_OPTICAL_SIGNAL,OPTICAL_HEALTH,TEXT,5
DBT,BASE_EXPIRY_EVENTS,ROUTER_NAS_ID,NUMBER,3
DBT,BASE_PLANS,ROUTER_NAS_ID,NUMBER,1
DBT,BOOKINGVANILLA,DEVICE_ID,TEXT,40
DBT,BOOKINGVANILLA,DEVICE,TEXT,130
DBT,BOOKINGVANILLA,ROUTERMAC,TEXT,132
DBT,BOOKINGVANILLA,DEVICEID,TEXT,133
DBT,BOOKINGVANILLA_AUDIT,DEVICE_ID,TEXT,40
DBT,BOOKINGVANILLA_AUDIT,DEVICE,TEXT,130
DBT,BOOKINGVANILLA_AUDIT,ROUTERMAC,TEXT,132
DBT,BOOKINGVANILLA_AUDIT,DEVICEID,TEXT,133
DBT,CUSTOMER_BASE,LIVE_R25_DEVICES,NUMBER,4
DBT,CUSTOMER_BASE,PAYING_DEVICES,NUMBER,6
DBT,CUSTOMER_BASE,ACTIVE_R15_DEVICES,NUMBER,8
DBT,CUSTOMER_PROFILE,ROUTER_NAS_ID_INSTALLATION,NUMBER,19
DBT,CUSTOMER_PROFILE,ROUTER_NAS_ID_CURRENT,NUMBER,25
DBT,CUSTOMER_PROFILE_MODEL,ROUTER_NAS_ID_INSTALLATION,NUMBER,19
DBT,CUSTOMER_PROFILE_MODEL,ROUTER_NAS_ID_CURRENT,NUMBER,25
DBT,DAILY_DATA_USAGE,ROUTERMAC,TEXT,3
DBT,DAILY_DATA_USAGE,TOTAL_CONNECTED_DEVICES_DAILY,NUMBER,7
DBT,DAILY_UPTIME,PLAN_ACTIVE_DEVICES,NUMBER,2
DBT,DEVICES_ACHIEVING_90PCT_SPEED,DEVICES_TESTED,NUMBER,2
DBT,DEVICES_IMPACTED,DEVICES_IMPACTED,NUMBER,2
DBT,DEVICE_RECOVERY_MODEL,ROUTER_NAS_ID,NUMBER,1
DBT,DEVICE_RECOVERY_MODEL,DEVICE_ID,TEXT,12
DBT,DEVICE_RECOVERY_MODEL,DEVICE_TYPE,TEXT,13
DBT,DIM_BUSINESS_SEGMENT,ROUTER_NAS_ID,NUMBER,1
DBT,DIM_NAS_SEGMENT,ROUTER_NAS_ID,NUMBER,1
DBT,DIM_NAS_TENURE,ROUTER_NAS_ID,NUMBER,1
DBT,DIM_TENURE_BUCKET,ROUTER_NAS_ID,NUMBER,1
DBT,FCT_ACTIVE_PLAN_DAYS,ROUTER_NAS_ID,NUMBER,1
DBT,FCT_AVG_DOWNLOAD_SPEED,DEVICES_TESTED,NUMBER,2
DBT,FCT_AVG_JITTER,DEVICES_TESTED_V3,NUMBER,2
DBT,FCT_AVG_LATENCY,DEVICES_TESTED_V3,NUMBER,2
DBT,FCT_AVG_RECOVERY_TIME,RECOVERED_DEVICE_ROWS,NUMBER,2
DBT,FCT_BOOKING_WINDOW,VALIDATE_ROUTER_TIME,TIMESTAMP_NTZ,54
DBT,FCT_BOOKING_WINDOW,DEVICE_READY_TIME,TIMESTAMP_NTZ,56
DBT,FCT_D3_PCT,ELIGIBLE_DEVICES,NUMBER,3
DBT,FCT_D3_PCT,COMPANY_B_DEVICES,NUMBER,4
DBT,FCT_D3_PCT,D3_DEVICES,NUMBER,5
DBT,FCT_DEVICES_IMPACTED,DEVICES_IMPACTED,NUMBER,2
DBT,FCT_EXPIRY_EVENTS,ROUTER_NAS_ID,NUMBER,2
DBT,FCT_FIRST_PING_AFTER_R1,ROUTER_NAS_ID,NUMBER,1
DBT,FCT_FLEET_DAILY_UPTIME,PLAN_ACTIVE_DEVICES,NUMBER,2
DBT,FCT_FREE_PLAN_DAYS,ROUTER_NAS_ID,NUMBER,1
DBT,FCT_FREE_TRIAL_USAGE_GB,ROUTER_NAS_ID,NUMBER,1
DBT,FCT_OPTICAL_OOR_PCT,DATE_IST,DATE,1
DBT,FCT_OPTICAL_OOR_PCT,OOR_DEVICE_COUNT,NUMBER,2
DBT,FCT_OPTICAL_OOR_PCT,TOTAL_DEVICES,NUMBER,3
DBT,FCT_OPTICAL_OOR_PCT,OOR_PCT,NUMBER,4
DBT,FCT_OPTICAL_SIGNAL,NAS_ID,NUMBER,1
DBT,FCT_OPTICAL_SIGNAL,DATE_IST,DATE,2
DBT,FCT_OPTICAL_SIGNAL,AVG_OPTICAL_DBM,NUMBER,3
DBT,FCT_OPTICAL_SIGNAL,OPTICAL_READINGS,NUMBER,4
DBT,FCT_OPTICAL_SIGNAL,OPTICAL_HEALTH,TEXT,5
DBT,FCT_PING_ACTIVE_PCT,PING_ACTIVE_DEVICES,NUMBER,2
DBT,FCT_PING_ACTIVE_PCT,PLAN_ACTIVE_DEVICES,NUMBER,3
DBT,FCT_PING_FLAP_DEVICES,PING_FLAP_DEVICE_COUNT,NUMBER,2
DBT,FCT_PING_FLAP_DEVICES,PLAN_ACTIVE_DEVICES,NUMBER,3
DBT,FCT_RECOVERY_PERCENTILES,RECOVERED_DEVICE_ROWS,NUMBER,5
DBT,FCT_SPEED_COMPLIANCE,DEVICES_TESTED,NUMBER,2
DBT,FCT_SPEED_TEST_COVERAGE,DEVICES_TESTED,NUMBER,2
DBT,FCT_SPEED_TEST_COVERAGE,DEVICES_TESTED_V3,NUMBER,3
DBT,FCT_SPEED_TEST_COVERAGE,DEVICES_TESTED_LEGACY,NUMBER,4
DBT,FIRST_PING_AFTER_R1,ROUTER_NAS_ID,NUMBER,1
DBT,HOME_ROUTER_TABLE_DE,ID,NUMBER,1
DBT,HOME_ROUTER_TABLE_DE,OTP_ISSUED_TIME,TIMESTAMP_NTZ,2
DBT,HOME_ROUTER_TABLE_DE,TRANSACTION_ID,TEXT,3
DBT,HOME_ROUTER_TABLE_DE,OTP_EXPIRY_TIME,TIMESTAMP_NTZ,4
DBT,HOME_ROUTER_TABLE_DE,ENTRYUNIXEPOCH,NUMBER,5
DBT,HOME_ROUTER_TABLE_DE,DEVICE_LIMIT,NUMBER,6
DBT,HOME_ROUTER_TABLE_DE,MOBILE,TEXT,7
DBT,HOME_ROUTER_TABLE_DE,AUTH_STATE,NUMBER,8
DBT,HOME_ROUTER_TABLE_DE,OTP,TEXT,9
DBT,HOME_ROUTER_TABLE_DE,IS_COMMISSION_ELIGIBLE,BOOLEAN,10
DBT,HOME_ROUTER_TABLE_DE,RECHARGE_ISP,BOOLEAN,11
DBT,HOME_ROUTER_TABLE_DE,DATA_PLAN,NUMBER,12
DBT,HOME_ROUTER_TABLE_DE,CREATED_BY,NUMBER,13
DBT,HOME_ROUTER_TABLE_DE,SELECTED_PLAN_ID,NUMBER,14
DBT,HOME_ROUTER_TABLE_DE,PLAN_INCREASED_IN_SEC,NUMBER,15
DBT,HOME_ROUTER_TABLE_DE,CHARGES,NUMBER,16
DBT,HOME_ROUTER_TABLE_DE,ROUTER_NAS_ID,NUMBER,17
DBT,HOME_ROUTER_TABLE_DE,CREATED_ON,TIMESTAMP_NTZ,18
DBT,HOME_ROUTER_TABLE_DE,EXTRA_DATA,TEXT,19
DBT,HOME_ROUTER_TABLE_DE,STORE_GROUP_ID,NUMBER,20
DBT,HOME_ROUTER_TABLE_DE,TIME_PLAN,NUMBER,21
DBT,HOME_ROUTER_TABLE_DE,UPDATED_BY,NUMBER,22
DBT,HOME_ROUTER_TABLE_DE,STATUS,TEXT,23
DBT,HOME_ROUTER_TABLE_DE,FIVETRAN_SYNCED,TIMESTAMP_TZ,24
DBT,HOURLY_DEVICE_PING_INFLUX,DEVICE_ID,TEXT,2
DBT,HOURLY_DEVICE_PING_INFLUX,OPTICAL_MIN,NUMBER,15
DBT,HOURLY_DEVICE_PING_INFLUX,OPTICAL_AVG,NUMBER,16
DBT,HOURLY_DEVICE_PING_INFLUX,OPTICAL_MAX,NUMBER,17
DBT,HOURLY_USAGE_PRORATED,ROUTERMAC,TEXT,5
DBT,HOURLY_USAGE_PRORATED,TOTAL_CONNECTED_DEVICES_HOURLY,NUMBER,9
DBT,INT_CHURNED,ROUTER_NAS_ID,NUMBER,2
DBT,INT_CUSTOMER_WINDOW,ROUTER_NAS_ID,NUMBER,1
DBT,INT_EARLIEST_START,ROUTER_NAS_ID,NUMBER,1
DBT,INT_IX_COMPANY_B,ROUTER_NAS_ID,NUMBER,1
DBT,INT_IX_DEVICE_PARTNER,ROUTER_NAS_ID,NUMBER,1
DBT,INT_IX_DEVICE_PLAN_SPEED,DEVICE_ID,TEXT,1
DBT,INT_IX_DEVICE_PLAN_SPEED,ROUTER_NAS_ID,NUMBER,2
DBT,INT_IX_DEVICE_RECHARGES,ROUTER_NAS_ID,NUMBER,1
DBT,INT_IX_DEVICE_RECOVERY_TIMES,DEVICE_ID,TEXT,2
DBT,INT_IX_FIRST_PAID_PAYG,ROUTER_NAS_ID,NUMBER,1
DBT,INT_IX_FREE_TRIAL_WINDOW,ROUTER_NAS_ID,NUMBER,1
DBT,INT_IX_LATEST_PLAN,ROUTER_NAS_ID,NUMBER,1
DBT,INT_IX_MIGRATION_BASE,ROUTER_NAS_ID,NUMBER,1
DBT,INT_IX_RECHARGE_RANKED,ROUTER_NAS_ID,NUMBER,1
DBT,INT_IX_SPEEDTEST_DAILY,DEVICE_ID,TEXT,2
DBT,INT_LAST_PLAN_IN_PERIOD,ROUTER_NAS_ID,NUMBER,1
DBT,INT_MATURED,ROUTER_NAS_ID,NUMBER,2
DBT,INT_MICRO_FUNNEL,VALIDATE_ROUTER_TIME,TIMESTAMP_NTZ,16
DBT,INT_MICRO_FUNNEL,DEVICE_READY_TIME,TIMESTAMP_NTZ,18
DBT,INT_NAS_REVENUE,ROUTER_NAS_ID,NUMBER,1
DBT,INT_PERIOD_PLANS,ROUTER_NAS_ID,NUMBER,1
DBT,INT_TRUM_PLANS_WITH_NEXT,ROUTER_NAS_ID,NUMBER,1
DBT,INT_WITH_NEXT,ROUTER_NAS_ID,NUMBER,2
DBT,NETBOX_DEVICE_ZONE_MAP,CONNECTION_ID,TEXT,1
DBT,NETBOX_DEVICE_ZONE_MAP,DEVICE_ID,TEXT,2
DBT,NETBOX_DEVICE_ZONE_MAP,CSP_ID,TEXT,3
DBT,NETBOX_DEVICE_ZONE_MAP,PARTNER_ID,NUMBER,4
DBT,NETBOX_DEVICE_ZONE_MAP,ZONE_ID,TEXT,5
DBT,NETBOX_DEVICE_ZONE_MAP,ZONE_NAME,TEXT,6
DBT,OPTICAL_OOR_DEVICE_PCT,DATE_IST,DATE,1
DBT,OPTICAL_OOR_DEVICE_PCT,OOR_DEVICE_COUNT,NUMBER,2
DBT,OPTICAL_OOR_DEVICE_PCT,TOTAL_DEVICES,NUMBER,3
DBT,OPTICAL_OOR_DEVICE_PCT,OOR_PCT,NUMBER,4
DBT,PARTNER_JANAM_KUNDLI,ACTIVE_CUSTOMER_WITH_OPTICAL_POWER,NUMBER,24
DBT,PARTNER_JANAM_KUNDLI,CLAIM_DEVICE_BONUS_M0,FLOAT,38
DBT,PARTNER_JANAM_KUNDLI,DEVICE_BONUS_M0,FLOAT,40
DBT,PARTNER_JANAM_KUNDLI,DEVICE_BONUS_M1,FLOAT,43
DBT,PARTNER_JANAM_KUNDLI,DEVICE_TICKET_M1,NUMBER,51
DBT,PARTNER_JANAM_KUNDLI,DEVICE_TICKET_SLA_M1,NUMBER,52
DBT,PARTNER_JANAM_KUNDLI,DEVICE_TICKET_M2,NUMBER,53
DBT,PARTNER_JANAM_KUNDLI,DEVICE_TICKET_SLA_M2,NUMBER,54
DBT,PARTNER_JANAM_KUNDLI,DEVICE_TICKET_M3,NUMBER,55
DBT,PARTNER_JANAM_KUNDLI,DEVICE_TICKET_SLA_M3,NUMBER,56
DBT,PARTNER_JANAM_KUNDLI,TOTAL_DEVICES,NUMBER,61
DBT,PARTNER_JANAM_KUNDLI,TOTAL_ROUTERS,NUMBER,68
DBT,PARTNER_JANAM_KUNDLI,ACTIVE_ROUTERS,NUMBER,69
DBT,PARTNER_JANAM_KUNDLI,CHURNED_ROUTERS,NUMBER,70
DBT,PARTNER_JANAM_KUNDLI,PARTNER_OFFICE_ROUTERS,NUMBER,71
DBT,PARTNER_JANAM_KUNDLI,REPAIR_ROUTERS,NUMBER,72
DBT,PARTNER_JANAM_KUNDLI,PARTNER_RECOVERED_ROUTERS,NUMBER,73
DBT,PAYG_MIGRATION_AUDIT,DEVICE_ID,TEXT,8
DBT,PING_FLAP_DEVICES,PING_FLAP_DEVICE_COUNT,NUMBER,2
DBT,PING_FLAP_DEVICES,PLAN_ACTIVE_DEVICES,NUMBER,3
DBT,PROFILE_LEAD_MODEL,ROUTER_NAS_ID,TEXT,60
DBT,PROFILE_LEAD_MODEL,DEVICE_ID,TEXT,61
DBT,PYROPS_RETURN_MODEL,DEVICE_ID,TEXT,5
DBT,PYROPS_RETURN_MODEL,DEVICE_TYPE,TEXT,6
DBT,PYROPS_RETURN_MODEL,DEVICE_CONDITION,TEXT,11
DBT,RMA_MODEL,RTV_SERIALNO,TEXT,5
DBT,RMA_MODEL,GRN_SERIALNO,TEXT,6
DBT,SECONDARY_TABLE_DE,DEVICE_LIMIT,NUMBER,6
DBT,SECONDARY_TABLE_DE,ROUTER_NAS_ID,NUMBER,17
DBT,SERVICE_TICKET_MODEL,ROUTER_NAS_ID,TEXT,18
DBT,SERVICE_TICKET_MODEL,DEVICE_ID,TEXT,19
DBT,SPEED_TEST_COVERAGE,DEVICES_TESTED,NUMBER,2
DBT,SPEED_TEST_COVERAGE,DEVICES_TESTED_V3,NUMBER,3
DBT,SPEED_TEST_COVERAGE,DEVICES_TESTED_LEGACY,NUMBER,4
DBT,STG_IX_DEVICE,DEVICE_ID,TEXT,1
DBT,STG_IX_DEVICE,DEVICE_FAMILY,TEXT,3
DBT,STG_IX_INCIDENTS,DEVICE_COUNT,NUMBER,7
DBT,STG_IX_INCIDENT_IMPACTED_DEVICE,DEVICE_ID,TEXT,2
DBT,STG_IX_PING_INFLUX,DEVICE_ID,TEXT,2
DBT,STG_IX_PING_INFLUX,DEVICE_FAMILY,TEXT,3
DBT,STG_IX_PING_INFLUX,OPTICAL_MIN,NUMBER,9
DBT,STG_IX_PING_INFLUX,OPTICAL_AVG,NUMBER,10
DBT,STG_IX_PING_INFLUX,OPTICAL_MAX,NUMBER,11
DBT,STG_IX_ROUTER_LOGS_SPEEDTEST,DEVICE_ID,TEXT,1
DBT,STG_IX_ROUTER_LOGS_SPEEDTEST,ADDED_TIME_IST,TIMESTAMP_NTZ,2
DBT,STG_IX_ROUTER_LOGS_SPEEDTEST,DATE_IST,DATE,3
DBT,STG_IX_ROUTER_LOGS_SPEEDTEST,EVENT_NAME,TEXT,4
DBT,STG_IX_ROUTER_LOGS_SPEEDTEST,IS_V3,BOOLEAN,5
DBT,STG_IX_ROUTER_LOGS_SPEEDTEST,SPEED_MBPS,FLOAT,6
DBT,STG_IX_ROUTER_LOGS_SPEEDTEST,JITTER_MS,FLOAT,7
DBT,STG_IX_ROUTER_LOGS_SPEEDTEST,LATENCY_MS,FLOAT,8
DBT,STG_IX_TRUM,ROUTER_NAS_ID,NUMBER,2
DBT,STG_PAYG_NAS,ROUTER_NAS_ID,NUMBER,1
DBT,STG_TRUM_FILTERED,ROUTER_NAS_ID,NUMBER,2
DBT,STG_TRUM_FILTERED,DEVICE_LIMIT,NUMBER,7
DBT,STG_TRUM_PLANS,ROUTER_NAS_ID,NUMBER,1
DBT,TASKVANILLA,DEVICE_ID,TEXT,20
DBT,TASKVANILLA,DEVICEID,TEXT,67
DBT,TASKVANILLA,DEVICE_PHOTO,TEXT,77
DBT,TASKVANILLA,OPTICALPOWER,TEXT,99
DBT,TASKVANILLA,ROUTER_MAC,TEXT,146
DBT,TASKVANILLA,OPTICAL_POWER_SOURCE,TEXT,148
DBT,TASKVANILLA_AUDIT,DEVICE_ID,TEXT,21
DBT,TASKVANILLA_AUDIT,DEVICEID,TEXT,68
DBT,TASKVANILLA_AUDIT,DEVICE_PHOTO,TEXT,78
DBT,TASKVANILLA_AUDIT,OPTICALPOWER,TEXT,100
DBT,TASKVANILLA_AUDIT,ROUTER_MAC,TEXT,147
DBT,TASKVANILLA_AUDIT,OPTICAL_POWER_SOURCE,TEXT,149
DBT,TICKETVANILLA,DEVICE_ID,TEXT,27
DBT,TICKETVANILLA_AUDIT,DEVICE_ID,TEXT,27
DBT,T_ROUTER_USER_MAPPING,ID,NUMBER,1
DBT,T_ROUTER_USER_MAPPING,OTP_ISSUED_TIME,TIMESTAMP_NTZ,2
DBT,T_ROUTER_USER_MAPPING,TRANSACTION_ID,TEXT,3
DBT,T_ROUTER_USER_MAPPING,OTP_EXPIRY_TIME,TIMESTAMP_NTZ,4
DBT,T_ROUTER_USER_MAPPING,ENTRYUNIXEPOCH,NUMBER,5
DBT,T_ROUTER_USER_MAPPING,DEVICE_LIMIT,NUMBER,6
DBT,T_ROUTER_USER_MAPPING,MOBILE,TEXT,7
DBT,T_ROUTER_USER_MAPPING,AUTH_STATE,NUMBER,8
DBT,T_ROUTER_USER_MAPPING,OTP,TEXT,9
DBT,T_ROUTER_USER_MAPPING,DATA_PLAN,NUMBER,10
DBT,T_ROUTER_USER_MAPPING,CREATED_BY,NUMBER,11
DBT,T_ROUTER_USER_MAPPING,SELECTED_PLAN_ID,NUMBER,12
DBT,T_ROUTER_USER_MAPPING,PLAN_INCREASED_IN_SEC,NUMBER,13
DBT,T_ROUTER_USER_MAPPING,CHARGES,FLOAT,14
DBT,T_ROUTER_USER_MAPPING,ROUTER_NAS_ID,NUMBER,15
DBT,T_ROUTER_USER_MAPPING,CREATED_ON,TIMESTAMP_NTZ,16
DBT,T_ROUTER_USER_MAPPING,EXTRA_DATA,TEXT,17
DBT,T_ROUTER_USER_MAPPING,STORE_GROUP_ID,NUMBER,18
DBT,T_ROUTER_USER_MAPPING,TIME_PLAN,NUMBER,19
DBT,T_ROUTER_USER_MAPPING,UPDATED_BY,NUMBER,20
DBT,T_ROUTER_USER_MAPPING,STATUS,TEXT,21
DBT,T_ROUTER_USER_MAPPING,RECHARGE_ISP,BOOLEAN,22
DBT,T_ROUTER_USER_MAPPING,IS_COMMISSION_ELIGIBLE,BOOLEAN,23
DBT,T_WG_CUSTOMER,DEVICE_ID,TEXT,7
DBT,V_DEVICE_LAST_PING,DEVICE_ID,TEXT,2
DS_TABLES,T_USAGE_DATA,ROUTER_NAS_ID,TEXT,1
DS_TABLES,T_USAGE_DATA,MAC,TEXT,6
DS_TABLES,T_USAGE_DATA,ROUTER_SESSION,BOOLEAN,14
DS_TABLES,T_USAGE_DATA,ROUTER_LOGS,TEXT,16
DS_TABLES,T_USAGE_DATA_USER_SESSIONS_AGGREGATED,MAC,TEXT,4
DYNAMODB,ACCOUNT_WALLET_HISTORY,DEVICE_ID,TEXT,11
DYNAMODB,BOOKING,DEVICE_ID,TEXT,18
DYNAMODB,BOOKING,ONT,NUMBER,52
DYNAMODB,CUSTOMER,DEVICE_ID,TEXT,8
DYNAMODB,CUSTOMER_V_2,DEVICE_ID,TEXT,16
DYNAMODB,HOME_ROUTER_PLAN_INFO,ENTRY_UNIX_EPOCH_TIME,NUMBER,1
DYNAMODB,HOME_ROUTER_PLAN_INFO,NAS_ID,NUMBER,2
DYNAMODB,HOME_ROUTER_PLAN_INFO,_FIVETRAN_SYNCED,TIMESTAMP_TZ,3
DYNAMODB,HOME_ROUTER_PLAN_INFO,DATA,VARIANT,4
DYNAMODB,HOME_ROUTER_PLAN_INFO,_FIVETRAN_DELETED,BOOLEAN,5
DYNAMODB,HOME_ROUTER_PLAN_INFO,PLAN_START_TIME,TIMESTAMP_TZ,6
DYNAMODB,HOME_ROUTER_PLAN_INFO,DATA_LIMIT,NUMBER,7
DYNAMODB,HOME_ROUTER_PLAN_INFO,SOURCE,TEXT,8
DYNAMODB,HOME_ROUTER_PLAN_INFO,LCO_ACCOUNT_ID,NUMBER,9
DYNAMODB,HOME_ROUTER_PLAN_INFO,PLAN_AMOUNT,NUMBER,10
DYNAMODB,HOME_ROUTER_PLAN_INFO,CASH_FEE,NUMBER,11
DYNAMODB,HOME_ROUTER_PLAN_INFO,TOTAL_PAID,NUMBER,13
DYNAMODB,HOME_ROUTER_PLAN_INFO,CONNECTION,TEXT,14
DYNAMODB,HOME_ROUTER_PLAN_INFO,TRANSACTION_ID,TEXT,15
DYNAMODB,HOME_ROUTER_PLAN_INFO,CREATED_TIME,TIMESTAMP_TZ,16
DYNAMODB,HOME_ROUTER_PLAN_INFO,FIRST_RECHARGE_TIME,TIMESTAMP_TZ,17
DYNAMODB,HOME_ROUTER_PLAN_INFO,PAYMENT_MODE,TEXT,18
DYNAMODB,HOME_ROUTER_PLAN_INFO,DEVICE_ID,TEXT,19
DYNAMODB,HOME_ROUTER_PLAN_INFO,DEVICE_LIMIT,NUMBER,20
DYNAMODB,HOME_ROUTER_PLAN_INFO,MOBILE,TEXT,21
DYNAMODB,HOME_ROUTER_PLAN_INFO,OTP,TEXT,22
DYNAMODB,HOME_ROUTER_PLAN_INFO,PLAN_INCREASED_IN_SEC,NUMBER,23
DYNAMODB,HOME_ROUTER_PLAN_INFO,CHARGES,NUMBER,24
DYNAMODB,HOME_ROUTER_PLAN_INFO,ACCOUNT_ID,NUMBER,25
DYNAMODB,HOME_ROUTER_PLAN_INFO,TIME_PLAN,NUMBER,26
DYNAMODB,HOME_ROUTER_PLAN_INFO,SPEED_MBPS,NUMBER,27
DYNAMODB,HOME_ROUTER_PLAN_INFO,PLAN_ID,NUMBER,28
DYNAMODB,HOME_ROUTER_PLAN_INFO,IS_COMMISSION_ELIGIBLE,BOOLEAN,30
DYNAMODB,HOME_ROUTER_PLAN_INFO,RECHARGE_ISP,BOOLEAN,34
DYNAMODB,HOME_ROUTER_PLAN_INFO,PLAN_END_TIME,TEXT,35
DYNAMODB,HOME_ROUTER_PLAN_INFO,ENTRY_DATE,TEXT,36
DYNAMODB,HOME_ROUTER_PLAN_INFO,COUPON_IDS,VARIANT,37
DYNAMODB,HOME_ROUTER_PLAN_INFO,COUPON_DISCOUNT,NUMBER,39
DYNAMODB,IN_P_INCENTIVE_PROCESSING_SCHEDULE,DEVICE_ID,TEXT,6
DYNAMODB,IN_P_INCENTIVE_PROCESSING_SCHEDULE,OPTICAL_POWER,NUMBER,12
DYNAMODB,LOST_DEVICE_HISTORY,DEVICE_ID,TEXT,1
DYNAMODB,PARTNER_BONUS_DISBURSEMENT,DEVICE_ID,TEXT,10
DYNAMODB,PARTNER_DEVICE_BONUS_DISBURSEMENT,DEVICE_ID,TEXT,10
DYNAMODB,PARTNER_TAX_DETAILS,ROUTER_RENT,NUMBER,9
DYNAMODB,PARTNER_TAX_DETAILS,DEVICE_ID,TEXT,11
DYNAMODB,PARTNER_WORK_BONUS_DISBURSEMENT,DEVICE_ID,TEXT,10
DYNAMODB,ROUTER_OPERATION,DEVICE_ID,TEXT,1
DYNAMODB,ROUTER_OPERATION,TICKS,NUMBER,2
DYNAMODB,ROUTER_OPERATION,_FIVETRAN_SYNCED,TIMESTAMP_TZ,3
DYNAMODB,ROUTER_OPERATION,DATA,VARIANT,4
DYNAMODB,ROUTER_OPERATION,_FIVETRAN_DELETED,BOOLEAN,5
DYNAMODB,ROUTER_OPERATION,OPERATION_TYPE,NUMBER,6
DYNAMODB,ROUTER_OPERATION,OPERATION_PARAMETER,TEXT,7
DYNAMODB,ROUTER_OPERATION,OPERATION_PUBLISH_TIME,TIMESTAMP_TZ,8
DYNAMODB,ROUTER_OPERATION,OPERATION_EXPIRY_TIME,TIMESTAMP_TZ,9
DYNAMODB,ROUTER_OPERATION,TTL,NUMBER,10
DYNAMODB,ROUTER_OPERATION,OPERATION_FINISH_TIME,TIMESTAMP_TZ,11
DYNAMODB,ROUTER_OPERATION,STATUS,NUMBER,12
DYNAMODB,SECONDARY_SIGNAL_ROUTER_PLAN_INFO,ENTRY_UNIX_EPOCH_TIME,NUMBER,1
DYNAMODB,SECONDARY_SIGNAL_ROUTER_PLAN_INFO,MOBILE,TEXT,2
DYNAMODB,SECONDARY_SIGNAL_ROUTER_PLAN_INFO,_FIVETRAN_SYNCED,TIMESTAMP_TZ,3
DYNAMODB,SECONDARY_SIGNAL_ROUTER_PLAN_INFO,DATA,VARIANT,4
DYNAMODB,SECONDARY_SIGNAL_ROUTER_PLAN_INFO,_FIVETRAN_DELETED,BOOLEAN,5
DYNAMODB,SECONDARY_SIGNAL_ROUTER_PLAN_INFO,TRANSACTION_ID,TEXT,6
DYNAMODB,SECONDARY_SIGNAL_ROUTER_PLAN_INFO,CREATED_TIME,TIMESTAMP_TZ,7
DYNAMODB,SECONDARY_SIGNAL_ROUTER_PLAN_INFO,FIRST_RECHARGE_TIME,TIMESTAMP_TZ,8
DYNAMODB,SECONDARY_SIGNAL_ROUTER_PLAN_INFO,PAYMENT_MODE,TEXT,9
DYNAMODB,SECONDARY_SIGNAL_ROUTER_PLAN_INFO,PLAN_START_TIME,TIMESTAMP_TZ,10
DYNAMODB,SECONDARY_SIGNAL_ROUTER_PLAN_INFO,DATA_LIMIT,NUMBER,11
DYNAMODB,SECONDARY_SIGNAL_ROUTER_PLAN_INFO,DEVICE_LIMIT,NUMBER,12
DYNAMODB,SECONDARY_SIGNAL_ROUTER_PLAN_INFO,OTP,TEXT,14
DYNAMODB,SECONDARY_SIGNAL_ROUTER_PLAN_INFO,SOURCE,TEXT,15
DYNAMODB,SECONDARY_SIGNAL_ROUTER_PLAN_INFO,LCO_ACCOUNT_ID,NUMBER,16
DYNAMODB,SECONDARY_SIGNAL_ROUTER_PLAN_INFO,CASH_FEE,NUMBER,18
DYNAMODB,SECONDARY_SIGNAL_ROUTER_PLAN_INFO,ENTRY_DATE,TIMESTAMP_TZ,19
DYNAMODB,SECONDARY_SIGNAL_ROUTER_PLAN_INFO,CHARGES,NUMBER,21
DYNAMODB,SECONDARY_SIGNAL_ROUTER_PLAN_INFO,TIME_PLAN,NUMBER,23
DYNAMODB,SECONDARY_SIGNAL_ROUTER_PLAN_INFO,LONG_SECONDARY_NAS,NUMBER,24
DYNAMODB,SECONDARY_SIGNAL_ROUTER_PLAN_INFO,NAS_ID,NUMBER,25
DYNAMODB,SECONDARY_SIGNAL_ROUTER_PLAN_INFO,SPEED_MBPS,NUMBER,26
DYNAMODB,SECONDARY_SIGNAL_ROUTER_PLAN_INFO,PLAN_ID,NUMBER,27
DYNAMODB,SECONDARY_SIGNAL_ROUTER_PLAN_INFO,PLAN_END_TIME,TIMESTAMP_TZ,28
DYNAMODB,SECONDARY_SIGNAL_ROUTER_PLAN_INFO,STATUS,TEXT,29
DYNAMODB,SECONDARY_SIGNAL_ROUTER_PLAN_INFO,CONNECTION,TEXT,31
DYNAMODB,SECONDARY_SIGNAL_ROUTER_PLAN_INFO,TOTAL_PAID,NUMBER,32
DYNAMODB,SECONDARY_SIGNAL_ROUTER_PLAN_INFO,PLAN_AMOUNT,NUMBER,33
DYNAMODB,SECONDARY_SIGNAL_ROUTER_PLAN_INFO,AUTH_STATE,NUMBER,34
DYNAMODB,SECONDARY_SIGNAL_ROUTER_PLAN_INFO,UPDATE_AT,TIMESTAMP_TZ,36
DYNAMODB,SECONDARY_SIGNAL_ROUTER_PLAN_INFO,PLAN_NAME,TEXT,37
DYNAMODB,SECONDARY_SIGNAL_ROUTER_PLAN_INFO,FLOW,TEXT,39
DYNAMODB,SECONDARY_SIGNAL_ROUTER_PLAN_INFO,PLAN_INCREASED_IN_SEC,NUMBER,40
DYNAMODB,TASKS_ROUTER_CONNECTIONS_AUDIT,ID,NUMBER,1
DYNAMODB,TASKS_ROUTER_CONNECTIONS_AUDIT,_FIVETRAN_SYNCED,TIMESTAMP_TZ,2
DYNAMODB,TASKS_ROUTER_CONNECTIONS_AUDIT,DATA,VARIANT,3
DYNAMODB,TASKS_ROUTER_CONNECTIONS_AUDIT,_FIVETRAN_DELETED,BOOLEAN,4
DYNAMODB,TASKS_ROUTER_CONNECTIONS_AUDIT,RESPONSE_DATA,VARIANT,5
DYNAMODB,TASKS_ROUTER_CONNECTIONS_AUDIT,PARTNER_ID,NUMBER,6
DYNAMODB,TASKS_ROUTER_CONNECTIONS_AUDIT,CREATED,TIMESTAMP_TZ,7
DYNAMODB,TASKS_ROUTER_CONNECTIONS_AUDIT,REQUEST_PAYLOAD,VARIANT,8
DYNAMODB,TASK_PERFORMANCE,CUSTOMER_DEVICE_ID,TEXT,6
DYNAMODB,T_TRANSACTIONS,DEVICE_IDS,VARIANT,25
DYNAMODB,T_TRANSACTIONS,DEVICE_PERCENTAGE,NUMBER,27
DYNAMODB,USER_ACTIVITY,MAC,TEXT,1
PUBLIC,ACTIVE_CUST,DEVICE_ID,TEXT,5
PUBLIC,ACTIVE_CUST,OPTICAL_POWER_RX,TEXT,16
PUBLIC,ACTIVE_CUST,OPTICAL_POWER_TX,TEXT,17
PUBLIC,ACTIVE_CUST,DEVICE_TYPE,TEXT,21
PUBLIC,AUTOPAY_PAYMENT_HEALTH_DAILY,D1_SIGNAL,TEXT,11
PUBLIC,AUTOPAY_PAYMENT_HEALTH_DAILY,SIGNAL,TEXT,20
PUBLIC,AUTOPAY_PAYMENT_HEALTH_WEEKLY,SIGNAL,TEXT,14
PUBLIC,B2I_FUNNEL_PBI,DEVICE_PHOTO_AT,TIMESTAMP_NTZ,28
PUBLIC,B2I_NEW,TAT_SHARED_TO_VALIDATE_ROUTER_MINS,NUMBER,55
PUBLIC,B2I_NEW,VALIDATE_ROUTER_TIME,TIMESTAMP_NTZ,56
PUBLIC,B2I_NEW,TAT_WIFI_TO_DEVICE_READY_MINS,NUMBER,59
PUBLIC,B2I_NEW,DEVICE_READY_TIME,TIMESTAMP_NTZ,60
PUBLIC,B2I_NEW,TAT_DEVICE_READY_TO_CONN_MINS,NUMBER,61
PUBLIC,B2I_NEW,TAT_CONN_TO_DEVICE_PHOTO_MINS,NUMBER,63
PUBLIC,B2I_NEW,DEVICE_PHOTO_TIME,TIMESTAMP_NTZ,64
PUBLIC,B2I_NEW,TAT_DEVICE_PHOTO_TO_SPEED_TEST_MINS,NUMBER,65
PUBLIC,BACKUP_KAPTURE_PARTNER_TICKETS_REPORT_6_MAY,DEVICE_ID,TEXT,69
PUBLIC,BACKUP_KAPTURE_PARTNER_TICKETS_REPORT_6_MAY,CUSTOMER_DEVICE_ID,TEXT,76
PUBLIC,BACKUP_KAPTURE_PARTNER_TICKETS_REPORT_6_MAY,DEVICE_ID_1,TEXT,99
PUBLIC,BANDSTEERING_DAILY,DEVICEID,TEXT,1
PUBLIC,BOOKINGVANILLA,DEVICE_ID,TEXT,40
PUBLIC,BOOKINGVANILLA,DEVICE,TEXT,130
PUBLIC,BOOKINGVANILLA,ROUTERMAC,TEXT,132
PUBLIC,BOOKINGVANILLA,DEVICEID,TEXT,133
PUBLIC,BOOKINGVANILLA_AUDIT,DEVICE_ID,TEXT,40
PUBLIC,BOOKINGVANILLA_AUDIT,DEVICE,TEXT,130
PUBLIC,BOOKINGVANILLA_AUDIT,ROUTERMAC,TEXT,132
PUBLIC,BOOKINGVANILLA_AUDIT,DEVICEID,TEXT,133
PUBLIC,BOOKINGVANILLA_AUDIT_HISTORY_BEFORE_2024_02_01,DEVICE_ID,TEXT,40
PUBLIC,BOOKINGVANILLA_AUDIT_HISTORY_BEFORE_2024_02_01,DEVICE,TEXT,130
PUBLIC,BOOKINGVANILLA_AUDIT_HISTORY_BEFORE_2024_02_01,ROUTERMAC,TEXT,132
PUBLIC,BOOKINGVANILLA_AUDIT_HISTORY_BEFORE_2024_02_01,DEVICEID,TEXT,133
PUBLIC,BOOKINGVANILLA_AUDIT_TEST_DE,DEVICE_ID,TEXT,40
PUBLIC,BOOKINGVANILLA_AUDIT_TEST_DE,DEVICE,TEXT,130
PUBLIC,BOOKINGVANILLA_AUDIT_TEST_DE,ROUTERMAC,TEXT,132
PUBLIC,BOOKINGVANILLA_AUDIT_TEST_DE,DEVICEID,TEXT,133
PUBLIC,BOOKINGVANILLA_TEST_DE,DEVICE_ID,TEXT,40
PUBLIC,BOOKINGVANILLA_TEST_DE,DEVICE,TEXT,130
PUBLIC,BOOKINGVANILLA_TEST_DE,ROUTERMAC,TEXT,132
PUBLIC,BOOKINGVANILLA_TEST_DE,DEVICEID,TEXT,133
PUBLIC,BOOKING_DEVICE_DAILY_TEST,DEVICE_ID,TEXT,2
PUBLIC,CHURN_DEVICE_DASHBOARD_SF_DF,ROUTER_NAS_ID,NUMBER,3
PUBLIC,CHURN_DEVICE_DASHBOARD_SF_DF,DEVICE_ID,TEXT,5
PUBLIC,CHURN_DEVICE_DASHBOARD_SF_DF1,ROUTER_NAS_ID,NUMBER,2
PUBLIC,CHURN_DEVICE_DASHBOARD_SF_DF1_NEW,ROUTER_NAS_ID,NUMBER,2
PUBLIC,CHURN_DEVICE_DASHBOARD_SF_DF1_PRE_MIGRATION,ROUTER_NAS_ID,NUMBER,2
PUBLIC,CHURN_DEVICE_DASHBOARD_SF_RAW_CUSTOMER_CHURN,DEVICE_ID,TEXT,5
PUBLIC,CHURN_DEVICE_DASHBOARD_SF_RAW_CUSTOMER_CHURN,DEVICE_LOCATION,TEXT,11
PUBLIC,CHURN_DEVICE_DASHBOARD_SF_TRANSITIONS,DEVICE_ID,TEXT,3
PUBLIC,CHURN_FACT_TABLE,ROUTER_NAS_ID,NUMBER,2
PUBLIC,COMBINED_T_WG_CUSTOMER,DEVICE_ID,TEXT,6
PUBLIC,COMPANY_B_CONNECTION_CONNECTION_FUNNEL_WTD,Signal,TEXT,9
PUBLIC,COMPANY_B_MIGRATION_DAILY,Signal,TEXT,9
PUBLIC,COMPANY_B_MIGRATION_NEW_VS_MIGR,Signal,TEXT,5
PUBLIC,COMPANY_B_MIGRATION_PLAN_RENEWALS,SIGNAL,TEXT,9
PUBLIC,COMPANY_B_WAR_ROOM_LAYER3,Signal,TEXT,9
PUBLIC,COMPLAINTS_NQT,DEVICE_ID,TEXT,14
PUBLIC,COMPLIANCE_CUSTOMER_SIGNALS,ID,NUMBER,1
PUBLIC,COMPLIANCE_CUSTOMER_SIGNALS,PARTNER_SIGNAL_ID,NUMBER,2
PUBLIC,COMPLIANCE_CUSTOMER_SIGNALS,SIGNAL_CODE,TEXT,3
PUBLIC,COMPLIANCE_CUSTOMER_SIGNALS,PERIOD,TEXT,4
PUBLIC,COMPLIANCE_CUSTOMER_SIGNALS,PARTNER_ACCOUNT_ID,NUMBER,5
PUBLIC,COMPLIANCE_CUSTOMER_SIGNALS,CUSTOMER_MOBILE,TEXT,6
PUBLIC,COMPLIANCE_CUSTOMER_SIGNALS,CUSTOMER_ACCOUNT_ID,NUMBER,7
PUBLIC,COMPLIANCE_CUSTOMER_SIGNALS,DEVICE_ID,TEXT,8
PUBLIC,COMPLIANCE_CUSTOMER_SIGNALS,NAS_ID,TEXT,9
PUBLIC,COMPLIANCE_CUSTOMER_SIGNALS,METRIC_VALUE,FLOAT,10
PUBLIC,COMPLIANCE_CUSTOMER_SIGNALS,EVIDENCE,TEXT,11
PUBLIC,COMPLIANCE_CUSTOMER_SIGNALS,RAW_DATA,VARIANT,12
PUBLIC,COMPLIANCE_CUSTOMER_SIGNALS,GENERATED_AT,TIMESTAMP_NTZ,13
PUBLIC,COMPLIANCE_CUSTOMER_SIGNALS,BATCH_ID,TEXT,14
PUBLIC,COMPLIANCE_PARTNER_SIGNALS,ID,NUMBER,1
PUBLIC,COMPLIANCE_PARTNER_SIGNALS,SIGNAL_CODE,TEXT,2
PUBLIC,COMPLIANCE_PARTNER_SIGNALS,PERIOD,TEXT,3
PUBLIC,COMPLIANCE_PARTNER_SIGNALS,PARTNER_ACCOUNT_ID,NUMBER,4
PUBLIC,COMPLIANCE_PARTNER_SIGNALS,PARTNER_NAME,TEXT,5
PUBLIC,COMPLIANCE_PARTNER_SIGNALS,CLUSTER,TEXT,6
PUBLIC,COMPLIANCE_PARTNER_SIGNALS,CITY,TEXT,7
PUBLIC,COMPLIANCE_PARTNER_SIGNALS,METRIC_VALUE,FLOAT,8
PUBLIC,COMPLIANCE_PARTNER_SIGNALS,PEER_BENCHMARK,FLOAT,9
PUBLIC,COMPLIANCE_PARTNER_SIGNALS,SEVERITY,TEXT,10
PUBLIC,COMPLIANCE_PARTNER_SIGNALS,EVIDENCE,TEXT,11
PUBLIC,COMPLIANCE_PARTNER_SIGNALS,CUSTOMER_COUNT,NUMBER,12
PUBLIC,COMPLIANCE_PARTNER_SIGNALS,RAW_DATA,VARIANT,13
PUBLIC,COMPLIANCE_PARTNER_SIGNALS,GENERATED_AT,TIMESTAMP_NTZ,14
PUBLIC,COMPLIANCE_PARTNER_SIGNALS,BATCH_ID,TEXT,15
PUBLIC,COMPLIANCE_SIGNAL_REGISTRY,SIGNAL_CODE,TEXT,1
PUBLIC,COMPLIANCE_SIGNAL_REGISTRY,NAME,TEXT,2
PUBLIC,COMPLIANCE_SIGNAL_REGISTRY,RESPONSIBILITY,TEXT,3
PUBLIC,COMPLIANCE_SIGNAL_REGISTRY,DESCRIPTION,TEXT,4
PUBLIC,COMPLIANCE_SIGNAL_REGISTRY,SQL_PROCEDURE,TEXT,5
PUBLIC,COMPLIANCE_SIGNAL_REGISTRY,IS_ACTIVE,BOOLEAN,6
PUBLIC,COMPLIANCE_SIGNAL_REGISTRY,ADDED_AT,TIMESTAMP_NTZ,7
PUBLIC,CONNECTION_FUNNEL_EXCL_CANCEL_WTD,SIGNAL,TEXT,9
PUBLIC,CTP_TICKET_INSTALL_REWARDCLAIM,DEVICE_BRAND,TEXT,5
PUBLIC,CTP_TICKET_INSTALL_REWARDCLAIM,DEVICE_MODEL,TEXT,6
PUBLIC,CTP_TICKET_INSTALL_REWARDCLAIM,DEVICE_NAME,TEXT,7
PUBLIC,CT_CUSTOMER_APP_EVENTS_MV,SUGGESTED_NETBOX_NAME_SELECTED,TEXT,90
PUBLIC,CT_CUSTOMER_APP_LAUNCH,DEVICE_ID,TEXT,2
PUBLIC,CT_CUSTOMER_APP_LAUNCH_1,DEVICE_ID,TEXT,2
PUBLIC,CT_CUSTOMER_CLICK_PAYG_PLANS_MV,DEVICE_ID,TEXT,4
PUBLIC,CT_CUSTOMER_HOME_PAGE_LOAD,DEVICE_ID,TEXT,2
PUBLIC,CT_CUSTOMER_HOME_PAGE_LOAD_1,DEVICE_ID,TEXT,2
PUBLIC,CT_CUSTOMER_PAGE_LOAD_MV,DEVICE_ID,TEXT,2
PUBLIC,CT_CUSTOMER_PAYG_MIGRATION_EVENTS_MV,DEVICE_ID,TEXT,12
PUBLIC,CT_CUSTOMER_PAYG_PAYMENT_EVENTS_MV,DEVICE_ID,TEXT,8
PUBLIC,CT_PARTENER_ISP_RECHARGE_VALIDATION,DEVICE_BRAND,TEXT,10
PUBLIC,CT_PARTENER_ISP_RECHARGE_VALIDATION,DEVICE_ID,TEXT,11
PUBLIC,CT_PARTENER_ISP_RECHARGE_VALIDATION,DEVICE_MODEL,TEXT,12
PUBLIC,CT_PARTENER_ISP_RECHARGE_VALIDATION,DEVICE_NAME,TEXT,13
PUBLIC,CT_PARTNER_APP_LAUNCH,DEVICE_BRAND,TEXT,6
PUBLIC,CT_PARTNER_APP_LAUNCH,DEVICE_MODEL,TEXT,7
PUBLIC,CT_PARTNER_APP_LAUNCH,DEVICE_NAME,TEXT,8
PUBLIC,CT_PARTNER_BOOKING_TO_INSTALL_MV,DEVICE_MODEL,TEXT,6
PUBLIC,CT_PARTNER_BOOKING_TO_INSTALL_MV,DEVICE_NAME,TEXT,14
PUBLIC,CT_PARTNER_BOOKING_TO_INSTALL_MV,DEVICE_BRAND,TEXT,24
PUBLIC,CT_PARTNER_BOOKING_TO_INSTALL_MV,DEVICE_ID,TEXT,102
PUBLIC,CT_PARTNER_BOOKING_TO_INSTALL_MV,ISXIAOMIDEVICE,TEXT,231
PUBLIC,CT_PARTNER_BOOKING_TO_INSTALL_MV,ISANDROIDGODEVICE,TEXT,240
PUBLIC,CT_PARTNER_BOOKING_TO_INSTALL_MV,ROUTER,TEXT,276
PUBLIC,CT_PARTNER_CSP_EDUCATION_EVENTS_MV,DEVICE_BRAND,TEXT,15
PUBLIC,CT_PARTNER_CSP_EDUCATION_EVENTS_MV,DEVICE_NAME,TEXT,16
PUBLIC,CT_PARTNER_CSP_EDUCATION_EVENTS_MV,DEVICE_MODEL,TEXT,17
PUBLIC,CT_PARTNER_CSP_EVENTS_MV,DEVICE_BRAND,TEXT,22
PUBLIC,CT_PARTNER_CSP_EVENTS_MV,DEVICE_MODEL,TEXT,23
PUBLIC,CT_PARTNER_CSP_EVENTS_MV,DEVICE_NAME,TEXT,24
PUBLIC,CT_PARTNER_CSP_EVENTS_MV,ISANDROIDGODEVICE,TEXT,43
PUBLIC,CT_PARTNER_CSP_EVENTS_MV,ISXIAOMIDEVICE,TEXT,45
PUBLIC,CT_PARTNER_FPN_MV,DEVICE_BRAND,TEXT,22
PUBLIC,CT_PARTNER_FPN_MV,DEVICE_MODEL,TEXT,23
PUBLIC,CT_PARTNER_FPN_MV,DEVICE_NAME,TEXT,24
PUBLIC,CT_PARTNER_FPN_MV,ISANDROIDGODEVICE,TEXT,43
PUBLIC,CT_PARTNER_FPN_MV,ISXIAOMIDEVICE,TEXT,45
PUBLIC,CT_PARTNER_ISP_RECHARGE_EVENTS_MV,DEVICE_OS,TEXT,57
PUBLIC,CT_PARTNER_ISP_RECHARGE_EVENTS_MV,DEVICE_BRAND,TEXT,58
PUBLIC,CT_PARTNER_ISP_ROUTER_MV,TIMESTAMP,TEXT,1
PUBLIC,CT_PARTNER_ISP_ROUTER_MV,EVENT_NAME,TEXT,2
PUBLIC,CT_PARTNER_ISP_ROUTER_MV,ACCOUNT_NAME,TEXT,3
PUBLIC,CT_PARTNER_ISP_ROUTER_MV,AGE,TEXT,4
PUBLIC,CT_PARTNER_ISP_ROUTER_MV,ANDROID_VERSION,TEXT,5
PUBLIC,CT_PARTNER_ISP_ROUTER_MV,APP_LANGUAGE,TEXT,6
PUBLIC,CT_PARTNER_ISP_ROUTER_MV,APP_NAME,TEXT,7
PUBLIC,CT_PARTNER_ISP_ROUTER_MV,APP_VERSION,TEXT,8
PUBLIC,CT_PARTNER_ISP_ROUTER_MV,CX_MOBILE,TEXT,9
PUBLIC,CT_PARTNER_ISP_ROUTER_MV,DEVICE_BRAND,TEXT,10
PUBLIC,CT_PARTNER_ISP_ROUTER_MV,DEVICE_ID,TEXT,11
PUBLIC,CT_PARTNER_ISP_ROUTER_MV,DEVICE_MODEL,TEXT,12
PUBLIC,CT_PARTNER_ISP_ROUTER_MV,DEVICE_NAME,TEXT,13
PUBLIC,CT_PARTNER_ISP_ROUTER_MV,EMAIL,TEXT,14
PUBLIC,CT_PARTNER_ISP_ROUTER_MV,IDENTITY_,TEXT,15
PUBLIC,CT_PARTNER_ISP_ROUTER_MV,INFO_,TEXT,16
PUBLIC,CT_PARTNER_ISP_ROUTER_MV,NO_OF_ROHITS,TEXT,17
PUBLIC,CT_PARTNER_ISP_ROUTER_MV,PARTNER_ACCOUNT_ID,TEXT,18
PUBLIC,CT_PARTNER_ISP_ROUTER_MV,PARTNER_ID,TEXT,19
PUBLIC,CT_PARTNER_ISP_ROUTER_MV,PARTNER_MOBILE,TEXT,20
PUBLIC,CT_PARTNER_ISP_ROUTER_MV,PARTNER_NAME,TEXT,21
PUBLIC,CT_PARTNER_ISP_ROUTER_MV,PARTNER_PLAN_TYPE,TEXT,22
PUBLIC,CT_PARTNER_ISP_ROUTER_MV,PHONE,TEXT,23
PUBLIC,CT_PARTNER_ISP_ROUTER_MV,SOURCE_,TEXT,24
PUBLIC,CT_PARTNER_ISP_ROUTER_MV,SYSTEM_LANG,TEXT,25
PUBLIC,CT_PARTNER_ISP_ROUTER_MV,TASK_ID,TEXT,26
PUBLIC,CT_PARTNER_ISP_ROUTER_MV,TIMESTAMP_,TEXT,27
PUBLIC,CT_PARTNER_ISP_ROUTER_MV,TYPE,TEXT,28
PUBLIC,CT_PARTNER_ISP_ROUTER_MV,USER_ACCESS,TEXT,29
PUBLIC,CT_PARTNER_ISP_ROUTER_MV,USER_ID,TEXT,30
PUBLIC,CT_PARTNER_ISP_ROUTER_MV,TIMER_COUNT,TEXT,31
PUBLIC,CT_PARTNER_ISP_ROUTER_MV,ERROR_VALUE,TEXT,32
PUBLIC,CT_PARTNER_NEW_GLOBAL_OCR_MV,DEVICE_BRAND,TEXT,12
PUBLIC,CT_PARTNER_NEW_GLOBAL_OCR_MV,DEVICE_NAME,TEXT,13
PUBLIC,CT_PARTNER_NEW_GLOBAL_OCR_MV,DEVICE_MODEL,TEXT,14
PUBLIC,CT_PARTNER_NEW_GLOBAL_OCR_MV,DEVICEID,TEXT,22
PUBLIC,CT_TV_TEMP,DEVICE_ID,TEXT,24
PUBLIC,CT_TV_TEMP,DEVICE_PERFORMANCE_TIER,TEXT,25
PUBLIC,CT_TV_TEMP,WIFI_RSSI_DBM,TEXT,94
PUBLIC,CUSTOMERVANILLA,DEVICE_ID,TEXT,42
PUBLIC,CUSTOMERVANILLA,OLD_DEVICE_ID,TEXT,72
PUBLIC,CUSTOMERVANILLA_AUDIT,DEVICE_ID,TEXT,42
PUBLIC,CUSTOMERVANILLA_AUDIT,OLD_DEVICE_ID,TEXT,72
PUBLIC,CUSTOMERVANILLA_AUDIT_BKP,DEVICE_ID,TEXT,42
PUBLIC,CUSTOMERVANILLA_AUDIT_BKP,OLD_DEVICE_ID,TEXT,72
PUBLIC,CUSTOMER_AUDIT,DEVICE_ID,TEXT,6
PUBLIC,CUSTOMER_BASE,LIVE_R25_DEVICES,TEXT,4
PUBLIC,CUSTOMER_BASE,PAYING_DEVICES,TEXT,6
PUBLIC,CUSTOMER_BASE,ACTIVE_R15_DEVICES,TEXT,8
PUBLIC,CUSTOMER_BASE_DBT,LIVE_R25_DEVICES,NUMBER,7
PUBLIC,CUSTOMER_BASE_DBT,PAYING_DEVICES,NUMBER,9
PUBLIC,CUSTOMER_BASE_DBT,ACTIVE_R15_DEVICES,NUMBER,11
PUBLIC,CUSTOMER_BASE_METRICS,LIVE_R25_DEVICES,NUMBER,7
PUBLIC,CUSTOMER_BASE_METRICS,PAYING_DEVICES,NUMBER,9
PUBLIC,CUSTOMER_BASE_METRICS,ACTIVE_R15_DEVICES,NUMBER,11
PUBLIC,CUSTOMER_BEHAVIORAL_PROFILE,ROUTER_NAS_ID,NUMBER,2
PUBLIC,CUSTOMER_BEHAVIORAL_PROFILE,DEVICES_AVG,NUMBER,25
PUBLIC,CUSTOMER_BEHAVIORAL_PROFILE_DAILY,ROUTER_NAS_ID,TEXT,3
PUBLIC,CUSTOMER_BEHAVIORAL_PROFILE_DAILY,DEVICES_AVG,FLOAT,26
PUBLIC,CUSTOMER_DATA_USAGE,DEVICE_ID,TEXT,3
PUBLIC,CUSTOMER_ENRICHED_DBT,DEVICE_ID,TEXT,4
PUBLIC,CUSTOMER_MIGRATION_TABLE,DEVICE_ID,TEXT,2
PUBLIC,CUSTOMER_PROFILE_MODEL,ROUTER_NAS_ID_INSTALLATION,NUMBER,19
PUBLIC,CUSTOMER_PROFILE_MODEL,ROUTER_NAS_ID_CURRENT,NUMBER,25
PUBLIC,CUSTOMER_PROFILE_MODEL_PRE_MIGRATION,ROUTER_NAS_ID_INSTALLATION,NUMBER,19
PUBLIC,CUSTOMER_PROFILE_MODEL_PRE_MIGRATION,ROUTER_NAS_ID_CURRENT,NUMBER,25
PUBLIC,CUSTOMER_QUEUE_REPORTING_60DAYS,DEVICE_ID,TEXT,69
PUBLIC,CUSTOMER_QUEUE_REPORTING_60DAYS_NEW2,DEVICE_ID,TEXT,69
PUBLIC,CUSTOMER_SEGMENT,DEVICE_ID,TEXT,22
PUBLIC,CX_COMPLAINT_QUEUE_LAST60DAYS,Device ID,TEXT,69
PUBLIC,DAILY_DATA_USAGE_DT,MAC,TEXT,6
PUBLIC,DAILY_DATA_USAGE_DT,ROUTER_MAC,TEXT,8
PUBLIC,DAILY_USAGE_L1,ROUTERMAC,TEXT,3
PUBLIC,DAILY_USAGE_L1,TOTAL_CONNECTED_DEVICES_DAILY,NUMBER,7
PUBLIC,DAILY_USAGE_L1_DT,ROUTERMAC,TEXT,3
PUBLIC,DAILY_USAGE_L1_DT,TOTAL_CONNECTED_DEVICES_DAILY,NUMBER,7
PUBLIC,DEVICE_CHALLAN_MAPPING,DEVICE_ID,TEXT,2
PUBLIC,DEVICE_INVOICE_SERIAL_NUMBER_WISE,SERIAL,TEXT,1
PUBLIC,DEVICE_LEVEL_ACTIVE_COUNT,DEVICE_TYPE,TEXT,2
PUBLIC,DEVICE_RAW_AGG_DOD,DEVICE_TYPE,TEXT,2
PUBLIC,DEVICE_RAW_AGG_DOD,DEVICE_ID,NUMBER,15
PUBLIC,DEVICE_RAW_AGG_DOD,ROUTERS_AT_WH,NUMBER,18
PUBLIC,DEVICE_RAW_AGG_OKR_4A,DEVICE_TYPE,TEXT,2
PUBLIC,DEVICE_RAW_AGG_OKR_4A,DEVICE_ID,NUMBER,15
PUBLIC,DEVICE_RAW_AGG_OKR_4A,ROUTERS_AT_WH,NUMBER,18
PUBLIC,DEVICE_STATUS_FEB25,DEVICE_ID,TEXT,1
PUBLIC,DEVICE_STATUS_FEB25,DEVICE_STATUS,TEXT,3
PUBLIC,DUMMY_ROUTER_USER_MAPPING_STREAM_I2E1,ID,NUMBER,1
PUBLIC,DUMMY_ROUTER_USER_MAPPING_STREAM_SHARD_01,ID,NUMBER,1
PUBLIC,DUMMY_T_CONTROLLER_STREAM_I2E1,ROUTER_NAS_ID,NUMBER,1
PUBLIC,DUMMY_T_CONTROLLER_STREAM_SHARD_01,ROUTER_NAS_ID,NUMBER,1
PUBLIC,DYNAMODB_BOOKING_TEST_DE,DEVICE_ID,TEXT,12
PUBLIC,DYNAMODB_BOOKING_TEST_DE,ONT,NUMBER,42
PUBLIC,DYNAMODB_BOOKING_TEST_DE_DUMP,DEVICE_ID,TEXT,40
PUBLIC,DYNAMODB_BOOKING_TEST_DE_DUMP,DEVICE,TEXT,129
PUBLIC,DYNAMODB_BOOKING_TEST_DE_DUMP,ROUTERMAC,TEXT,131
PUBLIC,DYNAMODB_BOOKING_TEST_DE_DUMP,DEVICEID,TEXT,132
PUBLIC,DYNAMO_BOOKING,DEVICE_ID,TEXT,45
PUBLIC,DYNAMO_BOOKING,ONT,NUMBER,60
PUBLIC,DYNAMO_BOOKING_AUDIT,DEVICE_ID,TEXT,12
PUBLIC,DYNAMO_BOOKING_AUDIT,ONT,NUMBER,42
PUBLIC,DYNAMO_CUSTOMER,DEVICE_ID,TEXT,14
PUBLIC,DYNAMO_CUSTOMER_AUDIT,DEVICE_ID,TEXT,7
PUBLIC,DYNAMO_HOME_ROUTER_PLAN_INFO,ENTRY_UNIX_EPOCH_TIME,NUMBER,1
PUBLIC,DYNAMO_HOME_ROUTER_PLAN_INFO,NAS_ID,NUMBER,2
PUBLIC,DYNAMO_HOME_ROUTER_PLAN_INFO,_FIVETRAN_SYNCED,TIMESTAMP_TZ,3
PUBLIC,DYNAMO_HOME_ROUTER_PLAN_INFO,DATA,VARIANT,4
PUBLIC,DYNAMO_HOME_ROUTER_PLAN_INFO,_FIVETRAN_DELETED,BOOLEAN,5
PUBLIC,DYNAMO_HOME_ROUTER_PLAN_INFO,PLAN_START_TIME,TIMESTAMP_TZ,6
PUBLIC,DYNAMO_HOME_ROUTER_PLAN_INFO,DATA_LIMIT,NUMBER,7
PUBLIC,DYNAMO_HOME_ROUTER_PLAN_INFO,SOURCE,TEXT,8
PUBLIC,DYNAMO_HOME_ROUTER_PLAN_INFO,LCO_ACCOUNT_ID,NUMBER,9
PUBLIC,DYNAMO_HOME_ROUTER_PLAN_INFO,PLAN_AMOUNT,NUMBER,10
PUBLIC,DYNAMO_HOME_ROUTER_PLAN_INFO,CASH_FEE,NUMBER,11
PUBLIC,DYNAMO_HOME_ROUTER_PLAN_INFO,ENTRY_DATE,TIMESTAMP_TZ,12
PUBLIC,DYNAMO_HOME_ROUTER_PLAN_INFO,TOTAL_PAID,NUMBER,13
PUBLIC,DYNAMO_HOME_ROUTER_PLAN_INFO,CONNECTION,TEXT,14
PUBLIC,DYNAMO_HOME_ROUTER_PLAN_INFO,TRANSACTION_ID,TEXT,15
PUBLIC,DYNAMO_HOME_ROUTER_PLAN_INFO,CREATED_TIME,TIMESTAMP_TZ,16
PUBLIC,DYNAMO_HOME_ROUTER_PLAN_INFO,FIRST_RECHARGE_TIME,TIMESTAMP_TZ,17
PUBLIC,DYNAMO_HOME_ROUTER_PLAN_INFO,PAYMENT_MODE,TEXT,18
PUBLIC,DYNAMO_HOME_ROUTER_PLAN_INFO,DEVICE_ID,TEXT,19
PUBLIC,DYNAMO_HOME_ROUTER_PLAN_INFO,DEVICE_LIMIT,NUMBER,20
PUBLIC,DYNAMO_HOME_ROUTER_PLAN_INFO,MOBILE,TEXT,21
PUBLIC,DYNAMO_HOME_ROUTER_PLAN_INFO,OTP,TEXT,22
PUBLIC,DYNAMO_HOME_ROUTER_PLAN_INFO,PLAN_INCREASED_IN_SEC,NUMBER,23
PUBLIC,DYNAMO_HOME_ROUTER_PLAN_INFO,CHARGES,NUMBER,24
PUBLIC,DYNAMO_HOME_ROUTER_PLAN_INFO,ACCOUNT_ID,NUMBER,25
PUBLIC,DYNAMO_HOME_ROUTER_PLAN_INFO,TIME_PLAN,NUMBER,26
PUBLIC,DYNAMO_HOME_ROUTER_PLAN_INFO,SPEED_MBPS,NUMBER,27
PUBLIC,DYNAMO_HOME_ROUTER_PLAN_INFO,PLAN_ID,NUMBER,28
PUBLIC,DYNAMO_HOME_ROUTER_PLAN_INFO,PLAN_END_TIME,TIMESTAMP_TZ,29
PUBLIC,DYNAMO_HOME_ROUTER_PLAN_INFO,IS_COMMISSION_ELIGIBLE,BOOLEAN,30
PUBLIC,DYNAMO_HOME_ROUTER_PLAN_INFO_AUDIT,ENTRY_UNIX_EPOCH_TIME,NUMBER,1
PUBLIC,DYNAMO_HOME_ROUTER_PLAN_INFO_AUDIT,NAS_ID,NUMBER,2
PUBLIC,DYNAMO_HOME_ROUTER_PLAN_INFO_AUDIT,_FIVETRAN_SYNCED,TIMESTAMP_TZ,3
PUBLIC,DYNAMO_HOME_ROUTER_PLAN_INFO_AUDIT,DATA_LIMIT,NUMBER,4
PUBLIC,DYNAMO_HOME_ROUTER_PLAN_INFO_AUDIT,SPEED_MBPS,NUMBER,5
PUBLIC,DYNAMO_HOME_ROUTER_PLAN_INFO_AUDIT,PLAN_ID,NUMBER,6
PUBLIC,DYNAMO_HOME_ROUTER_PLAN_INFO_AUDIT,ACCOUNT_ID,NUMBER,7
PUBLIC,DYNAMO_HOME_ROUTER_PLAN_INFO_AUDIT,PLAN_START_TIME,TIMESTAMP_TZ,8
PUBLIC,DYNAMO_HOME_ROUTER_PLAN_INFO_AUDIT,TIME_PLAN,NUMBER,9
PUBLIC,DYNAMO_HOME_ROUTER_PLAN_INFO_AUDIT,OTP,TEXT,10
PUBLIC,DYNAMO_HOME_ROUTER_PLAN_INFO_AUDIT,PLAN_END_TIME,TIMESTAMP_TZ,11
PUBLIC,DYNAMO_HOME_ROUTER_PLAN_INFO_AUDIT,SOURCE,TEXT,12
PUBLIC,DYNAMO_HOME_ROUTER_PLAN_INFO_AUDIT,CREATED_TIME,TIMESTAMP_TZ,13
PUBLIC,DYNAMO_HOME_ROUTER_PLAN_INFO_AUDIT,TRANSACTION_ID,TEXT,14
PUBLIC,DYNAMO_HOME_ROUTER_PLAN_INFO_AUDIT,DEVICE_LIMIT,NUMBER,15
PUBLIC,DYNAMO_HOME_ROUTER_PLAN_INFO_AUDIT,ENTRY_DATE,TIMESTAMP_TZ,16
PUBLIC,DYNAMO_HOME_ROUTER_PLAN_INFO_AUDIT,CHARGES,NUMBER,17
PUBLIC,DYNAMO_HOME_ROUTER_PLAN_INFO_AUDIT,FIRST_RECHARGE_TIME,TIMESTAMP_TZ,18
PUBLIC,DYNAMO_HOME_ROUTER_PLAN_INFO_AUDIT,TOTAL_PAID,NUMBER,19
PUBLIC,DYNAMO_HOME_ROUTER_PLAN_INFO_AUDIT,MOBILE,TEXT,20
PUBLIC,DYNAMO_HOME_ROUTER_PLAN_INFO_AUDIT,PAYMENT_MODE,TEXT,21
PUBLIC,DYNAMO_HOME_ROUTER_PLAN_INFO_AUDIT,CONNECTION,TEXT,22
PUBLIC,DYNAMO_HOME_ROUTER_PLAN_INFO_AUDIT,LCO_ACCOUNT_ID,NUMBER,23
PUBLIC,DYNAMO_HOME_ROUTER_PLAN_INFO_AUDIT,PLAN_INCREASED_IN_SEC,NUMBER,24
PUBLIC,DYNAMO_HOME_ROUTER_PLAN_INFO_AUDIT,CASH_FEE,NUMBER,25
PUBLIC,DYNAMO_HOME_ROUTER_PLAN_INFO_AUDIT,PLAN_AMOUNT,NUMBER,26
PUBLIC,DYNAMO_HOME_ROUTER_PLAN_INFO_AUDIT,DEVICE_ID,TEXT,27
PUBLIC,DYNAMO_HOME_ROUTER_PLAN_INFO_AUDIT,IS_COMMISSION_ELIGIBLE,BOOLEAN,28
PUBLIC,DYNAMO_HOME_ROUTER_PLAN_INFO_AUDIT,_FIVETRAN_START,TIMESTAMP_TZ,29
PUBLIC,DYNAMO_HOME_ROUTER_PLAN_INFO_AUDIT,_FIVETRAN_END,TIMESTAMP_TZ,30
PUBLIC,DYNAMO_HOME_ROUTER_PLAN_INFO_AUDIT,_FIVETRAN_ACTIVE,BOOLEAN,31
PUBLIC,EVOLVED_STREAM_COLWISE,DEVICE_ID,TEXT,40
PUBLIC,EVOLVED_STREAM_COLWISE,DEVICE,TEXT,130
PUBLIC,EVOLVED_STREAM_COLWISE,ROUTERMAC,TEXT,132
PUBLIC,EVOLVED_STREAM_COLWISE,DEVICEID,TEXT,133
PUBLIC,EVOLVED_STREAM_INLINE,DEVICE_ID,TEXT,40
PUBLIC,EVOLVED_STREAM_INLINE,DEVICE,TEXT,130
PUBLIC,EVOLVED_STREAM_INLINE,ROUTERMAC,TEXT,132
PUBLIC,EVOLVED_STREAM_INLINE,DEVICEID,TEXT,133
PUBLIC,E_WASTE,DEVICE_ID,TEXT,1
PUBLIC,FINAL_AGG,DEVICE_ID,TEXT,3
PUBLIC,FINAL_AGG,DEVICE_TYPE,TEXT,6
PUBLIC,FINANCIAL_WRITE_OFF_DEVICES,DEVICE_ID,TEXT,1
PUBLIC,GOOGLE_ADS,DEVICE,TEXT,19
PUBLIC,GX_ROUTER_HOURLY_DATA,_TIME,TEXT,1
PUBLIC,GX_ROUTER_HOURLY_DATA,DEVICE_ID,TEXT,2
PUBLIC,GX_ROUTER_HOURLY_DATA,NAS_ID,TEXT,3
PUBLIC,GX_ROUTER_HOURLY_DATA,PARTNER_ID,TEXT,4
PUBLIC,GX_ROUTER_HOURLY_DATA,PING_COUNT,FLOAT,5
PUBLIC,GX_ROUTER_HOURLY_DATA,BANDSTEERING_FLAG,FLOAT,6
PUBLIC,GX_ROUTER_HOURLY_DATA,CLIENTS_2_G_MAX,FLOAT,7
PUBLIC,GX_ROUTER_HOURLY_DATA,CLIENTS_5_G_MAX,FLOAT,8
PUBLIC,GX_ROUTER_HOURLY_DATA,CLIENTS_WIOMNET_MAX,FLOAT,9
PUBLIC,GX_ROUTER_HOURLY_DATA,RX_POWER_AVG,FLOAT,10
PUBLIC,GX_ROUTER_HOURLY_DATA,RX_POWER_MAX,FLOAT,11
PUBLIC,GX_ROUTER_HOURLY_DATA,RX_POWER_MIN,FLOAT,12
PUBLIC,GX_ROUTER_HOURLY_DATA,_FIVETRAN_SYNCED,TIMESTAMP_TZ,13
PUBLIC,GX_ROUTER_HOURLY_DATA,_FIVETRAN_DELETED,BOOLEAN,14
PUBLIC,GX_ROUTER_HOURLY_DATA_STRINGS,_TIME,TEXT,1
PUBLIC,GX_ROUTER_HOURLY_DATA_STRINGS,DEVICE_ID,TEXT,2
PUBLIC,GX_ROUTER_HOURLY_DATA_STRINGS,NAS_ID,TEXT,3
PUBLIC,GX_ROUTER_HOURLY_DATA_STRINGS,PARTNER_ID,TEXT,4
PUBLIC,GX_ROUTER_HOURLY_DATA_STRINGS,DATE,TEXT,5
PUBLIC,GX_ROUTER_HOURLY_DATA_STRINGS,HOUR_FLAG,TEXT,6
PUBLIC,GX_ROUTER_HOURLY_DATA_STRINGS,PING_BIT,TEXT,7
PUBLIC,GX_ROUTER_HOURLY_DATA_STRINGS,PING_BIT_STR,TEXT,8
PUBLIC,GX_ROUTER_HOURLY_DATA_STRINGS,SSID_JSON,TEXT,9
PUBLIC,GX_ROUTER_HOURLY_DATA_STRINGS,_FIVETRAN_SYNCED,TIMESTAMP_TZ,10
PUBLIC,GX_ROUTER_HOURLY_DATA_STRINGS,_FIVETRAN_DELETED,BOOLEAN,11
PUBLIC,HIMANSHU_TEST123,DEVICE_ID,TEXT,2
PUBLIC,HIMANSHU_TEST123,OPTICAL_MIN,NUMBER,15
PUBLIC,HIMANSHU_TEST123,OPTICAL_AVG,NUMBER,16
PUBLIC,HIMANSHU_TEST123,OPTICAL_MAX,NUMBER,17
PUBLIC,HOLY_GRAIL_DEVICE_DATA,DEVICE_ID,TEXT,3
PUBLIC,HOLY_GRAIL_DEVICE_DATA,DEVICE_TYPE,TEXT,4
PUBLIC,HOLY_GRAIL_DEVICE_DATA,DEVICE_CYCLE,TEXT,43
PUBLIC,HOURLY_DEVICE_PING_HEALTH_DT_TEST,DEVICE_ID,TEXT,2
PUBLIC,HOURLY_DEVICE_PING_HEALTH_DT_TEST,OPTICAL_MIN,FLOAT,15
PUBLIC,HOURLY_DEVICE_PING_HEALTH_DT_TEST,OPTICAL_AVG,FLOAT,16
PUBLIC,HOURLY_DEVICE_PING_HEALTH_DT_TEST,OPTICAL_MAX,FLOAT,17
PUBLIC,HOURLY_DEVICE_PING_HEALTH_VW,DEVICE_ID,TEXT,2
PUBLIC,HOURLY_DEVICE_PING_HEALTH_VW,OPTICAL_MIN,FLOAT,15
PUBLIC,HOURLY_DEVICE_PING_HEALTH_VW,OPTICAL_AVG,FLOAT,16
PUBLIC,HOURLY_DEVICE_PING_HEALTH_VW,OPTICAL_MAX,FLOAT,17
PUBLIC,HOURLY_DEVICE_PING_INFLUX,DEVICE_ID,TEXT,2
PUBLIC,HOURLY_DEVICE_PING_INFLUX,OPTICAL_MIN,NUMBER,15
PUBLIC,HOURLY_DEVICE_PING_INFLUX,OPTICAL_AVG,NUMBER,16
PUBLIC,HOURLY_DEVICE_PING_INFLUX,OPTICAL_MAX,NUMBER,17
PUBLIC,HOURLY_DEVICE_PING_INFLUX,OPTICAL_IN_RANGE_PINGS,NUMBER,29
PUBLIC,HOURLY_DEVICE_PING_SUMMARY,DEVICE_ID,TEXT,2
PUBLIC,HOURLY_DEVICE_PING_SUMMARY,OPTICAL_MIN,FLOAT,8
PUBLIC,HOURLY_DEVICE_PING_SUMMARY,OPTICAL_MAX,FLOAT,9
PUBLIC,HOURLY_DEVICE_PING_SUMMARY,OPTICAL_SUM,FLOAT,10
PUBLIC,HOURLY_DEVICE_PING_SUMMARY,OPTICAL_CNT,NUMBER,11
PUBLIC,HOURLY_DEVICE_PING_SUMMARY_22_JAN_TEST,DEVICE_ID,TEXT,2
PUBLIC,HOURLY_DEVICE_PING_SUMMARY_22_JAN_TEST,OPTICAL_MIN,FLOAT,8
PUBLIC,HOURLY_DEVICE_PING_SUMMARY_22_JAN_TEST,OPTICAL_MAX,FLOAT,9
PUBLIC,HOURLY_DEVICE_PING_SUMMARY_22_JAN_TEST,OPTICAL_SUM,FLOAT,10
PUBLIC,HOURLY_DEVICE_PING_SUMMARY_22_JAN_TEST,OPTICAL_CNT,NUMBER,11
PUBLIC,HOURLY_USAGE_PRORATED,ROUTERMAC,TEXT,5
PUBLIC,HOURLY_USAGE_PRORATED_DIFF,ROUTERMAC,TEXT,5
PUBLIC,HOURLY_USAGE_PRORATED_DT,ROUTERMAC,TEXT,5
PUBLIC,HOURLY_USAGE_PRORATED_TEST_9_JAN,ROUTERMAC,TEXT,5
PUBLIC,INFLUX_DATA_INTERNET_SUPPLY_DOWN,DEVICEID,TEXT,6
PUBLIC,INFLUX_DATA_INTERNET_SUPPLY_DOWN,RXPOWER,TEXT,14
PUBLIC,INFLUX_DATA_INTERNET_SUPPLY_DOWN,TXPOWER,TEXT,16
PUBLIC,INFLUX_DATA_ISP_DUMMY,DEVICEID,TEXT,7
PUBLIC,INFLUX_DATA_ISP_DUMMY,RXPOWER,TEXT,15
PUBLIC,INFLUX_DATA_ISP_DUMMY,TXPOWER,TEXT,17
PUBLIC,INFLUX_DATA_NPS,DEVICEID,TEXT,6
PUBLIC,INFLUX_DATA_NPS,RXPOWER,TEXT,14
PUBLIC,INFLUX_DATA_NPS,TXPOWER,TEXT,16
PUBLIC,INFLUX_DATA_NPS_02_DEC,DEVICEID,TEXT,6
PUBLIC,INFLUX_DATA_NPS_02_DEC,RXPOWER,TEXT,14
PUBLIC,INFLUX_DATA_NPS_02_DEC,TXPOWER,TEXT,16
PUBLIC,INFLUX_DATA_NPS_18_DEC,DEVICEID,TEXT,6
PUBLIC,INFLUX_DATA_NPS_18_DEC,RXPOWER,TEXT,14
PUBLIC,INFLUX_DATA_NPS_18_DEC,TXPOWER,TEXT,16
PUBLIC,INFLUX_DATA_NPS_22_DEC,DEVICEID,TEXT,6
PUBLIC,INFLUX_DATA_NPS_22_DEC,RXPOWER,TEXT,14
PUBLIC,INFLUX_DATA_NPS_22_DEC,TXPOWER,TEXT,16
PUBLIC,INFLUX_DATA_NPS_26_NOV,DEVICEID,TEXT,6
PUBLIC,INFLUX_DATA_NPS_26_NOV,RXPOWER,TEXT,14
PUBLIC,INFLUX_DATA_NPS_26_NOV,TXPOWER,TEXT,16
PUBLIC,INFLUX_DATA_TEMP,DEVICEID,TEXT,3
PUBLIC,INFLUX_DATA_TEMP,RXPOWER,TEXT,6
PUBLIC,INFLUX_DATA_TEMP,TXPOWER,TEXT,7
PUBLIC,INFLUX_DATA_TEMP_15M,DEVICEID,TEXT,3
PUBLIC,INFLUX_DATA_TEMP_15M,RXPOWER,TEXT,6
PUBLIC,INFLUX_DATA_TEMP_15M,TXPOWER,TEXT,7
PUBLIC,INFLUX_DATA_TEMP_15M_PIPEDREAM,DEVICEID,TEXT,3
PUBLIC,INFLUX_DATA_TEMP_15M_PIPEDREAM,RXPOWER,TEXT,6
PUBLIC,INFLUX_DATA_TEMP_15M_PIPEDREAM,TXPOWER,TEXT,7
PUBLIC,INFLUX_DATA_TEMP_NEW_ONE,DEVICEID,TEXT,3
PUBLIC,INFLUX_DATA_TEMP_NEW_ONE,RXPOWER,TEXT,6
PUBLIC,INFLUX_DATA_TEMP_NEW_ONE,TXPOWER,TEXT,7
PUBLIC,INFLUX_DATA_TEMP_PING_TIME,DEVICEID,TEXT,3
PUBLIC,INFLUX_DATA_TEMP_PING_TIME,RXPOWER,TEXT,6
PUBLIC,INFLUX_DATA_TEMP_PING_TIME,TXPOWER,TEXT,7
PUBLIC,INFLUX_DATA_TEMP_PIPEDREAM,DEVICEID,TEXT,3
PUBLIC,INFLUX_DATA_TEMP_PIPEDREAM,RXPOWER,TEXT,6
PUBLIC,INFLUX_DATA_TEMP_PIPEDREAM,TXPOWER,TEXT,7
PUBLIC,INFLUX_DATA_TEMP_TEST,DEVICEID,TEXT,3
PUBLIC,INFLUX_DATA_TEMP_TEST,RXPOWER,TEXT,6
PUBLIC,INFLUX_DATA_TEMP_TEST,TXPOWER,TEXT,7
PUBLIC,INFLUX_DATA_TEMP_new_one,DEVICEID,TEXT,3
PUBLIC,INFLUX_DATA_TEMP_new_one,RXPOWER,TEXT,6
PUBLIC,INFLUX_DATA_TEMP_new_one,TXPOWER,TEXT,7
PUBLIC,INFLUX_PING_EVENTS_RAW,DEVICEID,TEXT,3
PUBLIC,INFLUX_PING_EVENTS_RAW,RXPOWER,TEXT,6
PUBLIC,INFLUX_PING_EVENTS_RAW,TXPOWER,TEXT,7
PUBLIC,INSTALL_BASE_DATA_DUMMY,DEVICE_TYPE,TEXT,9
PUBLIC,INSTALL_BASE_DATA_DUMMY,DEVICE_AGE,TEXT,10
PUBLIC,INT_INVENTORY_MODEL_CURRENT_LOCATION,DEVICE_ID,TEXT,1
PUBLIC,INT_INVENTORY_MODEL_DEVICES_BASE,DEVICE_ID,TEXT,1
PUBLIC,INT_INVENTORY_MODEL_DEVICES_BASE,DEVICE_TYPE,TEXT,3
PUBLIC,INT_INVENTORY_MODEL_DEVICES_BASE,SERIAL,TEXT,6
PUBLIC,INT_INVENTORY_MODEL_DISPATCHES,DEVICE_ID,TEXT,1
PUBLIC,INT_INVENTORY_MODEL_FIRST_GRN,DEVICE_ID,TEXT,1
PUBLIC,INT_INVENTORY_MODEL_INSTALLATIONS,DEVICE_ID,TEXT,1
PUBLIC,INT_INVENTORY_MODEL_LAST_PARTNER_RECEIVED,DEVICE_ID,TEXT,1
PUBLIC,INT_INVENTORY_MODEL_LAST_PICKUP_TICKET,DEVICE_ID,TEXT,1
PUBLIC,INT_INVENTORY_MODEL_LAST_RECHARGE,DEVICE_ID,TEXT,1
PUBLIC,INT_INVENTORY_MODEL_LAST_WAREHOUSE_RECEIVED,DEVICE_ID,TEXT,1
PUBLIC,INT_INVENTORY_MODEL_PYROPS_STATE,DEVICE_ID,TEXT,1
PUBLIC,INT_INVENTORY_MODEL_STATUS_FLAGS,DEVICE_ID,TEXT,1
PUBLIC,INVENTORY_MODEL,DEVICE_ID,TEXT,1
PUBLIC,INVENTORY_MODEL,SERIAL,TEXT,5
PUBLIC,INVENTORY_MODEL,DEVICE_TYPE,TEXT,6
PUBLIC,INVENTORY_MODEL_DEVICES_BASE,DEVICE_ID,TEXT,1
PUBLIC,INVENTORY_MODEL_DEVICES_BASE,DEVICE_TYPE,TEXT,3
PUBLIC,INVENTORY_MODEL_DEVICES_BASE,SERIAL,TEXT,6
PUBLIC,INVENTORY_MODEL_NEW_TEMP,DEVICE_ID,TEXT,1
PUBLIC,INVENTORY_MODEL_NEW_TEMP,SERIAL,TEXT,5
PUBLIC,INVENTORY_MODEL_NEW_TEMP,DEVICE_TYPE,TEXT,6
PUBLIC,INVENTORY_MODEL_PRE_MIGRATION,DEVICE_ID,TEXT,1
PUBLIC,INVENTORY_MODEL_PRE_MIGRATION,MACID,TEXT,4
PUBLIC,INVENTORY_MODEL_PRE_MIGRATION,SERIAL,TEXT,5
PUBLIC,INVENTORY_MODEL_PRE_MIGRATION,LATEST_ROUTER_RECOVERY_TICKET_ID,TEXT,19
PUBLIC,INVENTORY_MODEL_PRE_MIGRATION,LATEST_ROUTER_RECOVERY_TICKET_TIME,TIMESTAMP_NTZ,20
PUBLIC,INVESTOR_MIS_DEVICES_DATA_UDHAM_ACTIVE_CUSTOMER_UTILIZATION,DEVICE_TYPE_FINAL,TEXT,3
PUBLIC,INVESTOR_MIS_DEVICES_DATA_UDHAM_DEPLOY_AGGING_DF,DEVICES,NUMBER,3
PUBLIC,INVESTOR_MIS_DEVICES_DATA_UDHAM_DEPLOY_LR_AGGING_DF,DEVICES,NUMBER,3
PUBLIC,INVESTOR_MIS_DEVICES_DATA_UDHAM_DEPLOY_UFU_AGGING_DF,DEVICES,NUMBER,3
PUBLIC,INVESTOR_MIS_DEVICES_DATA_UDHAM_DEPLOY_USU_AGGING_DF,DEVICES,NUMBER,3
PUBLIC,INVESTOR_MIS_DEVICES_DATA_UDHAM_FRESH_DF,DEVICE_ID,TEXT,3
PUBLIC,INVESTOR_MIS_DEVICES_DATA_UDHAM_REVANUE_GENERATING_UTILIZATION,DEVICE_TYPE_FINAL,TEXT,3
PUBLIC,ISP_RANKING_ANIRRUDH,ACTIVE_DEVICESS,NUMBER,3
PUBLIC,ISP_RANKING_ANIRRUDH,Unique devices with outage (15 days),NUMBER,6
PUBLIC,ISP_SCORECARD,RXPOWER,TEXT,9
PUBLIC,ISP_SCORECARD,RXPOWER_IN_RANGE,NUMBER,16
PUBLIC,ISP_SCORECARD,OPTICALPOWER_IN_RANGE,TEXT,20
PUBLIC,ISP_SCORECARD_TABLE,rxpower,TEXT,9
PUBLIC,ISP_SCORECARD_TABLE,rxpower_in_range,NUMBER,16
PUBLIC,ISP_SCORECARD_TABLE,opticalpower_in_range,TEXT,20
PUBLIC,KAPTURE_PARTNER_TICKETS_REPORT,DEVICE_ID,TEXT,69
PUBLIC,KAPTURE_PARTNER_TICKETS_REPORT,CUSTOMER_DEVICE_ID,TEXT,76
PUBLIC,KAPTURE_PARTNER_TICKETS_REPORT,DEVICE_ID_1,TEXT,99
PUBLIC,KAPTURE_PARTNER_TICKETS_REPORT_NEW,DEVICE_ID,TEXT,69
PUBLIC,KAPTURE_PARTNER_TICKETS_REPORT_NEW,CUSTOMER_DEVICE_ID,TEXT,76
PUBLIC,KAPTURE_PARTNER_TICKETS_REPORT_NEW,DEVICE_ID_1,TEXT,99
PUBLIC,KULDEEP_22_DEC_2025,DEVICEID,TEXT,3
PUBLIC,KULDEEP_22_DEC_2025,RXPOWER,TEXT,6
PUBLIC,KULDEEP_22_DEC_2025,TXPOWER,TEXT,7
PUBLIC,LOST_DEVICES_16_15_CYCLE,device_id,TEXT,2
PUBLIC,LOST_DEVICES_16_TO_15,device_id,TEXT,2
PUBLIC,LOST_DEVICES_DAY_ON_DAY,DEVICE_ID,TEXT,2
PUBLIC,LOST_DEVICES_LAST_MONTH,DEVICE_ID,TEXT,2
PUBLIC,LOST_DEVICES_last_month,device_id,TEXT,2
PUBLIC,LOST_DEVICES_last_month_for_himanshu,device_id,TEXT,2
PUBLIC,MAC_DEVICE,DEVICE,TEXT,1
PUBLIC,MAC_DEVICE,MAC,TEXT,2
PUBLIC,MARKETPLACE_INVENTORY_DUMP,DEVICE_ID,TEXT,1
PUBLIC,MAYLIVECSP_SERVICE_TICKETS_12TH,ROUTER_NAS_ID,TEXT,22
PUBLIC,MONTH_END_USABLE_DEVICE,DEVICE_TYPE,TEXT,3
PUBLIC,MONTH_END_USABLE_DEVICE,DEVICE_ID,NUMBER,8
PUBLIC,NETWORK_SCORECARD,DEVICE_ID,TEXT,3
PUBLIC,NETWORK_SCORECARD,RXPOWER,TEXT,9
PUBLIC,NETWORK_SCORECARD,RXPOWER_IN_RANGE,NUMBER,17
PUBLIC,NETWORK_SCORECARD,DEVICE_TYPE,TEXT,20
PUBLIC,NETWORK_SCORECARD,OPTICALPOWER_IN_RANGE,TEXT,22
PUBLIC,OKR_4A_MONTHLY_SERVICE_COST,ACTIVE_DEVICES,NUMBER,3
PUBLIC,OKR_PARTNER_90_DAYS_INV_TEMP,DEVICE_ID,TEXT,3
PUBLIC,OLD_BUSINESS_DEVICES,DEVICE_ID,TEXT,1
PUBLIC,OPS_WRITTEN_OFF_REFUNDED_DEVICES,DEVICE_ID,TEXT,3
PUBLIC,PARTNERVANILLA,ELIGIBLEDEVICES,TEXT,8
PUBLIC,PARTNERVANILLA,DEVICEID,TEXT,14
PUBLIC,PARTNERVANILLA,OPTICALPOWER,TEXT,17
PUBLIC,PARTNERVANILLA_AUDIT,ELIGIBLEDEVICES,TEXT,8
PUBLIC,PARTNERVANILLA_AUDIT,DEVICEID,TEXT,14
PUBLIC,PARTNERVANILLA_AUDIT,OPTICALPOWER,TEXT,17
PUBLIC,PARTNER_APP_DEVICE_DETAILS,DEVICE_ID,TEXT,3
PUBLIC,PARTNER_APP_EVENTS_SUMMARY_DUMMY,DEVICE_TYPE,TEXT,2
PUBLIC,PARTNER_APP_EVENTS_SUMMARY_DUMMY,DEVICE_AGE,TEXT,3
PUBLIC,PARTNER_DEVICE_COUNTS_HOURLY,TOTAL_DEVICES,NUMBER,3
PUBLIC,PARTNER_DEVICE_COUNTS_HOURLY,ROUTER_PICKUP_COUNT,NUMBER,7
PUBLIC,PARTNER_GROWTH_CARD_RAW,CLAIM_DEVICE_BONUS_M0,FLOAT,37
PUBLIC,PARTNER_GROWTH_CARD_RAW,CLAIM_DEVICE_BONUS_M1,FLOAT,38
PUBLIC,PARTNER_GROWTH_CARD_RAW,CLAIM_DEVICE_BONUS_M2,FLOAT,39
PUBLIC,PARTNER_GROWTH_CARD_RAW,CLAIM_DEVICE_BONUS_M3,FLOAT,40
PUBLIC,PARTNER_GROWTH_CARD_RAW,DEVICE_BONUS_M0,NUMBER,45
PUBLIC,PARTNER_GROWTH_CARD_RAW,DEVICE_BONUS_M1,NUMBER,46
PUBLIC,PARTNER_GROWTH_CARD_RAW,DEVICE_BONUS_M2,NUMBER,47
PUBLIC,PARTNER_GROWTH_CARD_RAW,DEVICE_BONUS_M3,NUMBER,48
PUBLIC,PARTNER_GROWTH_CARD_RAW,ACTIVE_CUSTOMER_WITH_OPTICAL_POWER,NUMBER,56
PUBLIC,PARTNER_GROWTH_CARD_RAW,DEVICE_TICKET_M0,NUMBER,69
PUBLIC,PARTNER_GROWTH_CARD_RAW,DEVICE_TICKET_M1,NUMBER,70
PUBLIC,PARTNER_GROWTH_CARD_RAW,DEVICE_TICKET_M2,NUMBER,71
PUBLIC,PARTNER_GROWTH_CARD_RAW,DEVICE_TICKET_M3,NUMBER,72
PUBLIC,PARTNER_GROWTH_CARD_RAW,DEVICE_TICKET_SLA_M0,NUMBER,73
PUBLIC,PARTNER_GROWTH_CARD_RAW,DEVICE_TICKET_SLA_M1,NUMBER,74
PUBLIC,PARTNER_GROWTH_CARD_RAW,DEVICE_TICKET_SLA_M2,NUMBER,75
PUBLIC,PARTNER_GROWTH_CARD_RAW,DEVICE_TICKET_SLA_M3,NUMBER,76
PUBLIC,PARTNER_JANAM_KUNDLI,ACTIVE_CUSTOMER_WITH_OPTICAL_POWER,NUMBER,19
PUBLIC,PARTNER_JANAM_KUNDLI,CLAIM_DEVICE_BONUS_M0,FLOAT,33
PUBLIC,PARTNER_JANAM_KUNDLI,DEVICE_BONUS_M0,FLOAT,35
PUBLIC,PARTNER_JANAM_KUNDLI,DEVICE_BONUS_M1,FLOAT,38
PUBLIC,PARTNER_JANAM_KUNDLI,DEVICE_TICKET_M1,NUMBER,46
PUBLIC,PARTNER_JANAM_KUNDLI,DEVICE_TICKET_SLA_M1,NUMBER,47
PUBLIC,PARTNER_JANAM_KUNDLI,DEVICE_TICKET_M2,NUMBER,48
PUBLIC,PARTNER_JANAM_KUNDLI,DEVICE_TICKET_SLA_M2,NUMBER,49
PUBLIC,PARTNER_JANAM_KUNDLI,DEVICE_TICKET_M3,NUMBER,50
PUBLIC,PARTNER_JANAM_KUNDLI,DEVICE_TICKET_SLA_M3,NUMBER,51
PUBLIC,PARTNER_JANAM_KUNDLI,TOTAL_DEVICES,NUMBER,56
PUBLIC,PARTNER_JANAM_KUNDLI,TOTAL_ROUTERS,NUMBER,63
PUBLIC,PARTNER_JANAM_KUNDLI,ACTIVE_ROUTERS,NUMBER,64
PUBLIC,PARTNER_JANAM_KUNDLI,CHURNED_ROUTERS,NUMBER,65
PUBLIC,PARTNER_JANAM_KUNDLI,PARTNER_OFFICE_ROUTERS,NUMBER,66
PUBLIC,PARTNER_JANAM_KUNDLI,REPAIR_ROUTERS,NUMBER,67
PUBLIC,PARTNER_JANAM_KUNDLI,PARTNER_RECOVERED_ROUTERS,NUMBER,68
PUBLIC,PARTNER_JANAM_KUNDLI2,CLAIM_DEVICE_BONUS_M0,FLOAT,33
PUBLIC,PARTNER_JANAM_KUNDLI2,CLAIM_DEVICE_BONUS_M1,FLOAT,34
PUBLIC,PARTNER_JANAM_KUNDLI2,CLAIM_DEVICE_BONUS_M2,FLOAT,35
PUBLIC,PARTNER_JANAM_KUNDLI2,CLAIM_DEVICE_BONUS_M3,FLOAT,36
PUBLIC,PARTNER_JANAM_KUNDLI2,DEVICE_BONUS_M0,FLOAT,45
PUBLIC,PARTNER_JANAM_KUNDLI2,DEVICE_BONUS_M1,FLOAT,46
PUBLIC,PARTNER_JANAM_KUNDLI2,DEVICE_BONUS_M2,FLOAT,47
PUBLIC,PARTNER_JANAM_KUNDLI2,DEVICE_BONUS_M3,FLOAT,48
PUBLIC,PARTNER_JANAM_KUNDLI2,DEVICE_BONUS_M1_MTD,FLOAT,72
PUBLIC,PARTNER_JANAM_KUNDLI2,DEVICE_BONUS_M2_MTD,FLOAT,73
PUBLIC,PARTNER_JANAM_KUNDLI2,DEVICE_BONUS_M3_MTD,FLOAT,74
PUBLIC,PARTNER_JANAM_KUNDLI2,ACTIVE_CUSTOMER_WITH_OPTICAL_POWER,FLOAT,84
PUBLIC,PARTNER_JANAM_KUNDLI2,DEVICE_TICKET_M0,FLOAT,97
PUBLIC,PARTNER_JANAM_KUNDLI2,DEVICE_TICKET_M1,FLOAT,98
PUBLIC,PARTNER_JANAM_KUNDLI2,DEVICE_TICKET_M2,FLOAT,99
PUBLIC,PARTNER_JANAM_KUNDLI2,DEVICE_TICKET_M3,FLOAT,100
PUBLIC,PARTNER_JANAM_KUNDLI2,DEVICE_TICKET_SLA_M0,FLOAT,101
PUBLIC,PARTNER_JANAM_KUNDLI2,DEVICE_TICKET_SLA_M1,FLOAT,102
PUBLIC,PARTNER_JANAM_KUNDLI2,DEVICE_TICKET_SLA_M2,FLOAT,103
PUBLIC,PARTNER_JANAM_KUNDLI2,DEVICE_TICKET_SLA_M3,FLOAT,104
PUBLIC,PARTNER_JANAM_KUNDLI2,M0_DEVICE_ADJUSTED_RENEWAL,FLOAT,110
PUBLIC,PARTNER_JANAM_KUNDLI2,M1_DEVICE_ADJUSTED_RENEWAL,FLOAT,111
PUBLIC,PARTNER_JANAM_KUNDLI2,M2_DEVICE_ADJUSTED_RENEWAL,FLOAT,112
PUBLIC,PARTNER_JANAM_KUNDLI2,M3_DEVICE_ADJUSTED_RENEWAL,FLOAT,113
PUBLIC,PARTNER_JANAM_KUNDLI2,M0_DEVICE_LOST,FLOAT,122
PUBLIC,PARTNER_JANAM_KUNDLI2,M1_DEVICE_LOST,FLOAT,123
PUBLIC,PARTNER_JANAM_KUNDLI2,M2_DEVICE_LOST,FLOAT,124
PUBLIC,PARTNER_JANAM_KUNDLI2,M3_DEVICE_LOST,FLOAT,125
PUBLIC,PARTNER_JANAM_KUNDLI2,M0_DEVICE_PERCENTAGE,FLOAT,134
PUBLIC,PARTNER_JANAM_KUNDLI2,M1_DEVICE_PERCENTAGE,FLOAT,135
PUBLIC,PARTNER_JANAM_KUNDLI2,M2_DEVICE_PERCENTAGE,FLOAT,136
PUBLIC,PARTNER_JANAM_KUNDLI2,M3_DEVICE_PERCENTAGE,FLOAT,137
PUBLIC,PARTNER_MAIL_SENT_DATA,ROUTER_AT_MAIL,NUMBER,6
PUBLIC,PARTNER_MANAGEMENT_FRAMEWORK,ROUTER_RECOVERY,FLOAT,24
PUBLIC,PAYG_MIGRATION_AUDIT,DEVICE_ID,TEXT,8
PUBLIC,PHYSICAL_AUDIT_MARCH24,DEVICE_ID,TEXT,1
PUBLIC,PHYSICAL_AUDIT_MARCH24,MACID,TEXT,2
PUBLIC,PHYSICAL_AUDIT_MARCH24,SERIAL_NO,TEXT,3
PUBLIC,PHYSICAL_AUDIT_MARCH24,DEVICE_TYPE,TEXT,12
PUBLIC,PICKUP_TICKETS_FOR_RA_PICKUP,DEVICE_ID,TEXT,8
PUBLIC,PICKUP_TICKETS_FOR_RA_PICKUP_LAST_15_DAYS,DEVICE_ID,TEXT,8
PUBLIC,PICKUP_TICKETS_FOR_RA_PICKUP_V2,DEVICE_ID,TEXT,12
PUBLIC,PING_FIRST_SEEN,DEVICEID,TEXT,2
PUBLIC,POWER_BI_CUSTOMER_AND_DEVICES,LIVE_R25_DEVICES,NUMBER,4
PUBLIC,POWER_BI_CUSTOMER_AND_DEVICES,PAYING_DEVICES,NUMBER,6
PUBLIC,POWER_BI_CUSTOMER_AND_DEVICES,ACTIVE_R15_DEVICES,NUMBER,8
PUBLIC,PROFILE_LEAD_MODEL,ROUTER_NAS_ID,TEXT,60
PUBLIC,PROFILE_LEAD_MODEL,DEVICE_ID,TEXT,61
PUBLIC,PROFILE_LEAD_MODEL_CSP_TEST,ROUTER_NAS_ID,TEXT,46
PUBLIC,PROFILE_LEAD_MODEL_CSP_TEST,DEVICE_ID,TEXT,84
PUBLIC,PROFILE_LEAD_MODEL_OLD,ROUTER_NAS_ID,TEXT,60
PUBLIC,PROFILE_LEAD_MODEL_OLD,DEVICE_ID,TEXT,61
PUBLIC,PROFILE_LEAD_MODEL_PRE_MIGRATION,ROUTER_NAS_ID,TEXT,62
PUBLIC,PROFILE_LEAD_MODEL_PRE_MIGRATION,DEVICE_ID,TEXT,63
PUBLIC,PROFILE_LEAD_MODEL_TEST,ROUTER_NAS_ID,TEXT,60
PUBLIC,PROFILE_LEAD_MODEL_TEST,DEVICE_ID,TEXT,61
PUBLIC,PYROPS_GRN_RAW,SERIALNO,TEXT,37
PUBLIC,PYROPS_GRN_RAW,ITEMSERIALNO,TEXT,46
PUBLIC,PYROPS_GRN_RAW,DEVICEMAC,TEXT,68
PUBLIC,PYROPS_IMEI_SERIAL_INVENTORY,SERIALNO,TEXT,20
PUBLIC,PYROPS_INBOUND_DATA__INWARD,SERIALNO,TEXT,37
PUBLIC,PYROPS_INBOUND_DATA__INWARD,ITEMSERIALNO,TEXT,46
PUBLIC,PYROPS_INBOUND_DATA__INWARD,DEVICEMAC,TEXT,68
PUBLIC,PYROPS_INBOUND_DATA__SALES_RETURN,SERIALNO,TEXT,37
PUBLIC,PYROPS_INBOUND_DATA__SALES_RETURN,ITEMSERIALNO,TEXT,46
PUBLIC,PYROPS_INBOUND_DATA__SALES_RETURN,DEVICEMAC,TEXT,68
PUBLIC,PYROPS_INBOUND_DATA__TRANSFER_RECEIPT,SERIALNO,TEXT,37
PUBLIC,PYROPS_INBOUND_DATA__TRANSFER_RECEIPT,ITEMSERIALNO,TEXT,46
PUBLIC,PYROPS_INBOUND_DATA__TRANSFER_RECEIPT,DEVICEMAC,TEXT,68
PUBLIC,PYROPS_PUTAWAY_DETAIL,SERIALNO,TEXT,24
PUBLIC,PYROPS_SALE_DETAIL,SERIALNO,TEXT,37
PUBLIC,PYROPS_SALE_DETAIL,DEVICEMAC,TEXT,90
PUBLIC,PYROPS_SALE_DETAIL__PURCHASE_RETURN,SERIALNO,TEXT,37
PUBLIC,PYROPS_SALE_DETAIL__PURCHASE_RETURN,DEVICEMAC,TEXT,90
PUBLIC,PYROPS_SALE_DETAIL__TRANSFER,SERIALNO,TEXT,37
PUBLIC,PYROPS_SALE_DETAIL__TRANSFER,DEVICEMAC,TEXT,90
PUBLIC,PYROPS_WIOM_SALE_RETURN_REPORT,DEVICE_ID,TEXT,43
PUBLIC,PYROPS_WIOM_SALE_RETURN_REPORT,DEVICE_MAC,TEXT,44
PUBLIC,PYROPS_WIOM_SALE_RETURN_REPORT,DEVICE_SERIAL,TEXT,45
PUBLIC,PYROPS_WIOM_SALE_RETURN_REPORT_DUMP,SERIALNO,TEXT,43
PUBLIC,PYROPS_WIOM_SALE_RETURN_REPORT_DUMP,DEVICEMAC,TEXT,44
PUBLIC,PYROPS_WIOM_SALE_RETURN_REPORT_DUMP,DEVICESERIAL,TEXT,45
PUBLIC,R10_15_CALLING_TO_CHURN_CUSTOMER,DEVICE_ID,TEXT,2
PUBLIC,RATING_BONUS_TXNS,DEVICE_ID,TEXT,6
PUBLIC,RATING_BONUS_TXNS,ROUTER_NAS,TEXT,7
PUBLIC,RA_DATA_SENT_OLD_SYSTEM,DEVICE_ID,TEXT,2
PUBLIC,RA_PICKUP_TICKETS,DEVICE_ID,TEXT,11
PUBLIC,RENEWALS_MODEL,ROUTER_NAS_ID,NUMBER,5
PUBLIC,RENEWALS_MODEL,DEVICE_ID,TEXT,6
PUBLIC,RENEWALS_MODEL,DEVICE_LIMIT,NUMBER,15
PUBLIC,RENEWALS_MODEL_PRE_MIGRATION,ROUTER_NAS_ID,NUMBER,5
PUBLIC,RENEWALS_MODEL_PRE_MIGRATION,DEVICE_ID,TEXT,6
PUBLIC,RENEWALS_MODEL_PRE_MIGRATION,DEVICE_LIMIT,NUMBER,15
PUBLIC,RENEWAL_2_DUMMY,DEVICE_LIMIT,NUMBER,13
PUBLIC,RENEWAL_HEALTH_DASHBOARD_DAILY,SIGNAL,TEXT,19
PUBLIC,RENEWAL_HEALTH_DASHBOARD_V3,SIGNAL,TEXT,16
PUBLIC,RETIRED_DEVICES,DEVICE_ID,TEXT,2
PUBLIC,RETURNED_DEVICE_ACKNOWLEDGMENT_MAIL_DATA,DEVICES,NUMBER,4
PUBLIC,RETURNED_DEVICE_ACKNOWLEDGMENT_MAIL_DATA,DEVICE_LIST,TEXT,5
PUBLIC,ROCE_FUNCTIONAL_REPORTS_DF,DEVICE_ID,TEXT,2
PUBLIC,ROUTER_DETAILS,device_id,TEXT,1
PUBLIC,ROUTER_DETAILS,nas_id,TEXT,2
PUBLIC,ROUTER_DETAILS,customer_id,TEXT,3
PUBLIC,ROUTER_DETAILS,partner_id,TEXT,4
PUBLIC,ROUTER_DETAILS,location,TEXT,5
PUBLIC,ROUTER_DETAILS,ping_in_24hrs,NUMBER,6
PUBLIC,ROUTER_DETAILS,tx_power,FLOAT,7
PUBLIC,ROUTER_DETAILS,rx_power,FLOAT,8
PUBLIC,ROUTER_DETAILS,is_customer_active,NUMBER,9
PUBLIC,ROUTER_DETAILS,is_plan_active,NUMBER,10
PUBLIC,ROUTER_DETAILS,deleted,NUMBER,11
PUBLIC,ROUTER_DETAILS,added_time,TIMESTAMP_NTZ,12
PUBLIC,ROUTER_DETAILS,modified_time,TIMESTAMP_NTZ,13
PUBLIC,ROUTER_DETAILS_AUDIT,audit_id,NUMBER,1
PUBLIC,ROUTER_DETAILS_AUDIT,device_id,TEXT,2
PUBLIC,ROUTER_DETAILS_AUDIT,nas_id,TEXT,4
PUBLIC,ROUTER_DETAILS_AUDIT,customer_id,TEXT,5
PUBLIC,ROUTER_DETAILS_AUDIT,partner_id,TEXT,6
PUBLIC,ROUTER_DETAILS_AUDIT,location,TEXT,7
PUBLIC,ROUTER_DETAILS_AUDIT,ping_in_24hrs,NUMBER,8
PUBLIC,ROUTER_DETAILS_AUDIT,tx_power,FLOAT,9
PUBLIC,ROUTER_DETAILS_AUDIT,rx_power,FLOAT,10
PUBLIC,ROUTER_DETAILS_AUDIT,is_customer_active,NUMBER,11
PUBLIC,ROUTER_DETAILS_AUDIT,is_plan_active,NUMBER,12
PUBLIC,ROUTER_DETAILS_AUDIT,deleted,NUMBER,13
PUBLIC,ROUTER_DETAILS_AUDIT,change_type,TEXT,14
PUBLIC,ROUTER_DETAILS_AUDIT,change_time,TIMESTAMP_NTZ,15
PUBLIC,ROUTER_DETAILS_AUDIT_BACKUP,audit_id,NUMBER,1
PUBLIC,ROUTER_DETAILS_AUDIT_BACKUP,device_id,TEXT,2
PUBLIC,ROUTER_DETAILS_AUDIT_BACKUP,shard,TEXT,3
PUBLIC,ROUTER_DETAILS_AUDIT_BACKUP,nas_id,TEXT,4
PUBLIC,ROUTER_DETAILS_AUDIT_BACKUP,customer_id,TEXT,5
PUBLIC,ROUTER_DETAILS_AUDIT_BACKUP,partner_id,TEXT,6
PUBLIC,ROUTER_DETAILS_AUDIT_BACKUP,location,TEXT,7
PUBLIC,ROUTER_DETAILS_AUDIT_BACKUP,ping_in_24hrs,NUMBER,8
PUBLIC,ROUTER_DETAILS_AUDIT_BACKUP,tx_power,FLOAT,9
PUBLIC,ROUTER_DETAILS_AUDIT_BACKUP,rx_power,FLOAT,10
PUBLIC,ROUTER_DETAILS_AUDIT_BACKUP,is_customer_active,NUMBER,11
PUBLIC,ROUTER_DETAILS_AUDIT_BACKUP,is_plan_active,NUMBER,12
PUBLIC,ROUTER_DETAILS_AUDIT_BACKUP,deleted,NUMBER,13
PUBLIC,ROUTER_DETAILS_AUDIT_BACKUP,change_type,TEXT,14
PUBLIC,ROUTER_DETAILS_AUDIT_BACKUP,change_time,TIMESTAMP_NTZ,15
PUBLIC,ROUTER_DETAILS_AUDIT_CLONE,audit_id,NUMBER,1
PUBLIC,ROUTER_DETAILS_AUDIT_CLONE,device_id,TEXT,2
PUBLIC,ROUTER_DETAILS_AUDIT_CLONE,shard,TEXT,3
PUBLIC,ROUTER_DETAILS_AUDIT_CLONE,nas_id,TEXT,4
PUBLIC,ROUTER_DETAILS_AUDIT_CLONE,customer_id,TEXT,5
PUBLIC,ROUTER_DETAILS_AUDIT_CLONE,partner_id,TEXT,6
PUBLIC,ROUTER_DETAILS_AUDIT_CLONE,location,TEXT,7
PUBLIC,ROUTER_DETAILS_AUDIT_CLONE,ping_in_24hrs,NUMBER,8
PUBLIC,ROUTER_DETAILS_AUDIT_CLONE,tx_power,FLOAT,9
PUBLIC,ROUTER_DETAILS_AUDIT_CLONE,rx_power,FLOAT,10
PUBLIC,ROUTER_DETAILS_AUDIT_CLONE,is_customer_active,NUMBER,11
PUBLIC,ROUTER_DETAILS_AUDIT_CLONE,is_plan_active,NUMBER,12
PUBLIC,ROUTER_DETAILS_AUDIT_CLONE,deleted,NUMBER,13
PUBLIC,ROUTER_DETAILS_AUDIT_CLONE,change_type,TEXT,14
PUBLIC,ROUTER_DETAILS_AUDIT_CLONE,change_time,TIMESTAMP_NTZ,15
PUBLIC,ROUTER_DETAILS_AUDIT_PRE_MIGRATION,audit_id,NUMBER,1
PUBLIC,ROUTER_DETAILS_AUDIT_PRE_MIGRATION,device_id,TEXT,2
PUBLIC,ROUTER_DETAILS_AUDIT_PRE_MIGRATION,shard,TEXT,3
PUBLIC,ROUTER_DETAILS_AUDIT_PRE_MIGRATION,nas_id,TEXT,4
PUBLIC,ROUTER_DETAILS_AUDIT_PRE_MIGRATION,customer_id,TEXT,5
PUBLIC,ROUTER_DETAILS_AUDIT_PRE_MIGRATION,partner_id,TEXT,6
PUBLIC,ROUTER_DETAILS_AUDIT_PRE_MIGRATION,location,TEXT,7
PUBLIC,ROUTER_DETAILS_AUDIT_PRE_MIGRATION,ping_in_24hrs,NUMBER,8
PUBLIC,ROUTER_DETAILS_AUDIT_PRE_MIGRATION,tx_power,FLOAT,9
PUBLIC,ROUTER_DETAILS_AUDIT_PRE_MIGRATION,rx_power,FLOAT,10
PUBLIC,ROUTER_DETAILS_AUDIT_PRE_MIGRATION,is_customer_active,NUMBER,11
PUBLIC,ROUTER_DETAILS_AUDIT_PRE_MIGRATION,is_plan_active,NUMBER,12
PUBLIC,ROUTER_DETAILS_AUDIT_PRE_MIGRATION,deleted,NUMBER,13
PUBLIC,ROUTER_DETAILS_AUDIT_PRE_MIGRATION,change_type,TEXT,14
PUBLIC,ROUTER_DETAILS_AUDIT_PRE_MIGRATION,change_time,TIMESTAMP_NTZ,15
PUBLIC,ROUTER_DETAILS_CLONE,device_id,TEXT,1
PUBLIC,ROUTER_DETAILS_CLONE,shard,TEXT,2
PUBLIC,ROUTER_DETAILS_CLONE,nas_id,TEXT,3
PUBLIC,ROUTER_DETAILS_CLONE,customer_id,TEXT,4
PUBLIC,ROUTER_DETAILS_CLONE,partner_id,TEXT,5
PUBLIC,ROUTER_DETAILS_CLONE,location,TEXT,6
PUBLIC,ROUTER_DETAILS_CLONE,ping_in_24hrs,NUMBER,7
PUBLIC,ROUTER_DETAILS_CLONE,tx_power,FLOAT,8
PUBLIC,ROUTER_DETAILS_CLONE,rx_power,FLOAT,9
PUBLIC,ROUTER_DETAILS_CLONE,is_customer_active,NUMBER,10
PUBLIC,ROUTER_DETAILS_CLONE,is_plan_active,NUMBER,11
PUBLIC,ROUTER_DETAILS_CLONE,deleted,NUMBER,12
PUBLIC,ROUTER_DETAILS_CLONE,added_time,TIMESTAMP_NTZ,13
PUBLIC,ROUTER_DETAILS_CLONE,modified_time,TIMESTAMP_NTZ,14
PUBLIC,ROUTER_DETAILS_PRE_MIGRATION,device_id,TEXT,1
PUBLIC,ROUTER_DETAILS_PRE_MIGRATION,shard,TEXT,2
PUBLIC,ROUTER_DETAILS_PRE_MIGRATION,nas_id,TEXT,3
PUBLIC,ROUTER_DETAILS_PRE_MIGRATION,customer_id,TEXT,4
PUBLIC,ROUTER_DETAILS_PRE_MIGRATION,partner_id,TEXT,5
PUBLIC,ROUTER_DETAILS_PRE_MIGRATION,location,TEXT,6
PUBLIC,ROUTER_DETAILS_PRE_MIGRATION,ping_in_24hrs,NUMBER,7
PUBLIC,ROUTER_DETAILS_PRE_MIGRATION,tx_power,FLOAT,8
PUBLIC,ROUTER_DETAILS_PRE_MIGRATION,rx_power,FLOAT,9
PUBLIC,ROUTER_DETAILS_PRE_MIGRATION,is_customer_active,NUMBER,10
PUBLIC,ROUTER_DETAILS_PRE_MIGRATION,is_plan_active,NUMBER,11
PUBLIC,ROUTER_DETAILS_PRE_MIGRATION,deleted,NUMBER,12
PUBLIC,ROUTER_DETAILS_PRE_MIGRATION,added_time,TIMESTAMP_NTZ,13
PUBLIC,ROUTER_DETAILS_PRE_MIGRATION,modified_time,TIMESTAMP_NTZ,14
PUBLIC,ROUTER_LOGS,table,TEXT,1
PUBLIC,ROUTER_LOGS,TASK_ID,TEXT,2
PUBLIC,ROUTER_LOGS,DATASOURCE_ID,TEXT,3
PUBLIC,ROUTER_LOGS,KEY,TEXT,4
PUBLIC,ROUTER_LOGS,ADDED_TIME,TIMESTAMP_NTZ,5
PUBLIC,ROUTER_LOGS,MOBILE,TEXT,6
PUBLIC,ROUTER_LOGS,SOURCE_FLAG,TEXT,7
PUBLIC,ROUTER_LOGS,ACCOUNT_ID,TEXT,8
PUBLIC,ROUTER_LOGS,EVENT_NAME,TEXT,9
PUBLIC,ROUTER_LOGS,DATA,TEXT,10
PUBLIC,RR_CALLS_DATA_DUMP,DEVICE_ID,TEXT,5
PUBLIC,RR_CALLS_DATA_DUMP,DEVICE_LATITUDE,TEXT,20
PUBLIC,RR_CALLS_DATA_DUMP,DEVICE_LONGITUDE,TEXT,21
PUBLIC,RR_VISITS_DATA_DUMP,DEVICE_ID,TEXT,5
PUBLIC,RR_VISITS_DATA_DUMP,DEVICE_LATITUDE,TEXT,18
PUBLIC,RR_VISITS_DATA_DUMP,DEVICE_LONGITUDE,TEXT,19
PUBLIC,S3_DAILY_USAGE_L1,ROUTERMAC,TEXT,3
PUBLIC,S3_DATA_USAGE,MAC,TEXT,5
PUBLIC,S3_DATA_USAGE,ROUTERMAC,TEXT,6
PUBLIC,S3_DATA_USAGE_1__DEDUP,MAC,TEXT,5
PUBLIC,S3_DATA_USAGE_1__DEDUP,ROUTERMAC,TEXT,6
PUBLIC,S3_DATA_USAGE_RAW,MAC,TEXT,5
PUBLIC,S3_DATA_USAGE_RAW,ROUTER_MAC,TEXT,7
PUBLIC,S3_HOURLY_USAGE_PRORATED,ROUTER_MAC,TEXT,5
PUBLIC,SERVICE_TICKET_MODEL,ROUTER_NAS_ID,TEXT,18
PUBLIC,SERVICE_TICKET_MODEL,DEVICE_ID,TEXT,19
PUBLIC,SERVICE_TICKET_MODEL_PRE_MIGRATION,ROUTER_NAS_ID,TEXT,19
PUBLIC,SERVICE_TICKET_MODEL_PRE_MIGRATION,DEVICE_ID,TEXT,20
PUBLIC,SERVICE_TICKET_MODEL_RCA_11_MAY,ROUTER_NAS_ID,TEXT,18
PUBLIC,SERVICE_TICKET_MODEL_RCA_11_MAY,DEVICE_ID,TEXT,19
PUBLIC,STG_CUSTOMER_BASE,ROUTER_NAS_ID,NUMBER,1
PUBLIC,STG_CUSTOMER_BASE,DEVICE_ID,TEXT,17
PUBLIC,STG_INVENTORY_MODEL_CUSTOMER_INSTALLS,DEVICE_ID,TEXT,1
PUBLIC,STG_INVENTORY_MODEL_DEVICES,DEVICE_ID,TEXT,1
PUBLIC,STG_INVENTORY_MODEL_DEVICES,SERIAL,TEXT,3
PUBLIC,STG_INVENTORY_MODEL_DEVICE_AUDIT,DEVICE_ID,TEXT,2
PUBLIC,STG_INVENTORY_MODEL_PYROPS_GRN,DEVICE_ID,TEXT,1
PUBLIC,STG_INVENTORY_MODEL_PYROPS_GRN,DEVICE_TYPE,TEXT,8
PUBLIC,STREAM_SUMMARY_TEMP_01C61D5F_B8C3_44E5_9277_877154C639AE,DEVICE_ID,TEXT,24
PUBLIC,SUPPLY_MODEL,ROUTER_UTILIZATION_SEGMENT,TEXT,82
PUBLIC,SUPPLY_MODEL_PRE_MIGRATION,ROUTER_UTILIZATION_SEGMENT,TEXT,83
PUBLIC,TASKVANILLA,DEVICE_ID,TEXT,20
PUBLIC,TASKVANILLA,DEVICEID,TEXT,93
PUBLIC,TASKVANILLA,DEVICE_PHOTO,TEXT,103
PUBLIC,TASKVANILLA,OPTICALPOWER,TEXT,125
PUBLIC,TASKVANILLA,ROUTER_MAC,TEXT,172
PUBLIC,TASKVANILLA,OPTICAL_POWER_SOURCE,TEXT,174
PUBLIC,TASKVANILLA_AUDIT,DEVICE_ID,TEXT,20
PUBLIC,TASKVANILLA_AUDIT,DEVICEID,TEXT,93
PUBLIC,TASKVANILLA_AUDIT,DEVICE_PHOTO,TEXT,103
PUBLIC,TASKVANILLA_AUDIT,OPTICALPOWER,TEXT,125
PUBLIC,TASKVANILLA_AUDIT,ROUTER_MAC,TEXT,176
PUBLIC,TASKVANILLA_AUDIT,OPTICAL_POWER_SOURCE,TEXT,178
PUBLIC,TASKVANILLA_AUDIT_HISTORY_BEFORE_2024_02_01,DEVICE_ID,TEXT,20
PUBLIC,TASKVANILLA_AUDIT_HISTORY_BEFORE_2024_02_01,DEVICEID,TEXT,93
PUBLIC,TASKVANILLA_AUDIT_HISTORY_BEFORE_2024_02_01,DEVICE_PHOTO,TEXT,103
PUBLIC,TASKVANILLA_AUDIT_HISTORY_BEFORE_2024_02_01,OPTICALPOWER,TEXT,125
PUBLIC,TASK_LOGS_FIX_DE,VALUE_DEVICE_ID,TEXT,16
PUBLIC,TASK_LOGS_FIX_DE,VALUE_RX_POWER,FLOAT,17
PUBLIC,TASK_LOGS_FIX_DE,VALUE_TX_POWER,FLOAT,18
PUBLIC,TEMP_DEVICES,DEVICE_ID,TEXT,1
PUBLIC,TEMP_DEVICES2,DEVICE_ID,TEXT,1
PUBLIC,TEMP_T_WG_CUSTOMER,DEVICE_ID,TEXT,7
PUBLIC,TEST_DYNAMO_BOOKINGVANILLA_AUDIT_DE,DEVICE_ID,TEXT,40
PUBLIC,TEST_DYNAMO_BOOKINGVANILLA_AUDIT_DE,DEVICE,TEXT,130
PUBLIC,TEST_DYNAMO_BOOKINGVANILLA_AUDIT_DE,ROUTERMAC,TEXT,132
PUBLIC,TEST_DYNAMO_BOOKINGVANILLA_AUDIT_DE,DEVICEID,TEXT,133
PUBLIC,TICKETVANILLA,DEVICE_ID,TEXT,27
PUBLIC,TICKETVANILLA_AUDIT,DEVICE_ID,TEXT,27
PUBLIC,TICKET_DUMP_JUNE_API_DATA,customerDeviceId,TEXT,14
PUBLIC,TRADED_DEVICE_2026,DEVICE_ID,TEXT,1
PUBLIC,TRADED_DEVICE_ALL,DEVICE_ID,TEXT,2
PUBLIC,TRADED_DEVICE_ALL,DEVICE_ID_TYPE,TEXT,3
PUBLIC,TRADED_DEVICE_MUMBAI_SERIAL_NO,SERIAL_NO,TEXT,2
PUBLIC,TRADED_DEVICE_SAKET,DEVICE_ID,TEXT,4
PUBLIC,TRANSACTIONS_AUDIT_DE,DEVICE_ID,TEXT,11
PUBLIC,TRUM_INSTALL_WITH_EVENTS,ROUTER_NAS_ID,NUMBER,6
PUBLIC,T_ACCOUNT,ELIGIBLE_DEVICES,NUMBER,6
PUBLIC,T_ACCOUNT_BACKUP_20250319,ELIGIBLE_DEVICES,NUMBER,11
PUBLIC,T_ACCOUNT_PRE_MIGRATION,ELIGIBLE_DEVICES,NUMBER,11
PUBLIC,T_CONTROLLER,ROUTER_NAS_ID,NUMBER,1
PUBLIC,T_CONTROLLER,ROUTER_WIFI_MAC,TEXT,4
PUBLIC,T_CONTROLLER,DEVICE_TYPE,TEXT,5
PUBLIC,T_CONTROLLER,DEVICE_MAC,TEXT,10
PUBLIC,T_CONTROLLER,ROUTER_LAN_MAC,TEXT,17
PUBLIC,T_CONTROLLER_HIST,ROUTER_NAS_ID,NUMBER,1
PUBLIC,T_CONTROLLER_HIST,ROUTER_WIFI_MAC,TEXT,4
PUBLIC,T_CONTROLLER_HIST,DEVICE_TYPE,TEXT,5
PUBLIC,T_CONTROLLER_HIST,DEVICE_MAC,TEXT,10
PUBLIC,T_CONTROLLER_HIST,ROUTER_LAN_MAC,TEXT,17
PUBLIC,T_DEVICE,DEVICE_ID,TEXT,1
PUBLIC,T_DEVICE,MAC,TEXT,4
PUBLIC,T_DEVICE,SERIAL,TEXT,6
PUBLIC,T_DEVICE,DEVICE_TYPE,TEXT,10
PUBLIC,T_DEVICE_AUDIT,DEVICE_ID,TEXT,4
PUBLIC,T_DEVICE_AUDIT,MAC,TEXT,8
PUBLIC,T_DEVICE_AUDIT,SERIAL,TEXT,10
PUBLIC,T_DEVICE_AUDIT,DEVICE_TYPE,TEXT,13
PUBLIC,T_DEVICE_AUDIT_14_MAY,MAC,TEXT,2
PUBLIC,T_DEVICE_AUDIT_14_MAY,DEVICE_ID,TEXT,9
PUBLIC,T_DEVICE_AUDIT_14_MAY,SERIAL,TEXT,19
PUBLIC,T_DEVICE_AUDIT_14_MAY,DEVICE_TYPE,TEXT,22
PUBLIC,T_DEVICE_AUDIT_HISTORICAL,DEVICE_TYPE,TEXT,8
PUBLIC,T_DEVICE_AUDIT_HISTORICAL,MAC,TEXT,14
PUBLIC,T_DEVICE_AUDIT_HISTORICAL,DEVICE_ID,TEXT,21
PUBLIC,T_DEVICE_AUDIT_HISTORICAL,SERIAL,TEXT,24
PUBLIC,T_DEVICE_AUDIT_LEAD_LAG_LOCATIONS,DEVICE_ID,TEXT,3
PUBLIC,T_DEVICE_AUDIT_LEAD_LAG_LOCATIONS_PRE_MIGRATION,DEVICE_ID,TEXT,3
PUBLIC,T_DEVICE_AUDIT_LEAD_LAG_LOCATIONS_V1,DEVICE_ID,TEXT,3
PUBLIC,T_DEVICE_AUDIT_LEAD_LAG_LOCATIONS_V2,DEVICE_ID,TEXT,3
PUBLIC,T_DEVICE_AUDIT_NEW,MAC,TEXT,2
PUBLIC,T_DEVICE_AUDIT_NEW,DEVICE_ID,TEXT,8
PUBLIC,T_DEVICE_AUDIT_NEW,SERIAL,TEXT,17
PUBLIC,T_DEVICE_AUDIT_NEW,DEVICE_TYPE,TEXT,20
PUBLIC,T_DEVICE_AUDIT_POST_2026_02_26,DEVICE_ID,TEXT,4
PUBLIC,T_DEVICE_AUDIT_POST_2026_02_26,MAC,TEXT,8
PUBLIC,T_DEVICE_AUDIT_POST_2026_02_26,SERIAL,TEXT,10
PUBLIC,T_DEVICE_AUDIT_POST_2026_02_26,DEVICE_TYPE,TEXT,13
PUBLIC,T_DEVICE_AUDIT_PRE_2026_02_26,DEVICE_ID,TEXT,4
PUBLIC,T_DEVICE_AUDIT_PRE_2026_02_26,MAC,TEXT,8
PUBLIC,T_DEVICE_AUDIT_PRE_2026_02_26,SERIAL,TEXT,10
PUBLIC,T_DEVICE_AUDIT_PRE_2026_02_26,DEVICE_TYPE,TEXT,13
PUBLIC,T_DEVICE_AUDIT_PRE_MIGRATION,DEVICE_ID,TEXT,2
PUBLIC,T_DEVICE_AUDIT_PRE_MIGRATION,MAC,TEXT,3
PUBLIC,T_DEVICE_AUDIT_PRE_MIGRATION,SERIAL,TEXT,11
PUBLIC,T_DEVICE_AUDIT_PRE_MIGRATION,DEVICE_TYPE,TEXT,22
PUBLIC,T_DEVICE_BUILD,MAC,TEXT,1
PUBLIC,T_DEVICE_BUILD,DEVICEPASSWORD,TEXT,7
PUBLIC,T_DEVICE_BUILD,DEVICE_TYPE,TEXT,11
PUBLIC,T_DEVICE_BUILD,ROUTER_NAS_ID,NUMBER,17
PUBLIC,T_DEVICE_BUILD,DEVICESTATE,TEXT,21
PUBLIC,T_DEVICE_PRE_MIGRATION,DEVICE_ID,TEXT,2
PUBLIC,T_DEVICE_PRE_MIGRATION,MAC,TEXT,3
PUBLIC,T_DEVICE_PRE_MIGRATION,SERIAL,TEXT,10
PUBLIC,T_DEVICE_PRE_MIGRATION,DEVICE_TYPE,TEXT,26
PUBLIC,T_FIRMWARE,ROUTER_MODEL,TEXT,4
PUBLIC,T_INVENTORY,DEVICE_ID,TEXT,4
PUBLIC,T_INVENTORY,MAC,TEXT,9
PUBLIC,T_INVENTORY,SERIAL,TEXT,11
PUBLIC,T_INVENTORY_AUDIT,DEVICE_ID,TEXT,3
PUBLIC,T_INVENTORY_AUDIT,MAC,TEXT,6
PUBLIC,T_INVENTORY_REQUEST,ROUTER_QUANTITY,NUMBER,8
PUBLIC,T_INVENTORY_REQUEST,APPROVED_ROUTER_QUANTITY,NUMBER,9
PUBLIC,T_INVENTORY_REQUEST,DEVICE_TYPE,TEXT,16
PUBLIC,T_PAYG_MIGRATION_AUDIT,DEVICE_ID,TEXT,6
PUBLIC,T_PLAN_CONFIGURATION,CONCURRENT_DEVICES,NUMBER,10
PUBLIC,T_ROUTER_BANDWIDTH,ID,NUMBER,1
PUBLIC,T_ROUTER_BANDWIDTH,NASID,NUMBER,2
PUBLIC,T_ROUTER_BANDWIDTH,DOWNLOAD_BW,FLOAT,3
PUBLIC,T_ROUTER_BANDWIDTH,UPLOAD_BW,FLOAT,4
PUBLIC,T_ROUTER_BANDWIDTH,OPERATION_ID,NUMBER,5
PUBLIC,T_ROUTER_BANDWIDTH,SOURCE,TEXT,6
PUBLIC,T_ROUTER_BANDWIDTH,TYPE,NUMBER,7
PUBLIC,T_ROUTER_BANDWIDTH,TIMESTAMP,TIMESTAMP_NTZ,8
PUBLIC,T_ROUTER_BANDWIDTH,_FIVETRAN_DELETED,BOOLEAN,9
PUBLIC,T_ROUTER_BANDWIDTH,_FIVETRAN_SYNCED,TIMESTAMP_TZ,10
PUBLIC,T_ROUTER_BANDWIDTH,SHARD,TEXT,11
PUBLIC,T_ROUTER_OPERATION,OPERATION_ID,NUMBER,1
PUBLIC,T_ROUTER_OPERATION,OPERATION_TYPE,NUMBER,2
PUBLIC,T_ROUTER_OPERATION,OPERATION_PARAMETER,TEXT,3
PUBLIC,T_ROUTER_OPERATION,VERSION,NUMBER,4
PUBLIC,T_ROUTER_OPERATION,OPERATION_EXPIRY_TIME,TIMESTAMP_NTZ,5
PUBLIC,T_ROUTER_OPERATION,OPERATION_START_TIME,TIMESTAMP_NTZ,6
PUBLIC,T_ROUTER_OPERATION,OPERATION_TEXT,TEXT,7
PUBLIC,T_ROUTER_OPERATION,ROUTER_NAS_ID,NUMBER,8
PUBLIC,T_ROUTER_OPERATION,CONTROLLER_ID,NUMBER,9
PUBLIC,T_ROUTER_OPERATION,OPERATION_ORIGIN,NUMBER,10
PUBLIC,T_ROUTER_OPERATION,RESPONSE_TEXT,TEXT,11
PUBLIC,T_ROUTER_OPERATION,OPERATION_PUBLISH_TIME,TIMESTAMP_NTZ,12
PUBLIC,T_ROUTER_OPERATION,STATUS,NUMBER,13
PUBLIC,T_ROUTER_OPERATION,OPERATION_FINISH_TIME,TIMESTAMP_NTZ,14
PUBLIC,T_ROUTER_OPERATION,_FIVETRAN_DELETED,BOOLEAN,15
PUBLIC,T_ROUTER_OPERATION,_FIVETRAN_SYNCED,TIMESTAMP_TZ,16
PUBLIC,T_ROUTER_OPERATION,SHARD,TEXT,17
PUBLIC,T_ROUTER_USER_MAPPING,ID,NUMBER,1
PUBLIC,T_ROUTER_USER_MAPPING,OTP_ISSUED_TIME,TIMESTAMP_NTZ,2
PUBLIC,T_ROUTER_USER_MAPPING,TRANSACTION_ID,TEXT,3
PUBLIC,T_ROUTER_USER_MAPPING,OTP_EXPIRY_TIME,TIMESTAMP_NTZ,4
PUBLIC,T_ROUTER_USER_MAPPING,ENTRYUNIXEPOCH,NUMBER,5
PUBLIC,T_ROUTER_USER_MAPPING,DEVICE_LIMIT,NUMBER,6
PUBLIC,T_ROUTER_USER_MAPPING,MOBILE,TEXT,7
PUBLIC,T_ROUTER_USER_MAPPING,AUTH_STATE,NUMBER,8
PUBLIC,T_ROUTER_USER_MAPPING,OTP,TEXT,9
PUBLIC,T_ROUTER_USER_MAPPING,DATA_PLAN,NUMBER,10
PUBLIC,T_ROUTER_USER_MAPPING,CREATED_BY,NUMBER,11
PUBLIC,T_ROUTER_USER_MAPPING,SELECTED_PLAN_ID,NUMBER,12
PUBLIC,T_ROUTER_USER_MAPPING,PLAN_INCREASED_IN_SEC,NUMBER,13
PUBLIC,T_ROUTER_USER_MAPPING,CHARGES,FLOAT,14
PUBLIC,T_ROUTER_USER_MAPPING,ROUTER_NAS_ID,NUMBER,15
PUBLIC,T_ROUTER_USER_MAPPING,CREATED_ON,TIMESTAMP_NTZ,16
PUBLIC,T_ROUTER_USER_MAPPING,EXTRA_DATA,TEXT,17
PUBLIC,T_ROUTER_USER_MAPPING,STORE_GROUP_ID,NUMBER,18
PUBLIC,T_ROUTER_USER_MAPPING,TIME_PLAN,NUMBER,19
PUBLIC,T_ROUTER_USER_MAPPING,UPDATED_BY,NUMBER,20
PUBLIC,T_ROUTER_USER_MAPPING,STATUS,TEXT,21
PUBLIC,T_ROUTER_USER_MAPPING,RECHARGE_ISP,BOOLEAN,22
PUBLIC,T_ROUTER_USER_MAPPING,IS_COMMISSION_ELIGIBLE,BOOLEAN,23
PUBLIC,T_ROUTER_USER_MAPPING_13_JAN_2026_I2E1,MOBILE,TEXT,1
PUBLIC,T_ROUTER_USER_MAPPING_13_JAN_2026_I2E1,ROUTER_NAS_ID,NUMBER,2
PUBLIC,T_ROUTER_USER_MAPPING_13_JAN_2026_I2E1,OTP,TEXT,3
PUBLIC,T_ROUTER_USER_MAPPING_13_JAN_2026_I2E1,OTP_ISSUED_TIME,TIMESTAMP_NTZ,4
PUBLIC,T_ROUTER_USER_MAPPING_13_JAN_2026_I2E1,OTP_EXPIRY_TIME,TIMESTAMP_NTZ,5
PUBLIC,T_ROUTER_USER_MAPPING_13_JAN_2026_I2E1,EXTRA_DATA,TEXT,6
PUBLIC,T_ROUTER_USER_MAPPING_13_JAN_2026_I2E1,DATA_PLAN,NUMBER,7
PUBLIC,T_ROUTER_USER_MAPPING_13_JAN_2026_I2E1,AUTH_STATE,NUMBER,8
PUBLIC,T_ROUTER_USER_MAPPING_13_JAN_2026_I2E1,CHARGES,FLOAT,9
PUBLIC,T_ROUTER_USER_MAPPING_13_JAN_2026_I2E1,STORE_GROUP_ID,NUMBER,10
PUBLIC,T_ROUTER_USER_MAPPING_13_JAN_2026_I2E1,CREATED_BY,NUMBER,11
PUBLIC,T_ROUTER_USER_MAPPING_13_JAN_2026_I2E1,DEVICE_LIMIT,NUMBER,12
PUBLIC,T_ROUTER_USER_MAPPING_13_JAN_2026_I2E1,CREATED_ON,TIMESTAMP_NTZ,13
PUBLIC,T_ROUTER_USER_MAPPING_13_JAN_2026_I2E1,TIME_PLAN,NUMBER,14
PUBLIC,T_ROUTER_USER_MAPPING_13_JAN_2026_I2E1,STATUS,TEXT,15
PUBLIC,T_ROUTER_USER_MAPPING_13_JAN_2026_I2E1,UPDATED_BY,NUMBER,16
PUBLIC,T_ROUTER_USER_MAPPING_13_JAN_2026_I2E1,TRANSACTION_ID,TEXT,17
PUBLIC,T_ROUTER_USER_MAPPING_13_JAN_2026_I2E1,SELECTED_PLAN_ID,NUMBER,18
PUBLIC,T_ROUTER_USER_MAPPING_13_JAN_2026_I2E1,ENTRYUNIXEPOCH,NUMBER,19
PUBLIC,T_ROUTER_USER_MAPPING_13_JAN_2026_I2E1,PLAN_INCREASED_IN_SEC,NUMBER,20
PUBLIC,T_ROUTER_USER_MAPPING_13_JAN_2026_SHARD_01,MOBILE,TEXT,1
PUBLIC,T_ROUTER_USER_MAPPING_13_JAN_2026_SHARD_01,ROUTER_NAS_ID,NUMBER,2
PUBLIC,T_ROUTER_USER_MAPPING_13_JAN_2026_SHARD_01,OTP,TEXT,3
PUBLIC,T_ROUTER_USER_MAPPING_13_JAN_2026_SHARD_01,OTP_ISSUED_TIME,TIMESTAMP_NTZ,4
PUBLIC,T_ROUTER_USER_MAPPING_13_JAN_2026_SHARD_01,OTP_EXPIRY_TIME,TIMESTAMP_NTZ,5
PUBLIC,T_ROUTER_USER_MAPPING_13_JAN_2026_SHARD_01,EXTRA_DATA,TEXT,6
PUBLIC,T_ROUTER_USER_MAPPING_13_JAN_2026_SHARD_01,DATA_PLAN,NUMBER,7
PUBLIC,T_ROUTER_USER_MAPPING_13_JAN_2026_SHARD_01,AUTH_STATE,NUMBER,8
PUBLIC,T_ROUTER_USER_MAPPING_13_JAN_2026_SHARD_01,CHARGES,FLOAT,9
PUBLIC,T_ROUTER_USER_MAPPING_13_JAN_2026_SHARD_01,STORE_GROUP_ID,NUMBER,10
PUBLIC,T_ROUTER_USER_MAPPING_13_JAN_2026_SHARD_01,CREATED_BY,NUMBER,11
PUBLIC,T_ROUTER_USER_MAPPING_13_JAN_2026_SHARD_01,DEVICE_LIMIT,NUMBER,12
PUBLIC,T_ROUTER_USER_MAPPING_13_JAN_2026_SHARD_01,CREATED_ON,TIMESTAMP_NTZ,13
PUBLIC,T_ROUTER_USER_MAPPING_13_JAN_2026_SHARD_01,TIME_PLAN,NUMBER,14
PUBLIC,T_ROUTER_USER_MAPPING_13_JAN_2026_SHARD_01,STATUS,TEXT,15
PUBLIC,T_ROUTER_USER_MAPPING_13_JAN_2026_SHARD_01,UPDATED_BY,NUMBER,16
PUBLIC,T_ROUTER_USER_MAPPING_13_JAN_2026_SHARD_01,TRANSACTION_ID,TEXT,17
PUBLIC,T_ROUTER_USER_MAPPING_13_JAN_2026_SHARD_01,SELECTED_PLAN_ID,NUMBER,18
PUBLIC,T_ROUTER_USER_MAPPING_13_JAN_2026_SHARD_01,ENTRYUNIXEPOCH,NUMBER,19
PUBLIC,T_ROUTER_USER_MAPPING_13_JAN_2026_SHARD_01,PLAN_INCREASED_IN_SEC,NUMBER,20
PUBLIC,T_ROUTER_USER_MAPPING_HOME_ROUTER_TABLE_DE,ID,NUMBER,1
PUBLIC,T_ROUTER_USER_MAPPING_HOME_ROUTER_TABLE_DE,OTP_ISSUED_TIME,TIMESTAMP_NTZ,2
PUBLIC,T_ROUTER_USER_MAPPING_HOME_ROUTER_TABLE_DE,TRANSACTION_ID,TEXT,3
PUBLIC,T_ROUTER_USER_MAPPING_HOME_ROUTER_TABLE_DE,OTP_EXPIRY_TIME,TIMESTAMP_NTZ,4
PUBLIC,T_ROUTER_USER_MAPPING_HOME_ROUTER_TABLE_DE,ENTRYUNIXEPOCH,NUMBER,5
PUBLIC,T_ROUTER_USER_MAPPING_HOME_ROUTER_TABLE_DE,DEVICE_LIMIT,NUMBER,6
PUBLIC,T_ROUTER_USER_MAPPING_HOME_ROUTER_TABLE_DE,MOBILE,TEXT,7
PUBLIC,T_ROUTER_USER_MAPPING_HOME_ROUTER_TABLE_DE,AUTH_STATE,NUMBER,8
PUBLIC,T_ROUTER_USER_MAPPING_HOME_ROUTER_TABLE_DE,OTP,TEXT,9
PUBLIC,T_ROUTER_USER_MAPPING_HOME_ROUTER_TABLE_DE,DATA_PLAN,NUMBER,10
PUBLIC,T_ROUTER_USER_MAPPING_HOME_ROUTER_TABLE_DE,CREATED_BY,NUMBER,11
PUBLIC,T_ROUTER_USER_MAPPING_HOME_ROUTER_TABLE_DE,SELECTED_PLAN_ID,NUMBER,12
PUBLIC,T_ROUTER_USER_MAPPING_HOME_ROUTER_TABLE_DE,PLAN_INCREASED_IN_SEC,NUMBER,13
PUBLIC,T_ROUTER_USER_MAPPING_HOME_ROUTER_TABLE_DE,CHARGES,NUMBER,14
PUBLIC,T_ROUTER_USER_MAPPING_HOME_ROUTER_TABLE_DE,ROUTER_NAS_ID,NUMBER,15
PUBLIC,T_ROUTER_USER_MAPPING_HOME_ROUTER_TABLE_DE,CREATED_ON,TIMESTAMP_NTZ,16
PUBLIC,T_ROUTER_USER_MAPPING_HOME_ROUTER_TABLE_DE,EXTRA_DATA,TEXT,17
PUBLIC,T_ROUTER_USER_MAPPING_HOME_ROUTER_TABLE_DE,STORE_GROUP_ID,NUMBER,18
PUBLIC,T_ROUTER_USER_MAPPING_HOME_ROUTER_TABLE_DE,TIME_PLAN,NUMBER,19
PUBLIC,T_ROUTER_USER_MAPPING_HOME_ROUTER_TABLE_DE,UPDATED_BY,NUMBER,20
PUBLIC,T_ROUTER_USER_MAPPING_HOME_ROUTER_TABLE_DE,STATUS,TEXT,21
PUBLIC,T_ROUTER_USER_MAPPING_HOME_ROUTER_TABLE_DE,SHARD,TEXT,22
PUBLIC,T_ROUTER_USER_MAPPING_HOME_ROUTER_TABLE_DE,IS_COMMISSION_ELIGIBLE,BOOLEAN,23
PUBLIC,T_ROUTER_USER_MAPPING_HOME_ROUTER_TABLE_DE,RECHARGE_ISP,BOOLEAN,24
PUBLIC,T_ROUTER_USER_MAPPING_HOME_ROUTER_TABLE_DE_PRE_MIGRATION,ID,NUMBER,1
PUBLIC,T_ROUTER_USER_MAPPING_HOME_ROUTER_TABLE_DE_PRE_MIGRATION,OTP_ISSUED_TIME,TIMESTAMP_NTZ,2
PUBLIC,T_ROUTER_USER_MAPPING_HOME_ROUTER_TABLE_DE_PRE_MIGRATION,TRANSACTION_ID,TEXT,3
PUBLIC,T_ROUTER_USER_MAPPING_HOME_ROUTER_TABLE_DE_PRE_MIGRATION,OTP_EXPIRY_TIME,TIMESTAMP_NTZ,4
PUBLIC,T_ROUTER_USER_MAPPING_HOME_ROUTER_TABLE_DE_PRE_MIGRATION,ENTRYUNIXEPOCH,NUMBER,5
PUBLIC,T_ROUTER_USER_MAPPING_HOME_ROUTER_TABLE_DE_PRE_MIGRATION,DEVICE_LIMIT,NUMBER,6
PUBLIC,T_ROUTER_USER_MAPPING_HOME_ROUTER_TABLE_DE_PRE_MIGRATION,MOBILE,TEXT,7
PUBLIC,T_ROUTER_USER_MAPPING_HOME_ROUTER_TABLE_DE_PRE_MIGRATION,AUTH_STATE,NUMBER,8
PUBLIC,T_ROUTER_USER_MAPPING_HOME_ROUTER_TABLE_DE_PRE_MIGRATION,OTP,TEXT,9
PUBLIC,T_ROUTER_USER_MAPPING_HOME_ROUTER_TABLE_DE_PRE_MIGRATION,DATA_PLAN,NUMBER,10
PUBLIC,T_ROUTER_USER_MAPPING_HOME_ROUTER_TABLE_DE_PRE_MIGRATION,CREATED_BY,NUMBER,11
PUBLIC,T_ROUTER_USER_MAPPING_HOME_ROUTER_TABLE_DE_PRE_MIGRATION,SELECTED_PLAN_ID,NUMBER,12
PUBLIC,T_ROUTER_USER_MAPPING_HOME_ROUTER_TABLE_DE_PRE_MIGRATION,PLAN_INCREASED_IN_SEC,NUMBER,13
PUBLIC,T_ROUTER_USER_MAPPING_HOME_ROUTER_TABLE_DE_PRE_MIGRATION,CHARGES,NUMBER,14
PUBLIC,T_ROUTER_USER_MAPPING_HOME_ROUTER_TABLE_DE_PRE_MIGRATION,ROUTER_NAS_ID,NUMBER,15
PUBLIC,T_ROUTER_USER_MAPPING_HOME_ROUTER_TABLE_DE_PRE_MIGRATION,CREATED_ON,TIMESTAMP_NTZ,16
PUBLIC,T_ROUTER_USER_MAPPING_HOME_ROUTER_TABLE_DE_PRE_MIGRATION,EXTRA_DATA,TEXT,17
PUBLIC,T_ROUTER_USER_MAPPING_HOME_ROUTER_TABLE_DE_PRE_MIGRATION,STORE_GROUP_ID,NUMBER,18
PUBLIC,T_ROUTER_USER_MAPPING_HOME_ROUTER_TABLE_DE_PRE_MIGRATION,TIME_PLAN,NUMBER,19
PUBLIC,T_ROUTER_USER_MAPPING_HOME_ROUTER_TABLE_DE_PRE_MIGRATION,UPDATED_BY,NUMBER,20
PUBLIC,T_ROUTER_USER_MAPPING_HOME_ROUTER_TABLE_DE_PRE_MIGRATION,STATUS,TEXT,21
PUBLIC,T_ROUTER_USER_MAPPING_HOME_ROUTER_TABLE_DE_PRE_MIGRATION,SHARD,TEXT,22
PUBLIC,T_ROUTER_USER_MAPPING_HOME_ROUTER_TABLE_DE_PRE_MIGRATION,IS_COMMISSION_ELIGIBLE,BOOLEAN,23
PUBLIC,T_ROUTER_USER_MAPPING_HOME_ROUTER_TABLE_DE_PRE_MIGRATION,RECHARGE_ISP,BOOLEAN,24
PUBLIC,T_ROUTER_USER_MAPPING_I2E1,ID,NUMBER,1
PUBLIC,T_ROUTER_USER_MAPPING_I2E1,OTP_ISSUED_TIME,TIMESTAMP_NTZ,2
PUBLIC,T_ROUTER_USER_MAPPING_I2E1,TRANSACTION_ID,TEXT,3
PUBLIC,T_ROUTER_USER_MAPPING_I2E1,OTP_EXPIRY_TIME,TIMESTAMP_NTZ,4
PUBLIC,T_ROUTER_USER_MAPPING_I2E1,ENTRYUNIXEPOCH,NUMBER,5
PUBLIC,T_ROUTER_USER_MAPPING_I2E1,DEVICE_LIMIT,NUMBER,6
PUBLIC,T_ROUTER_USER_MAPPING_I2E1,MOBILE,TEXT,7
PUBLIC,T_ROUTER_USER_MAPPING_I2E1,AUTH_STATE,NUMBER,8
PUBLIC,T_ROUTER_USER_MAPPING_I2E1,OTP,TEXT,9
PUBLIC,T_ROUTER_USER_MAPPING_I2E1,DATA_PLAN,NUMBER,10
PUBLIC,T_ROUTER_USER_MAPPING_I2E1,CREATED_BY,NUMBER,11
PUBLIC,T_ROUTER_USER_MAPPING_I2E1,SELECTED_PLAN_ID,NUMBER,12
PUBLIC,T_ROUTER_USER_MAPPING_I2E1,PLAN_INCREASED_IN_SEC,NUMBER,13
PUBLIC,T_ROUTER_USER_MAPPING_I2E1,CHARGES,FLOAT,14
PUBLIC,T_ROUTER_USER_MAPPING_I2E1,ROUTER_NAS_ID,NUMBER,15
PUBLIC,T_ROUTER_USER_MAPPING_I2E1,CREATED_ON,TIMESTAMP_NTZ,16
PUBLIC,T_ROUTER_USER_MAPPING_I2E1,EXTRA_DATA,TEXT,17
PUBLIC,T_ROUTER_USER_MAPPING_I2E1,STORE_GROUP_ID,NUMBER,18
PUBLIC,T_ROUTER_USER_MAPPING_I2E1,TIME_PLAN,NUMBER,19
PUBLIC,T_ROUTER_USER_MAPPING_I2E1,UPDATED_BY,NUMBER,20
PUBLIC,T_ROUTER_USER_MAPPING_I2E1,STATUS,TEXT,21
PUBLIC,T_ROUTER_USER_MAPPING_I2E1,SHARD,TEXT,22
PUBLIC,T_ROUTER_USER_MAPPING_I2E1,RECHARGE_ISP,BOOLEAN,23
PUBLIC,T_ROUTER_USER_MAPPING_I2E1,IS_COMMISSION_ELIGIBLE,BOOLEAN,24
PUBLIC,T_ROUTER_USER_MAPPING_PRE_MIGRATION,ID,NUMBER,1
PUBLIC,T_ROUTER_USER_MAPPING_PRE_MIGRATION,OTP_ISSUED_TIME,TIMESTAMP_NTZ,2
PUBLIC,T_ROUTER_USER_MAPPING_PRE_MIGRATION,TRANSACTION_ID,TEXT,3
PUBLIC,T_ROUTER_USER_MAPPING_PRE_MIGRATION,OTP_EXPIRY_TIME,TIMESTAMP_NTZ,4
PUBLIC,T_ROUTER_USER_MAPPING_PRE_MIGRATION,ENTRYUNIXEPOCH,NUMBER,5
PUBLIC,T_ROUTER_USER_MAPPING_PRE_MIGRATION,DEVICE_LIMIT,NUMBER,6
PUBLIC,T_ROUTER_USER_MAPPING_PRE_MIGRATION,MOBILE,TEXT,7
PUBLIC,T_ROUTER_USER_MAPPING_PRE_MIGRATION,AUTH_STATE,NUMBER,8
PUBLIC,T_ROUTER_USER_MAPPING_PRE_MIGRATION,OTP,TEXT,9
PUBLIC,T_ROUTER_USER_MAPPING_PRE_MIGRATION,DATA_PLAN,NUMBER,10
PUBLIC,T_ROUTER_USER_MAPPING_PRE_MIGRATION,CREATED_BY,NUMBER,11
PUBLIC,T_ROUTER_USER_MAPPING_PRE_MIGRATION,SELECTED_PLAN_ID,NUMBER,12
PUBLIC,T_ROUTER_USER_MAPPING_PRE_MIGRATION,PLAN_INCREASED_IN_SEC,NUMBER,13
PUBLIC,T_ROUTER_USER_MAPPING_PRE_MIGRATION,CHARGES,FLOAT,14
PUBLIC,T_ROUTER_USER_MAPPING_PRE_MIGRATION,ROUTER_NAS_ID,NUMBER,15
PUBLIC,T_ROUTER_USER_MAPPING_PRE_MIGRATION,CREATED_ON,TIMESTAMP_NTZ,16
PUBLIC,T_ROUTER_USER_MAPPING_PRE_MIGRATION,EXTRA_DATA,TEXT,17
PUBLIC,T_ROUTER_USER_MAPPING_PRE_MIGRATION,STORE_GROUP_ID,NUMBER,18
PUBLIC,T_ROUTER_USER_MAPPING_PRE_MIGRATION,TIME_PLAN,NUMBER,19
PUBLIC,T_ROUTER_USER_MAPPING_PRE_MIGRATION,UPDATED_BY,NUMBER,20
PUBLIC,T_ROUTER_USER_MAPPING_PRE_MIGRATION,STATUS,TEXT,21
PUBLIC,T_ROUTER_USER_MAPPING_PRE_MIGRATION,SHARD,TEXT,22
PUBLIC,T_ROUTER_USER_MAPPING_PRE_MIGRATION,RECHARGE_ISP,BOOLEAN,23
PUBLIC,T_ROUTER_USER_MAPPING_PRE_MIGRATION,IS_COMMISSION_ELIGIBLE,BOOLEAN,24
PUBLIC,T_ROUTER_USER_MAPPING_SECONDARY_TABLE_DE,ID,NUMBER,1
PUBLIC,T_ROUTER_USER_MAPPING_SECONDARY_TABLE_DE,OTP_ISSUED_TIME,TIMESTAMP_NTZ,2
PUBLIC,T_ROUTER_USER_MAPPING_SECONDARY_TABLE_DE,TRANSACTION_ID,TEXT,3
PUBLIC,T_ROUTER_USER_MAPPING_SECONDARY_TABLE_DE,OTP_EXPIRY_TIME,TIMESTAMP_NTZ,4
PUBLIC,T_ROUTER_USER_MAPPING_SECONDARY_TABLE_DE,ENTRYUNIXEPOCH,NUMBER,5
PUBLIC,T_ROUTER_USER_MAPPING_SECONDARY_TABLE_DE,DEVICE_LIMIT,NUMBER,6
PUBLIC,T_ROUTER_USER_MAPPING_SECONDARY_TABLE_DE,MOBILE,TEXT,7
PUBLIC,T_ROUTER_USER_MAPPING_SECONDARY_TABLE_DE,AUTH_STATE,NUMBER,8
PUBLIC,T_ROUTER_USER_MAPPING_SECONDARY_TABLE_DE,OTP,TEXT,9
PUBLIC,T_ROUTER_USER_MAPPING_SECONDARY_TABLE_DE,DATA_PLAN,NUMBER,10
PUBLIC,T_ROUTER_USER_MAPPING_SECONDARY_TABLE_DE,CREATED_BY,NUMBER,11
PUBLIC,T_ROUTER_USER_MAPPING_SECONDARY_TABLE_DE,SELECTED_PLAN_ID,NUMBER,12
PUBLIC,T_ROUTER_USER_MAPPING_SECONDARY_TABLE_DE,PLAN_INCREASED_IN_SEC,NUMBER,13
PUBLIC,T_ROUTER_USER_MAPPING_SECONDARY_TABLE_DE,CHARGES,NUMBER,14
PUBLIC,T_ROUTER_USER_MAPPING_SECONDARY_TABLE_DE,ROUTER_NAS_ID,NUMBER,15
PUBLIC,T_ROUTER_USER_MAPPING_SECONDARY_TABLE_DE,CREATED_ON,TIMESTAMP_NTZ,16
PUBLIC,T_ROUTER_USER_MAPPING_SECONDARY_TABLE_DE,EXTRA_DATA,TEXT,17
PUBLIC,T_ROUTER_USER_MAPPING_SECONDARY_TABLE_DE,STORE_GROUP_ID,NUMBER,18
PUBLIC,T_ROUTER_USER_MAPPING_SECONDARY_TABLE_DE,TIME_PLAN,NUMBER,19
PUBLIC,T_ROUTER_USER_MAPPING_SECONDARY_TABLE_DE,UPDATED_BY,TEXT,20
PUBLIC,T_ROUTER_USER_MAPPING_SECONDARY_TABLE_DE,STATUS,TEXT,21
PUBLIC,T_ROUTER_USER_MAPPING_SECONDARY_TABLE_DE,SHARD,TEXT,22
PUBLIC,T_ROUTER_USER_MAPPING_SECONDARY_TABLE_DE,RECHARGE_ISP,BOOLEAN,23
PUBLIC,T_ROUTER_USER_MAPPING_SECONDARY_TABLE_DE,IS_COMMISSION_ELIGIBLE,BOOLEAN,24
PUBLIC,T_ROUTER_USER_MAPPING_SECONDARY_TABLE_DE_PRE_MIGRATION,ID,NUMBER,1
PUBLIC,T_ROUTER_USER_MAPPING_SECONDARY_TABLE_DE_PRE_MIGRATION,OTP_ISSUED_TIME,TIMESTAMP_NTZ,2
PUBLIC,T_ROUTER_USER_MAPPING_SECONDARY_TABLE_DE_PRE_MIGRATION,TRANSACTION_ID,TEXT,3
PUBLIC,T_ROUTER_USER_MAPPING_SECONDARY_TABLE_DE_PRE_MIGRATION,OTP_EXPIRY_TIME,TIMESTAMP_NTZ,4
PUBLIC,T_ROUTER_USER_MAPPING_SECONDARY_TABLE_DE_PRE_MIGRATION,ENTRYUNIXEPOCH,NUMBER,5
PUBLIC,T_ROUTER_USER_MAPPING_SECONDARY_TABLE_DE_PRE_MIGRATION,DEVICE_LIMIT,NUMBER,6
PUBLIC,T_ROUTER_USER_MAPPING_SECONDARY_TABLE_DE_PRE_MIGRATION,MOBILE,TEXT,7
PUBLIC,T_ROUTER_USER_MAPPING_SECONDARY_TABLE_DE_PRE_MIGRATION,AUTH_STATE,NUMBER,8
PUBLIC,T_ROUTER_USER_MAPPING_SECONDARY_TABLE_DE_PRE_MIGRATION,OTP,TEXT,9
PUBLIC,T_ROUTER_USER_MAPPING_SECONDARY_TABLE_DE_PRE_MIGRATION,DATA_PLAN,NUMBER,10
PUBLIC,T_ROUTER_USER_MAPPING_SECONDARY_TABLE_DE_PRE_MIGRATION,CREATED_BY,NUMBER,11
PUBLIC,T_ROUTER_USER_MAPPING_SECONDARY_TABLE_DE_PRE_MIGRATION,SELECTED_PLAN_ID,NUMBER,12
PUBLIC,T_ROUTER_USER_MAPPING_SECONDARY_TABLE_DE_PRE_MIGRATION,PLAN_INCREASED_IN_SEC,NUMBER,13
PUBLIC,T_ROUTER_USER_MAPPING_SECONDARY_TABLE_DE_PRE_MIGRATION,CHARGES,NUMBER,14
PUBLIC,T_ROUTER_USER_MAPPING_SECONDARY_TABLE_DE_PRE_MIGRATION,ROUTER_NAS_ID,NUMBER,15
PUBLIC,T_ROUTER_USER_MAPPING_SECONDARY_TABLE_DE_PRE_MIGRATION,CREATED_ON,TIMESTAMP_NTZ,16
PUBLIC,T_ROUTER_USER_MAPPING_SECONDARY_TABLE_DE_PRE_MIGRATION,EXTRA_DATA,TEXT,17
PUBLIC,T_ROUTER_USER_MAPPING_SECONDARY_TABLE_DE_PRE_MIGRATION,STORE_GROUP_ID,NUMBER,18
PUBLIC,T_ROUTER_USER_MAPPING_SECONDARY_TABLE_DE_PRE_MIGRATION,TIME_PLAN,NUMBER,19
PUBLIC,T_ROUTER_USER_MAPPING_SECONDARY_TABLE_DE_PRE_MIGRATION,UPDATED_BY,TEXT,20
PUBLIC,T_ROUTER_USER_MAPPING_SECONDARY_TABLE_DE_PRE_MIGRATION,STATUS,TEXT,21
PUBLIC,T_ROUTER_USER_MAPPING_SECONDARY_TABLE_DE_PRE_MIGRATION,SHARD,TEXT,22
PUBLIC,T_ROUTER_USER_MAPPING_SECONDARY_TABLE_DE_PRE_MIGRATION,RECHARGE_ISP,BOOLEAN,23
PUBLIC,T_ROUTER_USER_MAPPING_SECONDARY_TABLE_DE_PRE_MIGRATION,IS_COMMISSION_ELIGIBLE,BOOLEAN,24
PUBLIC,T_ROUTER_USER_MAPPING_SHARD_01,ID,NUMBER,1
PUBLIC,T_ROUTER_USER_MAPPING_SHARD_01,OTP_ISSUED_TIME,TIMESTAMP_NTZ,2
PUBLIC,T_ROUTER_USER_MAPPING_SHARD_01,TRANSACTION_ID,TEXT,3
PUBLIC,T_ROUTER_USER_MAPPING_SHARD_01,OTP_EXPIRY_TIME,TIMESTAMP_NTZ,4
PUBLIC,T_ROUTER_USER_MAPPING_SHARD_01,ENTRYUNIXEPOCH,NUMBER,5
PUBLIC,T_ROUTER_USER_MAPPING_SHARD_01,DEVICE_LIMIT,NUMBER,6
PUBLIC,T_ROUTER_USER_MAPPING_SHARD_01,MOBILE,TEXT,7
PUBLIC,T_ROUTER_USER_MAPPING_SHARD_01,AUTH_STATE,NUMBER,8
PUBLIC,T_ROUTER_USER_MAPPING_SHARD_01,OTP,TEXT,9
PUBLIC,T_ROUTER_USER_MAPPING_SHARD_01,DATA_PLAN,NUMBER,10
PUBLIC,T_ROUTER_USER_MAPPING_SHARD_01,CREATED_BY,NUMBER,11
PUBLIC,T_ROUTER_USER_MAPPING_SHARD_01,SELECTED_PLAN_ID,NUMBER,12
PUBLIC,T_ROUTER_USER_MAPPING_SHARD_01,PLAN_INCREASED_IN_SEC,NUMBER,13
PUBLIC,T_ROUTER_USER_MAPPING_SHARD_01,CHARGES,FLOAT,14
PUBLIC,T_ROUTER_USER_MAPPING_SHARD_01,ROUTER_NAS_ID,NUMBER,15
PUBLIC,T_ROUTER_USER_MAPPING_SHARD_01,CREATED_ON,TIMESTAMP_NTZ,16
PUBLIC,T_ROUTER_USER_MAPPING_SHARD_01,EXTRA_DATA,TEXT,17
PUBLIC,T_ROUTER_USER_MAPPING_SHARD_01,STORE_GROUP_ID,NUMBER,18
PUBLIC,T_ROUTER_USER_MAPPING_SHARD_01,TIME_PLAN,NUMBER,19
PUBLIC,T_ROUTER_USER_MAPPING_SHARD_01,UPDATED_BY,NUMBER,20
PUBLIC,T_ROUTER_USER_MAPPING_SHARD_01,STATUS,TEXT,21
PUBLIC,T_ROUTER_USER_MAPPING_SHARD_01,SHARD,TEXT,22
PUBLIC,T_ROUTER_USER_MAPPING_SHARD_01,RECHARGE_ISP,BOOLEAN,23
PUBLIC,T_ROUTER_USER_MAPPING_SHARD_01,IS_COMMISSION_ELIGIBLE,BOOLEAN,24
PUBLIC,T_STORE,ROUTER_NAS_ID,NUMBER,1
PUBLIC,T_STORE,DEVICE_VERSION,TEXT,2
PUBLIC,T_STORE,DEVICE_TYPE,TEXT,5
PUBLIC,T_STORE,DEVICE_MAC,TEXT,53
PUBLIC,T_STORE_TEMP_DE,ROUTER_NAS_ID,NUMBER,1
PUBLIC,T_STORE_TEMP_DE,DEVICE_VERSION,TEXT,2
PUBLIC,T_STORE_TEMP_DE,DEVICE_TYPE,TEXT,5
PUBLIC,T_STORE_TEMP_DE,DEVICE_MAC,TEXT,53
PUBLIC,T_WG_CUSTOMER,DEVICE_ID,TEXT,7
PUBLIC,T_WG_CUSTOMER_ACTIVE,DEVICE_ID,TEXT,7
PUBLIC,T_WG_CUSTOMER_ARCHIVE,DEVICE_ID,TEXT,7
PUBLIC,T_WG_CUSTOMER_AUDIT,DEVICE_ID,TEXT,7
PUBLIC,T_WG_CUSTOMER_AUDIT_1,DEVICE_ID,TEXT,7
PUBLIC,T_WG_CUSTOMER_AUDIT_ACTIVE,DEVICE_ID,TEXT,8
PUBLIC,T_WG_CUSTOMER_AUDIT_BACKUP_2026_03_19,DEVICE_ID,TEXT,8
PUBLIC,T_WG_CUSTOMER_AUDIT_BACKUP_2026_04_02,DEVICE_ID,TEXT,7
PUBLIC,T_WG_CUSTOMER_AUDIT_DE,DEVICE_ID,TEXT,6
PUBLIC,T_WG_CUSTOMER_AUDIT_NEW,DEVICE_ID,TEXT,7
PUBLIC,T_WG_CUSTOMER_AUDIT_PRE_MIGRATION,DEVICE_ID,TEXT,8
PUBLIC,T_WG_CUSTOMER_BACKUP_2026_03_19,DEVICE_ID,TEXT,7
PUBLIC,T_WG_CUSTOMER_PRE_MIGRATION,DEVICE_ID,TEXT,7
PUBLIC,T_WIOM_LEAD,DEVICE_ID,TEXT,16
PUBLIC,UDHAM_ROUTER_JOURNEY_POST_RETURN,TRANSITION_DATE,TEXT,1
PUBLIC,UDHAM_ROUTER_JOURNEY_POST_RETURN,DEVICE_ID,TEXT,2
PUBLIC,UDHAM_ROUTER_JOURNEY_POST_RETURN,MAC_ID,TEXT,3
PUBLIC,UDHAM_ROUTER_JOURNEY_POST_RETURN,PARTNER_NAME,TEXT,4
PUBLIC,UDHAM_ROUTER_JOURNEY_POST_RETURN,LCO_ID,NUMBER,5
PUBLIC,UDHAM_ROUTER_JOURNEY_POST_RETURN,CITY,TEXT,6
PUBLIC,UDHAM_ROUTER_JOURNEY_POST_RETURN,PARTNER_ZONE,TEXT,7
PUBLIC,UDHAM_ROUTER_JOURNEY_POST_RETURN,RETURNED_BY,TEXT,8
PUBLIC,UDHAM_ROUTER_JOURNEY_POST_RETURN,MONTH,NUMBER,9
PUBLIC,UDHAM_ROUTER_JOURNEY_POST_RETURN,YEAR,NUMBER,10
PUBLIC,UDHAM_ROUTER_JOURNEY_POST_RETURN,DEVICE_TYPE,TEXT,11
PUBLIC,UDHAM_ROUTER_JOURNEY_POST_RETURN,ZONE_BUCKET,TEXT,12
PUBLIC,UDHAM_ROUTER_JOURNEY_POST_RETURN,GRN_TIME,TEXT,13
PUBLIC,UDHAM_ROUTER_JOURNEY_POST_RETURN,GRN_LOCATION,TEXT,14
PUBLIC,UDHAM_ROUTER_JOURNEY_POST_RETURN,IS_BAD,NUMBER,15
PUBLIC,UDHAM_ROUTER_JOURNEY_POST_RETURN,PUTWAY_TIME,TEXT,16
PUBLIC,UDHAM_ROUTER_JOURNEY_POST_RETURN,ORDER_CREATED_TIME,TEXT,17
PUBLIC,UDHAM_ROUTER_JOURNEY_POST_RETURN,ORDER_PACKED_TIME,TEXT,18
PUBLIC,UDHAM_ROUTER_JOURNEY_POST_RETURN,ORDER_SHIP_TIME,TEXT,19
PUBLIC,UDHAM_ROUTER_JOURNEY_POST_RETURN,PARTNER_ID,TEXT,20
PUBLIC,UDHAM_ROUTER_JOURNEY_POST_RETURN,CURRENT_WAREHOUSE_STATE,TEXT,21
PUBLIC,UDHAM_ROUTER_JOURNEY_POST_RETURN,RNK,NUMBER,22
PUBLIC,UNUSABLE_DEVICE_DATE,DEVICE_ID,TEXT,1
PUBLIC,UNUSABLE_DEVICE_DATE_FOR_MIS,DEVICE_ID,TEXT,2
PUBLIC,V2_RATING_BONNUS,lost_devices,NUMBER,5
PUBLIC,V2_RATING_BONNUS_16th,lost_devices,NUMBER,3
PUBLIC,V2_WORK_DEVICE_BONUS,lost_devices,FLOAT,6
PUBLIC,V2_WORK_DEVICE_BONUS,dynamo_lost_devices,NUMBER,7
PUBLIC,V2_WORK_DEVICE_BONUS,device_sla,FLOAT,9
PUBLIC,V2_WORK_DEVICE_BONUS,dynamo_device_percentage,FLOAT,11
PUBLIC,V2_WORK_DEVICE_BONUS,device_bonus,FLOAT,14
PUBLIC,V2_WORK_DEVICE_BONUS,dynamo_device_bonus,FLOAT,15
PUBLIC,V2_WORK_DEVICE_BONUS,device_bonus_mismatch,TEXT,20
PUBLIC,VW_PYROPS_INWARD_AS_TABLE2,SERIALNO,TEXT,37
PUBLIC,VW_PYROPS_INWARD_AS_TABLE2,ITEMSERIALNO,TEXT,46
PUBLIC,VW_PYROPS_INWARD_AS_TABLE2,DEVICEMAC,TEXT,68
PUBLIC,V_COMBINED_CSP_LEDGER,NETBOX_ID,TEXT,20
PUBLIC,V_COMBINED_CSP_LEDGER,DEVICES_ISSUED,NUMBER,24
PUBLIC,V_COMBINED_CSP_LEDGER,DEVICES_RETURNED,NUMBER,25
PUBLIC,V_COMBINED_CSP_LEDGER,DEVICES_PENDING,NUMBER,26
PUBLIC,V_COMBINED_CSP_LEDGER,DEVICE_ID,TEXT,27
PUBLIC,V_CUSTOMER_INFO,DEVICE_ID,TEXT,2
PUBLIC,V_CUSTOMER_INFO_PRE_MIGRATION,DEVICE_ID,TEXT,2
PUBLIC,V_DEVICE_LAST_PING,DEVICE_ID,TEXT,2
PUBLIC,V_SERVICE_TICKET_MODEL_FINAL,ROUTER_NAS_ID,TEXT,18
PUBLIC,V_SERVICE_TICKET_MODEL_FINAL,DEVICE_ID,TEXT,19
PUBLIC,WANI_COMPLIANCE_EVENTS_ENRICHED,DEVICE_NAS_ID,TEXT,5
PUBLIC,WANI_COMPLIANCE_EVENTS_ENRICHED,DEVICE_ID,TEXT,14
PUBLIC,WANI_COMPLIANCE_EVENTS_QA,device_nas_id,TEXT,5
PUBLIC,WAREHOUSE_PHYSICAL_TRACKING,SERIAL_NO,TEXT,3
PUBLIC,WAREHOUSE_PHYSICAL_TRACKING,DEVICE_ID,TEXT,4
PUBLIC,WAREHOUSE_PHYSICAL_TRACKING,DEVICE_MODEL,TEXT,5
PUBLIC,WIOMNET_PAYMENT_HEALTH_WEEKLY,SIGNAL,TEXT,14
PUBLIC,WIOMNET_PAYMENT_HEALTH_WTD,SIGNAL,TEXT,19
PUBLIC,WIOM_DEVICES_LOCATION,DEVICE_ID,TEXT,1
PUBLIC,WIOM_DEVICES_LOCATION,DEVICE_TYPE,TEXT,3
PUBLIC,WIOM_DEVICES_LOCATION_PRE_MIGRATION,DEVICE_ID,TEXT,1
PUBLIC,WIOM_DEVICES_LOCATION_PRE_MIGRATION,DEVICE_TYPE,TEXT,3
PUBLIC,WIOM_DEVICE_DATA,DEVICE_ID,TEXT,2
PUBLIC,WIOM_DEVICE_DATA,DEVICE_TYPE,TEXT,3
PUBLIC,WIOM_DEVICE_DATA,DEVICE_CYCLE,TEXT,43
PUBLIC,WIOM_DEVICE_DATA_LOGS,DEVICE_ID,TEXT,3
PUBLIC,WIOM_DEVICE_DATA_LOGS,DEVICE_TYPE,TEXT,4
PUBLIC,WIOM_DEVICE_DATA_LOGS,DEVICE_CYCLE,TEXT,43
PUBLIC,WIOM_DEVICE_DATA_PRE_MIGRATION,DEVICE_ID,TEXT,2
PUBLIC,WIOM_DEVICE_DATA_PRE_MIGRATION,DEVICE_TYPE,TEXT,3
PUBLIC,WIOM_DEVICE_DATA_PRE_MIGRATION,DEVICE_CYCLE,TEXT,43
PUBLIC,WRITTEN_OFF_DEVICES,DEVICE_ID,TEXT,2
PUBLIC,_PIPEDREAM_CSP_COVERAGE_RAW,KPI_07_NETBOX_CUSTODY_CSPS,NUMBER,7
PUBLIC,_PIPEDREAM_CSP_COVERAGE_RAW,KPI_16_NETBOX_IDLE_CSPS,NUMBER,16
PUBLIC,_PIPEDREAM_DEVICE_SWAP_PTL,DEVICE_ID,TEXT,2
PUBLIC,_PIPEDREAM_PSF_MOM_DISPATCHED_BUNDLE,DEVICES,NUMBER,4
PUBLIC,_PIPEDREAM_PSF_MOM_OPENING_ELIGIBILITY,FIRST_DEVICE_UPDATE,TIMESTAMP_NTZ,8
PUBLIC,_PIPEDREAM_PSF_MOM_P_LOGS,MIGRATION_TIME_FIRST_DEVICE_UPDATE,TIMESTAMP_NTZ,7
PUBLIC,_PIPEDREAM_PSF_MOM_RECEIVED_DEVICES,DEVICES,NUMBER,3
PUBLIC,_PIPEDREAM_PSF_MOM_SS,DEVICE_ID,NUMBER,3
PUBLIC,complaints_nqt,DEVICE_ID,TEXT,14
PUBLIC,customer_queue_reporting_60days,Device ID,TEXT,69
PUBLIC,device_invoice_serial_number_wise,serial,TEXT,1
PUBLIC,kapture_open_tickets_2h,optical_power,TEXT,13
PUBLIC,kapture_open_tickets_2h,device_id,TEXT,14
PUBLIC,pyrops_grn_raw,SerialNo,TEXT,37
PUBLIC,pyrops_grn_raw,ItemSerialNo,TEXT,46
PUBLIC,pyrops_grn_raw,DeviceMAC,TEXT,68
PUBLIC,service_tickets_prob_fake_closure,DEVICE_ID,TEXT,23
PUBLIC,service_tickets_prob_fake_closure_STAGE_4FBEF739,DEVICE_ID,TEXT,23
PUBLIC,service_tickets_prob_fake_closure_STAGE_E2AF8483,DEVICE_ID,TEXT,23
PUBLIC,v2_partner_rating_bonus_dummy,lost_devices,NUMBER,5
PUBLIC,written_off_devices_legacy,device_id,TEXT,2
