TABLE_SCHEMA,TABLE_NAME,SIGNAL_SCORE,MATCHED_COLUMN_COUNT,VALUE_COLUMNS,CONTEXT_COLUMNS,ROW_COUNT,LAST_ALTERED
PUBLIC,PARTNER_JANAM_KUNDLI2,72,32,ACTIVE_CUSTOMER_WITH_OPTICAL_POWER,"CLAIM_DEVICE_BONUS_M0, CLAIM_DEVICE_BONUS_M1, CLAIM_DEVICE_BONUS_M2, CLAIM_DEVICE_BONUS_M3, DEVICE_BONUS_M0, DEVICE_BONUS_M1, DEVICE_BONUS_M2, DEVICE_BONUS_M3, DEVICE_BONUS_M1_MTD, DEVICE_BONUS_M2_MTD, DEVICE_BONUS_M3_MTD, ACTIVE_CUSTOMER_WITH_OPTICAL_POWER, DEVICE_TICKET_M0, DEVICE_TICKET_M1, DEVICE_TICKET_M2, DEVICE_TICKET_M3, DEVICE_TICKET_SLA_M0, DEVICE_TICKET_SLA_M1, DEVICE_TICKET_SLA_M2, DEVICE_TICKET_SLA_M3",0.0,2026-03-24 08:05:01.235000+05:30
DYNAMODB,SECONDARY_SIGNAL_ROUTER_PLAN_INFO,52,33,,"ENTRY_UNIX_EPOCH_TIME, CREATED_TIME, FIRST_RECHARGE_TIME, PLAN_START_TIME, DEVICE_LIMIT, LCO_ACCOUNT_ID, ENTRY_DATE, TIME_PLAN, LONG_SECONDARY_NAS, PLAN_ID, PLAN_END_TIME, STATUS, CONNECTION, PLAN_AMOUNT, AUTH_STATE, UPDATE_AT, PLAN_NAME, PLAN_INCREASED_IN_SEC",25544722.0,2026-06-27 13:39:06.490000+05:30
DBT,PARTNER_JANAM_KUNDLI,42,17,ACTIVE_CUSTOMER_WITH_OPTICAL_POWER,"ACTIVE_CUSTOMER_WITH_OPTICAL_POWER, CLAIM_DEVICE_BONUS_M0, DEVICE_BONUS_M0, DEVICE_BONUS_M1, DEVICE_TICKET_M1, DEVICE_TICKET_SLA_M1, DEVICE_TICKET_M2, DEVICE_TICKET_SLA_M2, DEVICE_TICKET_M3, DEVICE_TICKET_SLA_M3, TOTAL_DEVICES, TOTAL_ROUTERS, ACTIVE_ROUTERS, CHURNED_ROUTERS, PARTNER_OFFICE_ROUTERS, REPAIR_ROUTERS, PARTNER_RECOVERED_ROUTERS",1763.0,2026-06-27 13:05:00.077000+05:30
PUBLIC,PARTNER_GROWTH_CARD_RAW,42,17,ACTIVE_CUSTOMER_WITH_OPTICAL_POWER,"CLAIM_DEVICE_BONUS_M0, CLAIM_DEVICE_BONUS_M1, CLAIM_DEVICE_BONUS_M2, CLAIM_DEVICE_BONUS_M3, DEVICE_BONUS_M0, DEVICE_BONUS_M1, DEVICE_BONUS_M2, DEVICE_BONUS_M3, ACTIVE_CUSTOMER_WITH_OPTICAL_POWER, DEVICE_TICKET_M0, DEVICE_TICKET_M1, DEVICE_TICKET_M2, DEVICE_TICKET_M3, DEVICE_TICKET_SLA_M0, DEVICE_TICKET_SLA_M1, DEVICE_TICKET_SLA_M2, DEVICE_TICKET_SLA_M3",1078.0,2026-06-27 12:45:41.567000+05:30
PUBLIC,PARTNER_JANAM_KUNDLI,42,17,ACTIVE_CUSTOMER_WITH_OPTICAL_POWER,"ACTIVE_CUSTOMER_WITH_OPTICAL_POWER, CLAIM_DEVICE_BONUS_M0, DEVICE_BONUS_M0, DEVICE_BONUS_M1, DEVICE_TICKET_M1, DEVICE_TICKET_SLA_M1, DEVICE_TICKET_M2, DEVICE_TICKET_SLA_M2, DEVICE_TICKET_M3, DEVICE_TICKET_SLA_M3, TOTAL_DEVICES, TOTAL_ROUTERS, ACTIVE_ROUTERS, CHURNED_ROUTERS, PARTNER_OFFICE_ROUTERS, REPAIR_ROUTERS, PARTNER_RECOVERED_ROUTERS",1763.0,2026-06-27 13:21:20.853000+05:30
DBT,AVG_OPTICAL_SIGNAL,38,5,"AVG_OPTICAL_DBM, OPTICAL_READINGS, OPTICAL_HEALTH",DATE_IST,7887023.0,2026-06-11 12:07:47.130000+05:30
DBT,FCT_OPTICAL_SIGNAL,38,5,"AVG_OPTICAL_DBM, OPTICAL_READINGS, OPTICAL_HEALTH",DATE_IST,9039555.0,2026-06-27 12:54:48.281000+05:30
PUBLIC,HOURLY_DEVICE_PING_INFLUX,38,5,"OPTICAL_MIN, OPTICAL_AVG, OPTICAL_MAX, OPTICAL_IN_RANGE_PINGS",DEVICE_ID,155560913.0,2026-06-27 12:09:10.356000+05:30
PUBLIC,HOURLY_DEVICE_PING_SUMMARY,38,5,"OPTICAL_MIN, OPTICAL_MAX, OPTICAL_SUM, OPTICAL_CNT",DEVICE_ID,174439791.0,2026-06-27 13:18:03.566000+05:30
PUBLIC,HOURLY_DEVICE_PING_SUMMARY_22_JAN_TEST,38,5,"OPTICAL_MIN, OPTICAL_MAX, OPTICAL_SUM, OPTICAL_CNT",DEVICE_ID,282729.0,2026-01-22 16:22:54.484000+05:30
PUBLIC,COMPLIANCE_CUSTOMER_SIGNALS,36,14,"PARTNER_SIGNAL_ID, SIGNAL_CODE","PARTNER_ACCOUNT_ID, CUSTOMER_MOBILE, CUSTOMER_ACCOUNT_ID, DEVICE_ID",11040.0,2026-06-27 09:05:55.272000+05:30
DYNAMODB,HOME_ROUTER_PLAN_INFO,34,33,,"ENTRY_UNIX_EPOCH_TIME, PLAN_START_TIME, LCO_ACCOUNT_ID, PLAN_AMOUNT, CONNECTION, CREATED_TIME, FIRST_RECHARGE_TIME, DEVICE_ID, DEVICE_LIMIT, PLAN_INCREASED_IN_SEC, ACCOUNT_ID, TIME_PLAN, PLAN_ID, PLAN_END_TIME, ENTRY_DATE",6405404.0,2026-06-27 13:39:13.495000+05:30
PUBLIC,DYNAMO_HOME_ROUTER_PLAN_INFO,34,30,,"ENTRY_UNIX_EPOCH_TIME, PLAN_START_TIME, LCO_ACCOUNT_ID, PLAN_AMOUNT, ENTRY_DATE, CONNECTION, CREATED_TIME, FIRST_RECHARGE_TIME, DEVICE_ID, DEVICE_LIMIT, PLAN_INCREASED_IN_SEC, ACCOUNT_ID, TIME_PLAN, PLAN_ID, PLAN_END_TIME",nan,2025-10-08 11:10:03.206000+05:30
PUBLIC,DYNAMO_HOME_ROUTER_PLAN_INFO_AUDIT,34,31,,"ENTRY_UNIX_EPOCH_TIME, PLAN_ID, ACCOUNT_ID, PLAN_START_TIME, TIME_PLAN, PLAN_END_TIME, CREATED_TIME, DEVICE_LIMIT, ENTRY_DATE, FIRST_RECHARGE_TIME, CONNECTION, LCO_ACCOUNT_ID, PLAN_INCREASED_IN_SEC, PLAN_AMOUNT, DEVICE_ID",nan,2025-10-08 11:09:35.874000+05:30
PUBLIC,GX_ROUTER_HOURLY_DATA,32,14,"RX_POWER_AVG, RX_POWER_MAX, RX_POWER_MIN","_TIME, DEVICE_ID",8.0,2026-02-26 17:06:25.228000+05:30
PUBLIC,ROUTER_DETAILS,32,13,"tx_power, rx_power","device_id, customer_id, is_customer_active, is_plan_active, added_time, modified_time",323951.0,2026-06-27 10:12:09.903000+05:30
PUBLIC,ROUTER_DETAILS_CLONE,32,14,"tx_power, rx_power","device_id, customer_id, is_customer_active, is_plan_active, added_time, modified_time",322919.0,2026-01-14 17:48:10.078000+05:30
PUBLIC,ROUTER_DETAILS_PRE_MIGRATION,32,14,"tx_power, rx_power","device_id, customer_id, is_customer_active, is_plan_active, added_time, modified_time",323449.0,2026-03-25 13:20:44.731000+05:30
DBT,HOME_ROUTER_TABLE_DE,30,24,,"OTP_ISSUED_TIME, OTP_EXPIRY_TIME, DEVICE_LIMIT, AUTH_STATE, DATA_PLAN, CREATED_BY, SELECTED_PLAN_ID, PLAN_INCREASED_IN_SEC, ROUTER_NAS_ID, CREATED_ON, TIME_PLAN, UPDATED_BY, STATUS",6404354.0,2026-06-27 13:41:47.687000+05:30
DBT,HOURLY_DEVICE_PING_INFLUX,30,4,"OPTICAL_MIN, OPTICAL_AVG, OPTICAL_MAX",DEVICE_ID,165526317.0,2026-06-27 13:41:45.556000+05:30
DBT,T_ROUTER_USER_MAPPING,30,23,,"OTP_ISSUED_TIME, OTP_EXPIRY_TIME, DEVICE_LIMIT, AUTH_STATE, DATA_PLAN, CREATED_BY, SELECTED_PLAN_ID, PLAN_INCREASED_IN_SEC, ROUTER_NAS_ID, CREATED_ON, TIME_PLAN, UPDATED_BY, STATUS",nan,2026-06-27 12:52:34.196000+05:30
PUBLIC,HOURLY_DEVICE_PING_HEALTH_DT_TEST,30,4,"OPTICAL_MIN, OPTICAL_AVG, OPTICAL_MAX",DEVICE_ID,174439791.0,2026-06-27 13:43:35.049000+05:30
PUBLIC,HOURLY_DEVICE_PING_HEALTH_VW,30,4,"OPTICAL_MIN, OPTICAL_AVG, OPTICAL_MAX",DEVICE_ID,nan,2026-01-12 23:52:11.327000+05:30
PUBLIC,ROUTER_DETAILS_AUDIT,30,14,"tx_power, rx_power","device_id, customer_id, is_customer_active, is_plan_active, change_time",35854602.0,2026-06-27 10:01:12.530000+05:30
PUBLIC,ROUTER_DETAILS_AUDIT_BACKUP,30,15,"tx_power, rx_power","device_id, customer_id, is_customer_active, is_plan_active, change_time",30060256.0,2026-03-12 16:00:56.939000+05:30
PUBLIC,ROUTER_DETAILS_AUDIT_CLONE,30,15,"tx_power, rx_power","device_id, customer_id, is_customer_active, is_plan_active, change_time",27092393.0,2026-01-14 17:47:45.373000+05:30
PUBLIC,ROUTER_DETAILS_AUDIT_PRE_MIGRATION,30,15,"tx_power, rx_power","device_id, customer_id, is_customer_active, is_plan_active, change_time",30393198.0,2026-03-25 13:20:43.907000+05:30
PUBLIC,T_ROUTER_USER_MAPPING,30,23,,"OTP_ISSUED_TIME, OTP_EXPIRY_TIME, DEVICE_LIMIT, AUTH_STATE, DATA_PLAN, CREATED_BY, SELECTED_PLAN_ID, PLAN_INCREASED_IN_SEC, ROUTER_NAS_ID, CREATED_ON, TIME_PLAN, UPDATED_BY, STATUS",nan,2026-03-25 19:43:17.313000+05:30
PUBLIC,T_ROUTER_USER_MAPPING_13_JAN_2026_I2E1,30,20,,"ROUTER_NAS_ID, OTP_ISSUED_TIME, OTP_EXPIRY_TIME, DATA_PLAN, AUTH_STATE, CREATED_BY, DEVICE_LIMIT, CREATED_ON, TIME_PLAN, STATUS, UPDATED_BY, SELECTED_PLAN_ID, PLAN_INCREASED_IN_SEC",694406.0,2026-01-14 13:45:35.412000+05:30
PUBLIC,T_ROUTER_USER_MAPPING_13_JAN_2026_SHARD_01,30,20,,"ROUTER_NAS_ID, OTP_ISSUED_TIME, OTP_EXPIRY_TIME, DATA_PLAN, AUTH_STATE, CREATED_BY, DEVICE_LIMIT, CREATED_ON, TIME_PLAN, STATUS, UPDATED_BY, SELECTED_PLAN_ID, PLAN_INCREASED_IN_SEC",1792456.0,2026-01-14 13:45:01.751000+05:30
PUBLIC,T_ROUTER_USER_MAPPING_HOME_ROUTER_TABLE_DE,30,24,,"OTP_ISSUED_TIME, OTP_EXPIRY_TIME, DEVICE_LIMIT, AUTH_STATE, DATA_PLAN, CREATED_BY, SELECTED_PLAN_ID, PLAN_INCREASED_IN_SEC, ROUTER_NAS_ID, CREATED_ON, TIME_PLAN, UPDATED_BY, STATUS",6404583.0,2026-06-27 13:00:10.988000+05:30
PUBLIC,T_ROUTER_USER_MAPPING_HOME_ROUTER_TABLE_DE_PRE_MIGRATION,30,24,,"OTP_ISSUED_TIME, OTP_EXPIRY_TIME, DEVICE_LIMIT, AUTH_STATE, DATA_PLAN, CREATED_BY, SELECTED_PLAN_ID, PLAN_INCREASED_IN_SEC, ROUTER_NAS_ID, CREATED_ON, TIME_PLAN, UPDATED_BY, STATUS",5884818.0,2026-03-23 17:00:18.754000+05:30
PUBLIC,T_ROUTER_USER_MAPPING_I2E1,30,24,,"OTP_ISSUED_TIME, OTP_EXPIRY_TIME, DEVICE_LIMIT, AUTH_STATE, DATA_PLAN, CREATED_BY, SELECTED_PLAN_ID, PLAN_INCREASED_IN_SEC, ROUTER_NAS_ID, CREATED_ON, TIME_PLAN, UPDATED_BY, STATUS",12360048.0,2026-01-13 17:31:32.388000+05:30
PUBLIC,T_ROUTER_USER_MAPPING_PRE_MIGRATION,30,24,,"OTP_ISSUED_TIME, OTP_EXPIRY_TIME, DEVICE_LIMIT, AUTH_STATE, DATA_PLAN, CREATED_BY, SELECTED_PLAN_ID, PLAN_INCREASED_IN_SEC, ROUTER_NAS_ID, CREATED_ON, TIME_PLAN, UPDATED_BY, STATUS",nan,2026-03-23 15:16:59.773000+05:30
PUBLIC,T_ROUTER_USER_MAPPING_SECONDARY_TABLE_DE,30,24,,"OTP_ISSUED_TIME, OTP_EXPIRY_TIME, DEVICE_LIMIT, AUTH_STATE, DATA_PLAN, CREATED_BY, SELECTED_PLAN_ID, PLAN_INCREASED_IN_SEC, ROUTER_NAS_ID, CREATED_ON, TIME_PLAN, UPDATED_BY, STATUS",25543489.0,2026-06-27 13:00:28.880000+05:30
PUBLIC,T_ROUTER_USER_MAPPING_SECONDARY_TABLE_DE_PRE_MIGRATION,30,24,,"OTP_ISSUED_TIME, OTP_EXPIRY_TIME, DEVICE_LIMIT, AUTH_STATE, DATA_PLAN, CREATED_BY, SELECTED_PLAN_ID, PLAN_INCREASED_IN_SEC, ROUTER_NAS_ID, CREATED_ON, TIME_PLAN, UPDATED_BY, STATUS",23480170.0,2026-03-23 17:00:45.194000+05:30
PUBLIC,T_ROUTER_USER_MAPPING_SHARD_01,30,24,,"OTP_ISSUED_TIME, OTP_EXPIRY_TIME, DEVICE_LIMIT, AUTH_STATE, DATA_PLAN, CREATED_BY, SELECTED_PLAN_ID, PLAN_INCREASED_IN_SEC, ROUTER_NAS_ID, CREATED_ON, TIME_PLAN, UPDATED_BY, STATUS",14824796.0,2026-01-13 17:31:52.853000+05:30
DBT,STG_IX_PING_INFLUX,28,5,"OPTICAL_MIN, OPTICAL_AVG, OPTICAL_MAX","DEVICE_ID, DEVICE_FAMILY",nan,2026-06-27 12:52:18.499000+05:30
PUBLIC,NETWORK_SCORECARD,28,5,"RXPOWER, RXPOWER_IN_RANGE, OPTICALPOWER_IN_RANGE","DEVICE_ID, DEVICE_TYPE",6210906.0,2026-03-23 09:11:44.625000+05:30
PUBLIC,HIMANSHU_TEST123,26,4,"OPTICAL_MIN, OPTICAL_AVG, OPTICAL_MAX",DEVICE_ID,331818.0,2026-03-31 11:40:16.129000+05:30
DBT,TASKVANILLA,24,6,"OPTICALPOWER, OPTICAL_POWER_SOURCE","DEVICE_ID, DEVICEID, DEVICE_PHOTO, ROUTER_MAC",725206.0,2026-06-27 12:54:22.208000+05:30
DBT,TASKVANILLA_AUDIT,24,6,"OPTICALPOWER, OPTICAL_POWER_SOURCE","DEVICE_ID, DEVICEID, DEVICE_PHOTO, ROUTER_MAC",21235871.0,2026-06-27 12:51:15.855000+05:30
PUBLIC,COMPLIANCE_PARTNER_SIGNALS,24,15,SIGNAL_CODE,"PARTNER_ACCOUNT_ID, CUSTOMER_COUNT",2221.0,2026-06-27 09:05:54.501000+05:30
PUBLIC,CT_PARTNER_ISP_ROUTER_MV,24,32,,"TIMESTAMP, ACCOUNT_NAME, DEVICE_BRAND, DEVICE_ID, DEVICE_MODEL, DEVICE_NAME, PARTNER_ACCOUNT_ID, PARTNER_PLAN_TYPE, TIMESTAMP_, TIMER_COUNT",2361602.0,2026-06-22 21:08:02.991000+05:30
PUBLIC,ISP_SCORECARD,24,3,"RXPOWER, RXPOWER_IN_RANGE, OPTICALPOWER_IN_RANGE",,136864.0,2025-07-13 14:25:40.254000+05:30
PUBLIC,ISP_SCORECARD_TABLE,24,3,"rxpower, rxpower_in_range, opticalpower_in_range",,0.0,2025-07-13 14:17:20.464000+05:30
PUBLIC,TASKVANILLA,24,6,"OPTICALPOWER, OPTICAL_POWER_SOURCE","DEVICE_ID, DEVICEID, DEVICE_PHOTO, ROUTER_MAC",724660.0,2026-06-27 13:40:37.956000+05:30
PUBLIC,TASKVANILLA_AUDIT,24,6,"OPTICALPOWER, OPTICAL_POWER_SOURCE","DEVICE_ID, DEVICEID, DEVICE_PHOTO, ROUTER_MAC",33385118.0,2026-06-27 13:39:53.970000+05:30
PUBLIC,UDHAM_ROUTER_JOURNEY_POST_RETURN,24,22,,"TRANSITION_DATE, DEVICE_ID, MAC_ID, DEVICE_TYPE, GRN_TIME, PUTWAY_TIME, ORDER_CREATED_TIME, ORDER_PACKED_TIME, ORDER_SHIP_TIME, CURRENT_WAREHOUSE_STATE",41287.0,2026-06-27 06:15:59.670000+05:30
DBT,OPTICAL_OOR_DEVICE_PCT,22,4,,"DATE_IST, OOR_DEVICE_COUNT, TOTAL_DEVICES",nan,2026-06-11 12:08:22.909000+05:30
PUBLIC,COMPLIANCE_SIGNAL_REGISTRY,22,7,SIGNAL_CODE,ADDED_AT,4.0,2026-05-04 12:33:33.435000+05:30
PUBLIC,POWER_BI_CUSTOMER_AND_DEVICES,22,3,,"LIVE_R25_DEVICES, PAYING_DEVICES, ACTIVE_R15_DEVICES",nan,2026-01-20 14:10:30.842000+05:30
PUBLIC,ACTIVE_CUST,20,4,"OPTICAL_POWER_RX, OPTICAL_POWER_TX","DEVICE_ID, DEVICE_TYPE",131735.0,2026-03-23 12:06:38.235000+05:30
DBT,FCT_OPTICAL_OOR_PCT,18,4,,"DATE_IST, OOR_DEVICE_COUNT, TOTAL_DEVICES",89.0,2026-06-27 13:04:30.036000+05:30
PUBLIC,INFLUX_DATA_INTERNET_SUPPLY_DOWN,18,3,"RXPOWER, TXPOWER",DEVICEID,847243.0,2025-12-05 17:05:30.415000+05:30
PUBLIC,INFLUX_DATA_ISP_DUMMY,18,3,"RXPOWER, TXPOWER",DEVICEID,268268.0,2025-11-23 16:49:39.644000+05:30
PUBLIC,INFLUX_DATA_NPS,18,3,"RXPOWER, TXPOWER",DEVICEID,1361382.0,2025-12-16 16:39:20.333000+05:30
PUBLIC,INFLUX_DATA_NPS_02_DEC,18,3,"RXPOWER, TXPOWER",DEVICEID,1601905.0,2025-12-22 12:51:29.602000+05:30
PUBLIC,INFLUX_DATA_NPS_18_DEC,18,3,"RXPOWER, TXPOWER",DEVICEID,1642730.0,2026-01-02 13:18:36.470000+05:30
PUBLIC,INFLUX_DATA_NPS_22_DEC,18,3,"RXPOWER, TXPOWER",DEVICEID,1358540.0,2025-12-22 13:26:27.231000+05:30
PUBLIC,INFLUX_DATA_NPS_26_NOV,18,3,"RXPOWER, TXPOWER",DEVICEID,1606352.0,2025-12-16 16:36:33.907000+05:30
PUBLIC,INFLUX_DATA_TEMP,18,3,"RXPOWER, TXPOWER",DEVICEID,1242834841.0,2026-03-04 10:04:27.144000+05:30
PUBLIC,INFLUX_DATA_TEMP_15M,18,3,"RXPOWER, TXPOWER",DEVICEID,2060609565.0,2026-01-06 18:34:34.312000+05:30
PUBLIC,INFLUX_DATA_TEMP_15M_PIPEDREAM,18,3,"RXPOWER, TXPOWER",DEVICEID,411339.0,2025-12-18 17:05:19.588000+05:30
PUBLIC,INFLUX_DATA_TEMP_NEW_ONE,18,3,"RXPOWER, TXPOWER",DEVICEID,413038273.0,2026-02-24 18:14:01.914000+05:30
PUBLIC,INFLUX_DATA_TEMP_PING_TIME,18,3,"RXPOWER, TXPOWER",DEVICEID,136304.0,2026-01-12 11:41:11.717000+05:30
PUBLIC,INFLUX_DATA_TEMP_PIPEDREAM,18,3,"RXPOWER, TXPOWER",DEVICEID,198000.0,2026-01-02 15:35:08.799000+05:30
PUBLIC,INFLUX_DATA_TEMP_TEST,18,3,"RXPOWER, TXPOWER",DEVICEID,0.0,2026-01-08 19:21:09.366000+05:30
PUBLIC,INFLUX_DATA_TEMP_new_one,18,3,"RXPOWER, TXPOWER",DEVICEID,0.0,2026-01-13 11:16:12.639000+05:30
PUBLIC,INFLUX_PING_EVENTS_RAW,18,3,"RXPOWER, TXPOWER",DEVICEID,1249798093.0,2026-06-27 13:15:02.568000+05:30
PUBLIC,KULDEEP_22_DEC_2025,18,3,"RXPOWER, TXPOWER",DEVICEID,67693171.0,2025-12-22 13:02:52.708000+05:30
PUBLIC,TASK_LOGS_FIX_DE,18,3,"VALUE_RX_POWER, VALUE_TX_POWER",VALUE_DEVICE_ID,0.0,2025-08-21 15:45:23.769000+05:30
PUBLIC,V2_WORK_DEVICE_BONUS,18,7,,"lost_devices, dynamo_lost_devices, device_sla, dynamo_device_percentage, device_bonus, dynamo_device_bonus, device_bonus_mismatch",12439.0,2026-03-02 14:17:55.402000+05:30
PUBLIC,AUTOPAY_PAYMENT_HEALTH_DAILY,16,2,"D1_SIGNAL, SIGNAL",,9.0,2026-06-27 04:51:04.559000+05:30
PUBLIC,B2I_NEW,16,8,,"TAT_SHARED_TO_VALIDATE_ROUTER_MINS, VALIDATE_ROUTER_TIME, TAT_WIFI_TO_DEVICE_READY_MINS, DEVICE_READY_TIME, TAT_DEVICE_READY_TO_CONN_MINS, TAT_CONN_TO_DEVICE_PHOTO_MINS, DEVICE_PHOTO_TIME, TAT_DEVICE_PHOTO_TO_SPEED_TEST_MINS",nan,2026-06-05 00:54:31.408000+05:30
PUBLIC,T_ROUTER_OPERATION,16,17,,"OPERATION_EXPIRY_TIME, OPERATION_START_TIME, ROUTER_NAS_ID, OPERATION_PUBLISH_TIME, STATUS, OPERATION_FINISH_TIME",1693306.0,2026-06-27 12:46:13.983000+05:30
DYNAMODB,ROUTER_OPERATION,14,12,,"DEVICE_ID, OPERATION_PUBLISH_TIME, OPERATION_EXPIRY_TIME, OPERATION_FINISH_TIME, STATUS",7444951.0,2026-06-27 13:38:59.828000+05:30
PUBLIC,CT_PARTNER_BOOKING_TO_INSTALL_MV,14,7,,"DEVICE_MODEL, DEVICE_NAME, DEVICE_BRAND, DEVICE_ID, ISXIAOMIDEVICE, ISANDROIDGODEVICE, ROUTER",28023277.0,2026-06-27 07:08:40.676000+05:30
PUBLIC,TASKVANILLA_AUDIT_HISTORY_BEFORE_2024_02_01,14,4,OPTICALPOWER,"DEVICE_ID, DEVICEID, DEVICE_PHOTO",1167346.0,2026-04-01 16:51:52.915000+05:30
PUBLIC,T_DEVICE_BUILD,14,5,,"MAC, DEVICEPASSWORD, DEVICE_TYPE, ROUTER_NAS_ID, DEVICESTATE",48859.0,2026-06-27 12:46:09.708000+05:30
DBT,STG_IX_ROUTER_LOGS_SPEEDTEST,12,8,,"DEVICE_ID, ADDED_TIME_IST, DATE_IST, LATENCY_MS",nan,2026-06-27 12:49:30.440000+05:30
PUBLIC,CT_TV_TEMP,12,3,WIFI_RSSI_DBM,"DEVICE_ID, DEVICE_PERFORMANCE_TIER",185437.0,2025-11-24 22:44:39.482000+05:30
PUBLIC,PARTNERVANILLA,12,3,OPTICALPOWER,"ELIGIBLEDEVICES, DEVICEID",2438.0,2025-06-05 16:44:38.995000+05:30
PUBLIC,PARTNERVANILLA_AUDIT,12,3,OPTICALPOWER,"ELIGIBLEDEVICES, DEVICEID",7199396.0,2026-06-26 23:42:39.049000+05:30
PUBLIC,T_DEVICE,12,4,,"DEVICE_ID, MAC, SERIAL, DEVICE_TYPE",351050.0,2026-06-27 12:47:13.064000+05:30
PUBLIC,T_DEVICE_AUDIT,12,4,,"DEVICE_ID, MAC, SERIAL, DEVICE_TYPE",nan,2026-05-22 13:40:46.172000+05:30
PUBLIC,T_DEVICE_AUDIT_14_MAY,12,4,,"MAC, DEVICE_ID, SERIAL, DEVICE_TYPE",96655323.0,2026-05-14 19:28:06.071000+05:30
PUBLIC,T_DEVICE_AUDIT_HISTORICAL,12,4,,"DEVICE_TYPE, MAC, DEVICE_ID, SERIAL",96875734.0,2026-03-27 16:42:19.894000+05:30
PUBLIC,T_DEVICE_AUDIT_NEW,12,4,,"MAC, DEVICE_ID, SERIAL, DEVICE_TYPE",96626331.0,2026-03-27 16:45:33.968000+05:30
PUBLIC,T_DEVICE_AUDIT_POST_2026_02_26,12,4,,"DEVICE_ID, MAC, SERIAL, DEVICE_TYPE",650676.0,2026-06-27 13:40:21.678000+05:30
PUBLIC,T_DEVICE_AUDIT_PRE_2026_02_26,12,4,,"DEVICE_ID, MAC, SERIAL, DEVICE_TYPE",95703746.0,2026-05-22 13:36:59.542000+05:30
PUBLIC,T_DEVICE_AUDIT_PRE_MIGRATION,12,4,,"DEVICE_ID, MAC, SERIAL, DEVICE_TYPE",96626331.0,2026-03-23 12:31:44.248000+05:30
PUBLIC,T_DEVICE_PRE_MIGRATION,12,4,,"DEVICE_ID, MAC, SERIAL, DEVICE_TYPE",349281.0,2026-03-23 12:19:51.274000+05:30
DBT,DEVICE_RECOVERY_MODEL,10,3,,"ROUTER_NAS_ID, DEVICE_ID, DEVICE_TYPE",133134.0,2026-06-26 12:48:11.957000+05:30
DYNAMODB,BOOKING,10,2,ONT,DEVICE_ID,5422813.0,2026-06-27 13:40:04.742000+05:30
DYNAMODB,IN_P_INCENTIVE_PROCESSING_SCHEDULE,10,2,OPTICAL_POWER,DEVICE_ID,175281.0,2026-01-18 13:22:29.905000+05:30
PUBLIC,CT_PARTNER_CSP_EVENTS_MV,10,5,,"DEVICE_BRAND, DEVICE_MODEL, DEVICE_NAME, ISANDROIDGODEVICE, ISXIAOMIDEVICE",20073688.0,2026-06-22 20:52:04.019000+05:30
PUBLIC,CT_PARTNER_FPN_MV,10,5,,"DEVICE_BRAND, DEVICE_MODEL, DEVICE_NAME, ISANDROIDGODEVICE, ISXIAOMIDEVICE",2969149.0,2026-06-27 11:56:26.549000+05:30
PUBLIC,DEVICE_RAW_AGG_DOD,10,3,,"DEVICE_TYPE, DEVICE_ID, ROUTERS_AT_WH",71464.0,2026-05-25 03:46:32.233000+05:30
PUBLIC,DEVICE_RAW_AGG_OKR_4A,10,3,,"DEVICE_TYPE, DEVICE_ID, ROUTERS_AT_WH",1058.0,2026-06-27 04:05:02.869000+05:30
PUBLIC,DYNAMODB_BOOKING_TEST_DE,10,2,ONT,DEVICE_ID,365084.0,2025-11-14 15:54:15.016000+05:30
PUBLIC,DYNAMO_BOOKING,10,2,ONT,DEVICE_ID,nan,2025-10-07 17:10:44.470000+05:30
PUBLIC,DYNAMO_BOOKING_AUDIT,10,2,ONT,DEVICE_ID,nan,2025-11-17 16:21:02.510000+05:30
PUBLIC,GX_ROUTER_HOURLY_DATA_STRINGS,10,11,,"_TIME, DEVICE_ID, DATE",7.0,2026-02-26 17:06:25.022000+05:30
PUBLIC,HOLY_GRAIL_DEVICE_DATA,10,3,,"DEVICE_ID, DEVICE_TYPE, DEVICE_CYCLE",294754.0,2025-07-02 19:43:03.897000+05:30
PUBLIC,INT_INVENTORY_MODEL_DEVICES_BASE,10,3,,"DEVICE_ID, DEVICE_TYPE, SERIAL",385000.0,2026-06-27 02:15:05.689000+05:30
PUBLIC,INVENTORY_MODEL_DEVICES_BASE,10,3,,"DEVICE_ID, DEVICE_TYPE, SERIAL",nan,2026-05-28 17:13:32.704000+05:30
PUBLIC,INVENTORY_MODEL_PRE_MIGRATION,10,5,,"DEVICE_ID, MACID, SERIAL, LATEST_ROUTER_RECOVERY_TICKET_ID, LATEST_ROUTER_RECOVERY_TICKET_TIME",573780.0,2026-03-23 15:15:45.204000+05:30
PUBLIC,T_CONTROLLER,10,5,,"ROUTER_NAS_ID, ROUTER_WIFI_MAC, DEVICE_TYPE, DEVICE_MAC, ROUTER_LAN_MAC",nan,2025-11-07 09:35:03.212000+05:30
PUBLIC,T_CONTROLLER_HIST,10,5,,"ROUTER_NAS_ID, ROUTER_WIFI_MAC, DEVICE_TYPE, DEVICE_MAC, ROUTER_LAN_MAC",514416.0,2026-06-27 13:15:03.335000+05:30
PUBLIC,V_COMBINED_CSP_LEDGER,10,5,,"NETBOX_ID, DEVICES_ISSUED, DEVICES_RETURNED, DEVICES_PENDING, DEVICE_ID",nan,2026-05-15 18:43:33.732000+05:30
PUBLIC,WIOM_DEVICE_DATA,10,3,,"DEVICE_ID, DEVICE_TYPE, DEVICE_CYCLE",379891.0,2026-06-23 17:48:13.842000+05:30
PUBLIC,WIOM_DEVICE_DATA_LOGS,10,3,,"DEVICE_ID, DEVICE_TYPE, DEVICE_CYCLE",2263046.0,2025-12-01 11:54:31.466000+05:30
PUBLIC,WIOM_DEVICE_DATA_PRE_MIGRATION,10,3,,"DEVICE_ID, DEVICE_TYPE, DEVICE_CYCLE",374321.0,2026-03-23 16:19:05.575000+05:30
PUBLIC,kapture_open_tickets_2h,10,2,optical_power,device_id,0.0,2025-09-08 17:02:19.363000+05:30
DBT,BOOKINGVANILLA,8,4,,"DEVICE_ID, DEVICE, ROUTERMAC, DEVICEID",2246710.0,2026-06-27 12:51:58.742000+05:30
DBT,BOOKINGVANILLA_AUDIT,8,4,,"DEVICE_ID, DEVICE, ROUTERMAC, DEVICEID",70602238.0,2026-06-27 13:40:38.050000+05:30
DBT,FCT_PING_FLAP_DEVICES,8,2,,"PING_FLAP_DEVICE_COUNT, PLAN_ACTIVE_DEVICES",105.0,2026-06-27 13:04:32.660000+05:30
DBT,INT_IX_DEVICE_PLAN_SPEED,8,2,,"DEVICE_ID, ROUTER_NAS_ID",nan,2026-06-27 13:06:38.764000+05:30
DBT,NETBOX_DEVICE_ZONE_MAP,8,6,,"CONNECTION_ID, DEVICE_ID",221261.0,2026-06-27 13:43:02.620000+05:30
DBT,PING_FLAP_DEVICES,8,2,,"PING_FLAP_DEVICE_COUNT, PLAN_ACTIVE_DEVICES",nan,2026-06-11 12:08:23.437000+05:30
DBT,STG_IX_DEVICE,8,2,,"DEVICE_ID, DEVICE_FAMILY",nan,2026-06-27 13:03:32.709000+05:30
DS_TABLES,T_USAGE_DATA,8,4,,"ROUTER_NAS_ID, MAC, ROUTER_SESSION, ROUTER_LOGS",2349858882.0,2026-05-29 12:44:02.513000+05:30
PUBLIC,AUTOPAY_PAYMENT_HEALTH_WEEKLY,8,1,SIGNAL,,9.0,2026-06-27 04:46:47.944000+05:30
PUBLIC,BOOKINGVANILLA,8,4,,"DEVICE_ID, DEVICE, ROUTERMAC, DEVICEID",2243295.0,2026-06-27 13:39:00.384000+05:30
PUBLIC,BOOKINGVANILLA_AUDIT,8,4,,"DEVICE_ID, DEVICE, ROUTERMAC, DEVICEID",72000676.0,2026-06-27 13:38:07.838000+05:30
PUBLIC,BOOKINGVANILLA_AUDIT_HISTORY_BEFORE_2024_02_01,8,4,,"DEVICE_ID, DEVICE, ROUTERMAC, DEVICEID",3489279.0,2026-04-01 15:42:19.492000+05:30
PUBLIC,BOOKINGVANILLA_AUDIT_TEST_DE,8,4,,"DEVICE_ID, DEVICE, ROUTERMAC, DEVICEID",1296225.0,2025-10-08 11:44:44.803000+05:30
PUBLIC,BOOKINGVANILLA_TEST_DE,8,4,,"DEVICE_ID, DEVICE, ROUTERMAC, DEVICEID",59228.0,2025-10-15 13:31:50.273000+05:30
PUBLIC,CHURN_DEVICE_DASHBOARD_SF_DF,8,2,,"ROUTER_NAS_ID, DEVICE_ID",179886.0,2026-06-27 07:30:30.575000+05:30
PUBLIC,CHURN_DEVICE_DASHBOARD_SF_RAW_CUSTOMER_CHURN,8,2,,"DEVICE_ID, DEVICE_LOCATION",65328.0,2026-06-27 07:30:19.515000+05:30
PUBLIC,COMPANY_B_CONNECTION_CONNECTION_FUNNEL_WTD,8,1,Signal,,nan,2026-06-25 23:06:03.981000+05:30
PUBLIC,COMPANY_B_MIGRATION_DAILY,8,1,Signal,,5.0,2026-06-27 04:07:18.225000+05:30
PUBLIC,COMPANY_B_MIGRATION_NEW_VS_MIGR,8,1,Signal,,4.0,2026-06-27 04:13:25.345000+05:30
PUBLIC,COMPANY_B_MIGRATION_PLAN_RENEWALS,8,1,SIGNAL,,28.0,2026-06-27 04:13:43.611000+05:30
PUBLIC,COMPANY_B_WAR_ROOM_LAYER3,8,1,Signal,,5.0,2026-06-27 04:18:19.365000+05:30
PUBLIC,CONNECTION_FUNNEL_EXCL_CANCEL_WTD,8,1,SIGNAL,,7.0,2026-06-27 04:15:16.010000+05:30
PUBLIC,CT_PARTENER_ISP_RECHARGE_VALIDATION,8,4,,"DEVICE_BRAND, DEVICE_ID, DEVICE_MODEL, DEVICE_NAME",784422.0,2026-06-22 20:44:10.618000+05:30
PUBLIC,CT_PARTNER_NEW_GLOBAL_OCR_MV,8,4,,"DEVICE_BRAND, DEVICE_NAME, DEVICE_MODEL, DEVICEID",50441.0,2026-06-27 07:08:39.490000+05:30
PUBLIC,DEVICE_STATUS_FEB25,8,2,,"DEVICE_ID, DEVICE_STATUS",256764.0,2025-07-23 19:02:56.964000+05:30
PUBLIC,DYNAMODB_BOOKING_TEST_DE_DUMP,8,4,,"DEVICE_ID, DEVICE, ROUTERMAC, DEVICEID",364811.0,2025-11-25 14:03:06.705000+05:30
PUBLIC,EVOLVED_STREAM_COLWISE,8,4,,"DEVICE_ID, DEVICE, ROUTERMAC, DEVICEID",nan,2025-06-07 09:51:11.433000+05:30
PUBLIC,EVOLVED_STREAM_INLINE,8,4,,"DEVICE_ID, DEVICE, ROUTERMAC, DEVICEID",nan,2025-06-07 09:45:42.662000+05:30
PUBLIC,MAC_DEVICE,8,2,,"DEVICE, MAC",299530.0,2025-09-15 17:59:36.426000+05:30
PUBLIC,MONTH_END_USABLE_DEVICE,8,2,,"DEVICE_TYPE, DEVICE_ID",948.0,2026-06-01 13:35:38.869000+05:30
PUBLIC,PARTNER_DEVICE_COUNTS_HOURLY,8,2,,"TOTAL_DEVICES, ROUTER_PICKUP_COUNT",28208.0,2026-06-27 13:24:27.362000+05:30
PUBLIC,PHYSICAL_AUDIT_MARCH24,8,4,,"DEVICE_ID, MACID, SERIAL_NO, DEVICE_TYPE",33930.0,2026-01-27 22:57:15.754000+05:30
PUBLIC,RENEWAL_HEALTH_DASHBOARD_DAILY,8,1,SIGNAL,,18.0,2026-06-27 03:50:19.666000+05:30
PUBLIC,RENEWAL_HEALTH_DASHBOARD_V3,8,1,SIGNAL,,18.0,2026-06-27 03:45:22.106000+05:30
PUBLIC,RETURNED_DEVICE_ACKNOWLEDGMENT_MAIL_DATA,8,2,,"DEVICES, DEVICE_LIST",16.0,2025-12-09 18:23:44.372000+05:30
PUBLIC,ROUTER_LOGS,8,10,,"ADDED_TIME, ACCOUNT_ID",254992630.0,2026-06-27 13:36:46.105000+05:30
PUBLIC,STG_INVENTORY_MODEL_DEVICES,8,2,,"DEVICE_ID, SERIAL",nan,2026-05-28 17:13:34.574000+05:30
PUBLIC,TEST_DYNAMO_BOOKINGVANILLA_AUDIT_DE,8,4,,"DEVICE_ID, DEVICE, ROUTERMAC, DEVICEID",0.0,2025-10-24 11:55:04.166000+05:30
PUBLIC,TRADED_DEVICE_ALL,8,2,,"DEVICE_ID, DEVICE_ID_TYPE",9471.0,2026-01-19 16:15:36.957000+05:30
PUBLIC,T_STORE,8,4,,"ROUTER_NAS_ID, DEVICE_VERSION, DEVICE_TYPE, DEVICE_MAC",449602.0,2026-06-27 12:46:15.224000+05:30
PUBLIC,T_STORE_TEMP_DE,8,4,,"ROUTER_NAS_ID, DEVICE_VERSION, DEVICE_TYPE, DEVICE_MAC",193201.0,2025-10-01 12:59:04.174000+05:30
PUBLIC,WIOMNET_PAYMENT_HEALTH_WEEKLY,8,1,SIGNAL,,4.0,2026-06-27 04:35:30.187000+05:30
PUBLIC,WIOMNET_PAYMENT_HEALTH_WTD,8,1,SIGNAL,,4.0,2026-06-27 04:35:35.432000+05:30
PUBLIC,WIOM_DEVICES_LOCATION,8,2,,"DEVICE_ID, DEVICE_TYPE",350833.0,2026-06-27 07:57:14.609000+05:30
PUBLIC,WIOM_DEVICES_LOCATION_PRE_MIGRATION,8,2,,"DEVICE_ID, DEVICE_TYPE",350325.0,2026-03-23 18:05:39.652000+05:30
DBT,CUSTOMER_BASE,6,3,,"LIVE_R25_DEVICES, PAYING_DEVICES, ACTIVE_R15_DEVICES",997083.0,2026-06-27 12:54:42.334000+05:30
DBT,DEVICES_ACHIEVING_90PCT_SPEED,6,1,,DEVICES_TESTED,92.0,2026-06-11 12:08:23.128000+05:30
DBT,DEVICES_IMPACTED,6,1,,DEVICES_IMPACTED,31.0,2026-06-10 13:53:20.148000+05:30
DBT,FCT_D3_PCT,6,3,,"ELIGIBLE_DEVICES, COMPANY_B_DEVICES, D3_DEVICES",7.0,2026-06-27 13:07:44.891000+05:30
DBT,FCT_DEVICES_IMPACTED,6,1,,DEVICES_IMPACTED,106.0,2026-06-27 13:01:28.322000+05:30
DBT,FCT_SPEED_TEST_COVERAGE,6,3,,"DEVICES_TESTED, DEVICES_TESTED_V3, DEVICES_TESTED_LEGACY",105.0,2026-06-27 13:04:21.975000+05:30
DBT,INT_IX_DEVICE_PARTNER,6,1,,ROUTER_NAS_ID,nan,2026-06-27 12:52:44.936000+05:30
DBT,INT_IX_DEVICE_RECHARGES,6,1,,ROUTER_NAS_ID,nan,2026-06-27 13:04:21.267000+05:30
DBT,INT_IX_DEVICE_RECOVERY_TIMES,6,1,,DEVICE_ID,nan,2026-06-27 13:03:31.998000+05:30
DBT,PYROPS_RETURN_MODEL,6,3,,"DEVICE_ID, DEVICE_TYPE, DEVICE_CONDITION",69483.0,2026-06-26 12:47:50.593000+05:30
DBT,SPEED_TEST_COVERAGE,6,3,,"DEVICES_TESTED, DEVICES_TESTED_V3, DEVICES_TESTED_LEGACY",92.0,2026-06-11 12:08:21.351000+05:30
DBT,STG_IX_INCIDENT_IMPACTED_DEVICE,6,1,,DEVICE_ID,nan,2026-06-27 12:52:20.086000+05:30
DBT,V_DEVICE_LAST_PING,6,1,,DEVICE_ID,nan,2026-06-27 12:52:18.727000+05:30
DYNAMODB,LOST_DEVICE_HISTORY,6,1,,DEVICE_ID,132187.0,2026-06-27 13:39:17.500000+05:30
DYNAMODB,PARTNER_DEVICE_BONUS_DISBURSEMENT,6,1,,DEVICE_ID,1904111.0,2026-06-16 22:23:21.139000+05:30
DYNAMODB,TASKS_ROUTER_CONNECTIONS_AUDIT,6,8,,CREATED,403882.0,2026-01-04 17:08:22.260000+05:30
PUBLIC,BACKUP_KAPTURE_PARTNER_TICKETS_REPORT_6_MAY,6,3,,"DEVICE_ID, CUSTOMER_DEVICE_ID, DEVICE_ID_1",154482.0,2026-05-06 13:11:23.637000+05:30
PUBLIC,BOOKING_DEVICE_DAILY_TEST,6,1,,DEVICE_ID,220807.0,2025-11-17 19:32:27.582000+05:30
PUBLIC,CHURN_DEVICE_DASHBOARD_SF_DF1,6,1,,ROUTER_NAS_ID,87703.0,2026-03-24 18:22:10.803000+05:30
PUBLIC,CHURN_DEVICE_DASHBOARD_SF_DF1_NEW,6,1,,ROUTER_NAS_ID,84050.0,2026-06-27 07:30:30.983000+05:30
PUBLIC,CHURN_DEVICE_DASHBOARD_SF_DF1_PRE_MIGRATION,6,1,,ROUTER_NAS_ID,87718.0,2026-03-24 18:22:08.357000+05:30
PUBLIC,CHURN_DEVICE_DASHBOARD_SF_TRANSITIONS,6,1,,DEVICE_ID,259633.0,2026-06-27 07:36:33.630000+05:30
PUBLIC,CTP_TICKET_INSTALL_REWARDCLAIM,6,3,,"DEVICE_BRAND, DEVICE_MODEL, DEVICE_NAME",647858.0,2025-11-06 19:30:24.873000+05:30
PUBLIC,CT_PARTNER_APP_LAUNCH,6,3,,"DEVICE_BRAND, DEVICE_MODEL, DEVICE_NAME",19038917.0,2026-06-27 04:45:01.982000+05:30
PUBLIC,CT_PARTNER_CSP_EDUCATION_EVENTS_MV,6,3,,"DEVICE_BRAND, DEVICE_NAME, DEVICE_MODEL",5380.0,2026-06-27 07:08:39.522000+05:30
PUBLIC,CUSTOMER_BASE,6,3,,"LIVE_R25_DEVICES, PAYING_DEVICES, ACTIVE_R15_DEVICES",998064.0,2026-06-27 04:07:38.769000+05:30
PUBLIC,CUSTOMER_BASE_DBT,6,3,,"LIVE_R25_DEVICES, PAYING_DEVICES, ACTIVE_R15_DEVICES",1342.0,2026-04-30 10:53:12.698000+05:30
PUBLIC,CUSTOMER_BASE_METRICS,6,3,,"LIVE_R25_DEVICES, PAYING_DEVICES, ACTIVE_R15_DEVICES",1365.0,2026-03-31 14:20:42.930000+05:30
PUBLIC,DEVICE_CHALLAN_MAPPING,6,1,,DEVICE_ID,0.0,2025-05-16 14:12:11.374000+05:30
PUBLIC,DEVICE_INVOICE_SERIAL_NUMBER_WISE,6,1,,SERIAL,49300.0,2025-07-04 14:01:07.314000+05:30
PUBLIC,DEVICE_LEVEL_ACTIVE_COUNT,6,1,,DEVICE_TYPE,0.0,2025-04-28 15:55:25.106000+05:30
PUBLIC,FINANCIAL_WRITE_OFF_DEVICES,6,1,,DEVICE_ID,58256.0,2026-06-23 17:43:01.347000+05:30
PUBLIC,INVENTORY_MODEL,6,3,,"DEVICE_ID, SERIAL, DEVICE_TYPE",385002.0,2026-06-27 02:17:08.700000+05:30
PUBLIC,INVENTORY_MODEL_NEW_TEMP,6,3,,"DEVICE_ID, SERIAL, DEVICE_TYPE",378165.0,2026-03-21 02:18:12.502000+05:30
PUBLIC,INVESTOR_MIS_DEVICES_DATA_UDHAM_ACTIVE_CUSTOMER_UTILIZATION,6,1,,DEVICE_TYPE_FINAL,318.0,2026-06-27 04:08:42.094000+05:30
PUBLIC,INVESTOR_MIS_DEVICES_DATA_UDHAM_DEPLOY_AGGING_DF,6,1,,DEVICES,3326.0,2026-06-27 04:05:28.945000+05:30
PUBLIC,INVESTOR_MIS_DEVICES_DATA_UDHAM_DEPLOY_LR_AGGING_DF,6,1,,DEVICES,1076.0,2026-06-27 04:05:44.744000+05:30
PUBLIC,INVESTOR_MIS_DEVICES_DATA_UDHAM_DEPLOY_UFU_AGGING_DF,6,1,,DEVICES,2784.0,2026-06-27 04:05:37.729000+05:30
PUBLIC,INVESTOR_MIS_DEVICES_DATA_UDHAM_DEPLOY_USU_AGGING_DF,6,1,,DEVICES,2020.0,2026-06-27 04:05:34.075000+05:30
PUBLIC,INVESTOR_MIS_DEVICES_DATA_UDHAM_FRESH_DF,6,1,,DEVICE_ID,248242.0,2026-06-27 04:05:25.343000+05:30
PUBLIC,INVESTOR_MIS_DEVICES_DATA_UDHAM_REVANUE_GENERATING_UTILIZATION,6,1,,DEVICE_TYPE_FINAL,318.0,2026-06-27 04:12:09.833000+05:30
PUBLIC,KAPTURE_PARTNER_TICKETS_REPORT,6,3,,"DEVICE_ID, CUSTOMER_DEVICE_ID, DEVICE_ID_1",468112.0,2026-06-27 13:15:02.784000+05:30
PUBLIC,KAPTURE_PARTNER_TICKETS_REPORT_NEW,6,3,,"DEVICE_ID, CUSTOMER_DEVICE_ID, DEVICE_ID_1",253010.0,2026-06-04 14:44:03.209000+05:30
PUBLIC,LOST_DEVICES_16_15_CYCLE,6,1,,device_id,3503095.0,2026-06-16 10:43:58.482000+05:30
PUBLIC,LOST_DEVICES_16_TO_15,6,1,,device_id,10872.0,2025-07-16 11:15:00.445000+05:30
PUBLIC,LOST_DEVICES_DAY_ON_DAY,6,1,,DEVICE_ID,114.0,2026-01-28 16:35:08.650000+05:30
PUBLIC,LOST_DEVICES_LAST_MONTH,6,1,,DEVICE_ID,12805.0,2026-02-01 11:04:50.484000+05:30
PUBLIC,LOST_DEVICES_last_month,6,1,,device_id,51383.0,2026-03-02 12:53:47.698000+05:30
PUBLIC,LOST_DEVICES_last_month_for_himanshu,6,1,,device_id,2355.0,2026-01-13 16:35:09.042000+05:30
PUBLIC,OLD_BUSINESS_DEVICES,6,1,,DEVICE_ID,7900.0,2025-06-20 15:46:01.332000+05:30
PUBLIC,OPS_WRITTEN_OFF_REFUNDED_DEVICES,6,1,,DEVICE_ID,1748.0,2025-08-26 18:21:31.182000+05:30
PUBLIC,PARTNER_APP_DEVICE_DETAILS,6,1,,DEVICE_ID,306387.0,2026-01-06 08:39:07.057000+05:30
PUBLIC,PYROPS_GRN_RAW,6,3,,"SERIALNO, ITEMSERIALNO, DEVICEMAC",235045.0,2025-12-29 15:41:23.721000+05:30
PUBLIC,PYROPS_INBOUND_DATA__INWARD,6,3,,"SERIALNO, ITEMSERIALNO, DEVICEMAC",249942.0,2026-06-17 22:39:37.869000+05:30
PUBLIC,PYROPS_INBOUND_DATA__SALES_RETURN,6,3,,"SERIALNO, ITEMSERIALNO, DEVICEMAC",69712.0,2026-06-17 22:44:24.597000+05:30
PUBLIC,PYROPS_INBOUND_DATA__TRANSFER_RECEIPT,6,3,,"SERIALNO, ITEMSERIALNO, DEVICEMAC",20695.0,2026-06-17 22:47:26.068000+05:30
PUBLIC,PYROPS_WIOM_SALE_RETURN_REPORT,6,3,,"DEVICE_ID, DEVICE_MAC, DEVICE_SERIAL",38989.0,2026-06-27 09:50:18.782000+05:30
PUBLIC,PYROPS_WIOM_SALE_RETURN_REPORT_DUMP,6,3,,"SERIALNO, DEVICEMAC, DEVICESERIAL",36208.0,2025-12-08 14:08:42.816000+05:30
PUBLIC,RENEWALS_MODEL,6,3,,"ROUTER_NAS_ID, DEVICE_ID, DEVICE_LIMIT",8946059.0,2026-06-27 07:11:14.694000+05:30
PUBLIC,RENEWALS_MODEL_PRE_MIGRATION,6,3,,"ROUTER_NAS_ID, DEVICE_ID, DEVICE_LIMIT",7995525.0,2026-03-23 15:35:09.285000+05:30
PUBLIC,RETIRED_DEVICES,6,1,,DEVICE_ID,175699.0,2025-06-20 15:42:41.727000+05:30
PUBLIC,RR_CALLS_DATA_DUMP,6,3,,"DEVICE_ID, DEVICE_LATITUDE, DEVICE_LONGITUDE",68076.0,2025-12-27 05:55:29.040000+05:30
PUBLIC,RR_VISITS_DATA_DUMP,6,3,,"DEVICE_ID, DEVICE_LATITUDE, DEVICE_LONGITUDE",38222.0,2025-12-27 05:55:40.061000+05:30
PUBLIC,STG_INVENTORY_MODEL_DEVICE_AUDIT,6,1,,DEVICE_ID,nan,2026-05-28 17:13:35.578000+05:30
PUBLIC,TEMP_DEVICES,6,1,,DEVICE_ID,18042.0,2026-03-28 13:12:34.563000+05:30
PUBLIC,TEMP_DEVICES2,6,1,,DEVICE_ID,94590.0,2026-03-28 13:17:08.220000+05:30
PUBLIC,TRADED_DEVICE_2026,6,1,,DEVICE_ID,258.0,2026-01-19 16:12:01.689000+05:30
PUBLIC,TRADED_DEVICE_MUMBAI_SERIAL_NO,6,1,,SERIAL_NO,1004.0,2026-01-19 14:49:28.506000+05:30
PUBLIC,TRADED_DEVICE_SAKET,6,1,,DEVICE_ID,8700.0,2026-01-19 14:47:47.256000+05:30
PUBLIC,T_DEVICE_AUDIT_LEAD_LAG_LOCATIONS,6,1,,DEVICE_ID,96354025.0,2026-06-27 03:15:59.403000+05:30
PUBLIC,T_DEVICE_AUDIT_LEAD_LAG_LOCATIONS_PRE_MIGRATION,6,1,,DEVICE_ID,96626331.0,2026-03-23 13:12:20.710000+05:30
PUBLIC,T_DEVICE_AUDIT_LEAD_LAG_LOCATIONS_V1,6,1,,DEVICE_ID,98892529.0,2026-06-27 03:15:31.185000+05:30
PUBLIC,T_DEVICE_AUDIT_LEAD_LAG_LOCATIONS_V2,6,1,,DEVICE_ID,2472816.0,2026-06-27 03:05:08.231000+05:30
PUBLIC,T_INVENTORY,6,3,,"DEVICE_ID, MAC, SERIAL",135082.0,2026-06-27 12:46:09.676000+05:30
PUBLIC,T_INVENTORY_REQUEST,6,3,,"ROUTER_QUANTITY, APPROVED_ROUTER_QUANTITY, DEVICE_TYPE",35505.0,2026-06-27 13:41:15.607000+05:30
PUBLIC,T_ROUTER_BANDWIDTH,6,11,,TIMESTAMP,980353.0,2026-06-27 12:46:16.900000+05:30
PUBLIC,UNUSABLE_DEVICE_DATE,6,1,,DEVICE_ID,81051.0,2026-06-17 14:06:59.044000+05:30
PUBLIC,UNUSABLE_DEVICE_DATE_FOR_MIS,6,1,,DEVICE_ID,80831.0,2026-06-27 06:45:15.746000+05:30
PUBLIC,VW_PYROPS_INWARD_AS_TABLE2,6,3,,"SERIALNO, ITEMSERIALNO, DEVICEMAC",nan,2026-02-25 12:25:19.104000+05:30
PUBLIC,V_DEVICE_LAST_PING,6,1,,DEVICE_ID,nan,2026-03-23 13:18:34.185000+05:30
PUBLIC,WAREHOUSE_PHYSICAL_TRACKING,6,3,,"SERIAL_NO, DEVICE_ID, DEVICE_MODEL",294894.0,2026-02-16 19:34:16.367000+05:30
PUBLIC,WRITTEN_OFF_DEVICES,6,1,,DEVICE_ID,35850.0,2026-06-27 01:05:04.641000+05:30
PUBLIC,_PIPEDREAM_DEVICE_SWAP_PTL,6,1,,DEVICE_ID,195744.0,2026-06-27 12:50:08.585000+05:30
PUBLIC,_PIPEDREAM_PSF_MOM_RECEIVED_DEVICES,6,1,,DEVICES,19994.0,2026-06-27 06:30:12.610000+05:30
PUBLIC,device_invoice_serial_number_wise,6,1,,serial,49300.0,2025-07-04 13:18:17.377000+05:30
PUBLIC,pyrops_grn_raw,6,3,,"SerialNo, ItemSerialNo, DeviceMAC",160335.0,2025-07-03 17:44:14.986000+05:30
PUBLIC,written_off_devices_legacy,6,1,,device_id,31533.0,2026-04-27 18:04:41.334000+05:30
DBT,CUSTOMER_PROFILE,4,2,,"ROUTER_NAS_ID_INSTALLATION, ROUTER_NAS_ID_CURRENT",4241896.0,2026-04-01 13:12:58.496000+05:30
DBT,CUSTOMER_PROFILE_MODEL,4,2,,"ROUTER_NAS_ID_INSTALLATION, ROUTER_NAS_ID_CURRENT",4235456.0,2026-04-01 13:28:10.757000+05:30
DBT,DAILY_DATA_USAGE,4,2,,"ROUTERMAC, TOTAL_CONNECTED_DEVICES_DAILY",121195624.0,2026-06-27 12:54:14.582000+05:30
DBT,FCT_BOOKING_WINDOW,4,2,,"VALIDATE_ROUTER_TIME, DEVICE_READY_TIME",15965.0,2026-06-27 13:12:44.658000+05:30
DBT,FCT_PING_ACTIVE_PCT,4,2,,"PING_ACTIVE_DEVICES, PLAN_ACTIVE_DEVICES",105.0,2026-06-27 13:04:30.607000+05:30
DBT,HOURLY_USAGE_PRORATED,4,2,,"ROUTERMAC, TOTAL_CONNECTED_DEVICES_HOURLY",1692736799.0,2026-06-27 12:51:04.669000+05:30
DBT,INT_MICRO_FUNNEL,4,2,,"VALIDATE_ROUTER_TIME, DEVICE_READY_TIME",15965.0,2026-06-27 13:07:44.651000+05:30
DBT,PROFILE_LEAD_MODEL,4,2,,"ROUTER_NAS_ID, DEVICE_ID",4538820.0,2026-06-27 13:12:38.183000+05:30
DBT,RMA_MODEL,4,2,,"RTV_SERIALNO, GRN_SERIALNO",15917.0,2026-06-26 12:47:46.967000+05:30
DBT,SECONDARY_TABLE_DE,4,2,,"DEVICE_LIMIT, ROUTER_NAS_ID",25543261.0,2026-06-27 12:48:18.131000+05:30
DBT,SERVICE_TICKET_MODEL,4,2,,"ROUTER_NAS_ID, DEVICE_ID",2601233.0,2026-06-27 12:50:04.569000+05:30
DBT,STG_TRUM_FILTERED,4,2,,"ROUTER_NAS_ID, DEVICE_LIMIT",nan,2026-06-10 14:03:05.558000+05:30
DYNAMODB,PARTNER_TAX_DETAILS,4,2,,"ROUTER_RENT, DEVICE_ID",1355692.0,2026-05-01 09:23:32.097000+05:30
DYNAMODB,T_TRANSACTIONS,4,2,,"DEVICE_IDS, DEVICE_PERCENTAGE",130067.0,2026-06-16 22:52:47.850000+05:30
PUBLIC,CT_PARTNER_ISP_RECHARGE_EVENTS_MV,4,2,,"DEVICE_OS, DEVICE_BRAND",309532.0,2026-06-22 21:07:30.757000+05:30
PUBLIC,CUSTOMERVANILLA,4,2,,"DEVICE_ID, OLD_DEVICE_ID",95499.0,2025-06-05 16:43:29.707000+05:30
PUBLIC,CUSTOMERVANILLA_AUDIT,4,2,,"DEVICE_ID, OLD_DEVICE_ID",36252106.0,2026-06-27 13:15:54.031000+05:30
PUBLIC,CUSTOMERVANILLA_AUDIT_BKP,4,2,,"DEVICE_ID, OLD_DEVICE_ID",24432409.0,2025-08-21 17:33:03.089000+05:30
PUBLIC,CUSTOMER_BEHAVIORAL_PROFILE,4,2,,"ROUTER_NAS_ID, DEVICES_AVG",263069.0,2026-03-16 13:06:13.720000+05:30
PUBLIC,CUSTOMER_BEHAVIORAL_PROFILE_DAILY,4,2,,"ROUTER_NAS_ID, DEVICES_AVG",2155384.0,2026-06-27 02:00:06.202000+05:30
PUBLIC,CUSTOMER_PROFILE_MODEL,4,2,,"ROUTER_NAS_ID_INSTALLATION, ROUTER_NAS_ID_CURRENT",4629581.0,2026-06-27 07:11:51.648000+05:30
PUBLIC,CUSTOMER_PROFILE_MODEL_PRE_MIGRATION,4,2,,"ROUTER_NAS_ID_INSTALLATION, ROUTER_NAS_ID_CURRENT",4238340.0,2026-03-23 15:46:33.387000+05:30
PUBLIC,DAILY_DATA_USAGE_DT,4,2,,"MAC, ROUTER_MAC",6889715953.0,2026-06-27 13:18:01.922000+05:30
PUBLIC,DAILY_USAGE_L1,4,2,,"ROUTERMAC, TOTAL_CONNECTED_DEVICES_DAILY",53115003.0,2026-03-25 02:34:02.541000+05:30
PUBLIC,DAILY_USAGE_L1_DT,4,2,,"ROUTERMAC, TOTAL_CONNECTED_DEVICES_DAILY",55191394.0,2026-03-09 15:50:19.997000+05:30
PUBLIC,DUMMY_ROUTER_USER_MAPPING_STREAM_I2E1,4,1,,,0.0,2025-12-17 05:30:16.819000+05:30
PUBLIC,DUMMY_ROUTER_USER_MAPPING_STREAM_SHARD_01,4,1,,,0.0,2025-12-17 05:30:18.634000+05:30
PUBLIC,FINAL_AGG,4,2,,"DEVICE_ID, DEVICE_TYPE",0.0,2026-01-13 07:59:04.355000+05:30
PUBLIC,INSTALL_BASE_DATA_DUMMY,4,2,,"DEVICE_TYPE, DEVICE_AGE",14713.0,2025-11-18 17:45:24.100000+05:30
PUBLIC,ISP_RANKING_ANIRRUDH,4,2,,"ACTIVE_DEVICESS, Unique devices with outage (15 days)",149.0,2026-01-20 16:52:33.378000+05:30
PUBLIC,PARTNER_APP_EVENTS_SUMMARY_DUMMY,4,2,,"DEVICE_TYPE, DEVICE_AGE",19.0,2026-01-27 20:56:54.672000+05:30
PUBLIC,PROFILE_LEAD_MODEL,4,2,,"ROUTER_NAS_ID, DEVICE_ID",4622409.0,2026-06-27 13:41:53.940000+05:30
PUBLIC,PROFILE_LEAD_MODEL_CSP_TEST,4,2,,"ROUTER_NAS_ID, DEVICE_ID",4262174.0,2026-06-11 11:42:52.107000+05:30
PUBLIC,PROFILE_LEAD_MODEL_OLD,4,2,,"ROUTER_NAS_ID, DEVICE_ID",4264266.0,2026-06-15 12:30:07.001000+05:30
PUBLIC,PROFILE_LEAD_MODEL_PRE_MIGRATION,4,2,,"ROUTER_NAS_ID, DEVICE_ID",4232175.0,2026-03-23 12:20:16.246000+05:30
PUBLIC,PROFILE_LEAD_MODEL_TEST,4,2,,"ROUTER_NAS_ID, DEVICE_ID",4614899.0,2026-06-15 13:28:25.632000+05:30
PUBLIC,PYROPS_SALE_DETAIL,4,2,,"SERIALNO, DEVICEMAC",270099.0,2026-06-17 22:55:05.281000+05:30
PUBLIC,PYROPS_SALE_DETAIL__PURCHASE_RETURN,4,2,,"SERIALNO, DEVICEMAC",14823.0,2026-06-17 22:58:08.947000+05:30
PUBLIC,PYROPS_SALE_DETAIL__TRANSFER,4,2,,"SERIALNO, DEVICEMAC",21136.0,2026-06-17 22:50:26.386000+05:30
PUBLIC,RATING_BONUS_TXNS,4,2,,"DEVICE_ID, ROUTER_NAS",2100143.0,2026-06-02 11:46:23.870000+05:30
PUBLIC,S3_DATA_USAGE,4,2,,"MAC, ROUTERMAC",2028841893.0,2026-01-12 19:10:25.276000+05:30
PUBLIC,S3_DATA_USAGE_1__DEDUP,4,2,,"MAC, ROUTERMAC",2027554587.0,2026-01-13 19:49:22.055000+05:30
PUBLIC,S3_DATA_USAGE_RAW,4,2,,"MAC, ROUTER_MAC",2027554587.0,2026-01-13 21:04:11.321000+05:30
PUBLIC,SERVICE_TICKET_MODEL,4,2,,"ROUTER_NAS_ID, DEVICE_ID",2601461.0,2026-06-27 13:42:09.590000+05:30
PUBLIC,SERVICE_TICKET_MODEL_PRE_MIGRATION,4,2,,"ROUTER_NAS_ID, DEVICE_ID",2323864.0,2026-03-23 15:37:21.841000+05:30
PUBLIC,SERVICE_TICKET_MODEL_RCA_11_MAY,4,2,,"ROUTER_NAS_ID, DEVICE_ID",2471154.0,2026-05-11 14:57:57.728000+05:30
PUBLIC,STG_CUSTOMER_BASE,4,2,,"ROUTER_NAS_ID, DEVICE_ID",400993.0,2026-04-30 10:53:10.269000+05:30
PUBLIC,STG_INVENTORY_MODEL_PYROPS_GRN,4,2,,"DEVICE_ID, DEVICE_TYPE",nan,2026-05-28 17:13:33.844000+05:30
PUBLIC,T_INVENTORY_AUDIT,4,2,,"DEVICE_ID, MAC",442692.0,2026-06-27 12:46:14.655000+05:30
PUBLIC,V_SERVICE_TICKET_MODEL_FINAL,4,2,,"ROUTER_NAS_ID, DEVICE_ID",nan,2026-03-24 11:43:47.822000+05:30
PUBLIC,WANI_COMPLIANCE_EVENTS_ENRICHED,4,2,,"DEVICE_NAS_ID, DEVICE_ID",818930.0,2026-06-27 13:24:27.823000+05:30
PUBLIC,_PIPEDREAM_CSP_COVERAGE_RAW,4,2,,"KPI_07_NETBOX_CUSTODY_CSPS, KPI_16_NETBOX_IDLE_CSPS",1.0,2026-05-06 12:12:55.240000+05:30
DBT,AVG_DOWNLOAD_SPEED,2,1,,DEVICES_TESTED,92.0,2026-06-11 12:08:22.139000+05:30
DBT,AVG_JITTER,2,1,,DEVICES_TESTED_V3,91.0,2026-06-11 12:08:21.329000+05:30
DBT,AVG_LATENCY,2,1,,DEVICES_TESTED_V3,91.0,2026-06-11 12:08:22.281000+05:30
DBT,BASE_EXPIRY_EVENTS,2,1,,ROUTER_NAS_ID,4050904.0,2026-06-27 13:40:43.278000+05:30
DBT,BASE_PLANS,2,1,,ROUTER_NAS_ID,3981369.0,2026-06-27 13:40:44.855000+05:30
DBT,DAILY_UPTIME,2,1,,PLAN_ACTIVE_DEVICES,nan,2026-06-11 12:08:23.008000+05:30
DBT,DIM_BUSINESS_SEGMENT,2,1,,ROUTER_NAS_ID,441561.0,2026-06-10 14:03:53.440000+05:30
DBT,DIM_NAS_SEGMENT,2,1,,ROUTER_NAS_ID,442248.0,2026-06-27 12:51:48.468000+05:30
DBT,DIM_NAS_TENURE,2,1,,ROUTER_NAS_ID,349026.0,2026-06-27 12:51:48.899000+05:30
DBT,DIM_TENURE_BUCKET,2,1,,ROUTER_NAS_ID,348637.0,2026-06-10 14:03:56.963000+05:30
DBT,FCT_ACTIVE_PLAN_DAYS,2,1,,ROUTER_NAS_ID,80374.0,2026-06-27 12:52:43.802000+05:30
DBT,FCT_AVG_DOWNLOAD_SPEED,2,1,,DEVICES_TESTED,105.0,2026-06-27 13:04:17.465000+05:30
DBT,FCT_AVG_JITTER,2,1,,DEVICES_TESTED_V3,104.0,2026-06-27 13:04:19.352000+05:30
DBT,FCT_AVG_LATENCY,2,1,,DEVICES_TESTED_V3,104.0,2026-06-27 13:04:20.593000+05:30
DBT,FCT_AVG_RECOVERY_TIME,2,1,,RECOVERED_DEVICE_ROWS,1.0,2026-06-10 14:05:39.526000+05:30
DBT,FCT_EXPIRY_EVENTS,2,1,,ROUTER_NAS_ID,3883787.0,2026-06-27 12:54:31.485000+05:30
DBT,FCT_FIRST_PING_AFTER_R1,2,1,,ROUTER_NAS_ID,77990.0,2026-06-27 13:04:29.526000+05:30
DBT,FCT_FLEET_DAILY_UPTIME,2,1,,PLAN_ACTIVE_DEVICES,105.0,2026-06-27 13:04:27.468000+05:30
DBT,FCT_FREE_PLAN_DAYS,2,1,,ROUTER_NAS_ID,10310.0,2026-06-27 12:52:45.487000+05:30
DBT,FCT_FREE_TRIAL_USAGE_GB,2,1,,ROUTER_NAS_ID,7542.0,2026-06-27 13:09:04.766000+05:30
DBT,FCT_RECOVERY_PERCENTILES,2,1,,RECOVERED_DEVICE_ROWS,171.0,2026-06-27 13:07:47.478000+05:30
DBT,FCT_SPEED_COMPLIANCE,2,1,,DEVICES_TESTED,105.0,2026-06-27 13:07:08.047000+05:30
DBT,FIRST_PING_AFTER_R1,2,1,,ROUTER_NAS_ID,nan,2026-06-11 12:08:22.582000+05:30
DBT,INT_CHURNED,2,1,,ROUTER_NAS_ID,nan,2026-06-10 14:05:57.160000+05:30
DBT,INT_CUSTOMER_WINDOW,2,1,,ROUTER_NAS_ID,nan,2026-06-10 14:06:38.443000+05:30
DBT,INT_EARLIEST_START,2,1,,ROUTER_NAS_ID,nan,2026-06-10 14:05:40.202000+05:30
DBT,INT_IX_COMPANY_B,2,1,,ROUTER_NAS_ID,nan,2026-06-27 12:52:44.576000+05:30
DBT,INT_IX_FIRST_PAID_PAYG,2,1,,ROUTER_NAS_ID,nan,2026-06-27 12:52:45.374000+05:30
DBT,INT_IX_FREE_TRIAL_WINDOW,2,1,,ROUTER_NAS_ID,nan,2026-06-27 13:07:09.946000+05:30
DBT,INT_IX_LATEST_PLAN,2,1,,ROUTER_NAS_ID,nan,2026-06-27 12:52:47.358000+05:30
DBT,INT_IX_MIGRATION_BASE,2,1,,ROUTER_NAS_ID,nan,2026-06-27 12:52:47.356000+05:30
DBT,INT_IX_RECHARGE_RANKED,2,1,,ROUTER_NAS_ID,nan,2026-06-27 12:52:47.795000+05:30
DBT,INT_IX_SPEEDTEST_DAILY,2,1,,DEVICE_ID,1734816.0,2026-06-27 12:52:43.931000+05:30
DBT,INT_LAST_PLAN_IN_PERIOD,2,1,,ROUTER_NAS_ID,nan,2026-06-10 14:05:58.087000+05:30
DBT,INT_MATURED,2,1,,ROUTER_NAS_ID,nan,2026-06-10 14:05:35.072000+05:30
DBT,INT_NAS_REVENUE,2,1,,ROUTER_NAS_ID,nan,2026-06-10 14:05:57.620000+05:30
DBT,INT_PERIOD_PLANS,2,1,,ROUTER_NAS_ID,nan,2026-06-10 14:05:40.646000+05:30
DBT,INT_TRUM_PLANS_WITH_NEXT,2,1,,ROUTER_NAS_ID,nan,2026-06-10 14:05:41.097000+05:30
DBT,INT_WITH_NEXT,2,1,,ROUTER_NAS_ID,nan,2026-06-10 14:03:59.814000+05:30
DBT,PAYG_MIGRATION_AUDIT,2,1,,DEVICE_ID,2565825.0,2026-06-27 12:45:36.140000+05:30
DBT,STG_IX_INCIDENTS,2,1,,DEVICE_COUNT,nan,2026-06-27 12:52:20.348000+05:30
DBT,STG_IX_TRUM,2,1,,ROUTER_NAS_ID,nan,2026-06-27 12:49:30.835000+05:30
DBT,STG_PAYG_NAS,2,1,,ROUTER_NAS_ID,nan,2026-06-10 14:03:05.110000+05:30
DBT,STG_TRUM_PLANS,2,1,,ROUTER_NAS_ID,nan,2026-06-10 14:04:00.245000+05:30
DBT,TICKETVANILLA,2,1,,DEVICE_ID,3261646.0,2026-06-27 12:54:04.845000+05:30
DBT,TICKETVANILLA_AUDIT,2,1,,DEVICE_ID,26934193.0,2026-06-27 12:51:15.730000+05:30
DBT,T_WG_CUSTOMER,2,1,,DEVICE_ID,449558.0,2026-06-27 12:54:57.987000+05:30
DS_TABLES,T_USAGE_DATA_USER_SESSIONS_AGGREGATED,2,1,,MAC,175074172.0,2026-01-24 07:37:19.892000+05:30
DYNAMODB,ACCOUNT_WALLET_HISTORY,2,1,,DEVICE_ID,7468176.0,2026-06-27 13:39:37.750000+05:30
DYNAMODB,CUSTOMER,2,1,,DEVICE_ID,2786393.0,2026-06-27 13:39:17.647000+05:30
DYNAMODB,CUSTOMER_V_2,2,1,,DEVICE_ID,1728167.0,2026-06-27 13:38:37.265000+05:30
DYNAMODB,PARTNER_BONUS_DISBURSEMENT,2,1,,DEVICE_ID,2525985.0,2026-06-16 22:23:20.609000+05:30
DYNAMODB,PARTNER_WORK_BONUS_DISBURSEMENT,2,1,,DEVICE_ID,1904111.0,2026-06-16 22:23:59.846000+05:30
DYNAMODB,TASK_PERFORMANCE,2,1,,CUSTOMER_DEVICE_ID,1279873.0,2026-06-16 23:38:07.331000+05:30
DYNAMODB,USER_ACTIVITY,2,1,,MAC,1056771.0,2026-06-27 13:39:00.072000+05:30
PUBLIC,B2I_FUNNEL_PBI,2,1,,DEVICE_PHOTO_AT,nan,2026-05-20 14:40:30.423000+05:30
PUBLIC,BANDSTEERING_DAILY,2,1,,DEVICEID,8800.0,2026-02-26 06:00:02.351000+05:30
PUBLIC,CHURN_FACT_TABLE,2,1,,ROUTER_NAS_ID,nan,2026-04-28 19:29:41.691000+05:30
PUBLIC,COMBINED_T_WG_CUSTOMER,2,1,,DEVICE_ID,359966.0,2025-08-12 14:00:04.154000+05:30
PUBLIC,COMPLAINTS_NQT,2,1,,DEVICE_ID,850.0,2025-07-15 07:17:09.152000+05:30
PUBLIC,CT_CUSTOMER_APP_EVENTS_MV,2,1,,SUGGESTED_NETBOX_NAME_SELECTED,31843100.0,2026-06-27 11:56:26.478000+05:30
PUBLIC,CT_CUSTOMER_APP_LAUNCH,2,1,,DEVICE_ID,15695062.0,2026-06-27 11:56:24.879000+05:30
PUBLIC,CT_CUSTOMER_APP_LAUNCH_1,2,1,,DEVICE_ID,9635050.0,2026-03-11 12:08:19.580000+05:30
PUBLIC,CT_CUSTOMER_CLICK_PAYG_PLANS_MV,2,1,,DEVICE_ID,29972.0,2026-06-27 11:56:25.490000+05:30
PUBLIC,CT_CUSTOMER_HOME_PAGE_LOAD,2,1,,DEVICE_ID,6940041.0,2026-06-27 11:56:25.055000+05:30
PUBLIC,CT_CUSTOMER_HOME_PAGE_LOAD_1,2,1,,DEVICE_ID,7780516.0,2026-03-11 12:11:01.184000+05:30
PUBLIC,CT_CUSTOMER_PAGE_LOAD_MV,2,1,,DEVICE_ID,43671.0,2026-06-27 11:56:25.467000+05:30
PUBLIC,CT_CUSTOMER_PAYG_MIGRATION_EVENTS_MV,2,1,,DEVICE_ID,6994933.0,2026-06-27 11:56:26.788000+05:30
PUBLIC,CT_CUSTOMER_PAYG_PAYMENT_EVENTS_MV,2,1,,DEVICE_ID,3993640.0,2026-06-27 11:56:27.022000+05:30
PUBLIC,CUSTOMER_AUDIT,2,1,,DEVICE_ID,0.0,2025-05-22 17:04:51.033000+05:30
PUBLIC,CUSTOMER_DATA_USAGE,2,1,,DEVICE_ID,143974.0,2025-10-13 16:36:17.102000+05:30
PUBLIC,CUSTOMER_ENRICHED_DBT,2,1,,DEVICE_ID,445852.0,2026-01-27 15:45:39.717000+05:30
PUBLIC,CUSTOMER_MIGRATION_TABLE,2,1,,DEVICE_ID,619.0,2026-03-23 08:00:28.165000+05:30
PUBLIC,CUSTOMER_QUEUE_REPORTING_60DAYS,2,1,,DEVICE_ID,1565203.0,2025-10-16 07:30:49.156000+05:30
PUBLIC,CUSTOMER_QUEUE_REPORTING_60DAYS_NEW2,2,1,,DEVICE_ID,814297.0,2025-11-21 21:33:00.190000+05:30
PUBLIC,CUSTOMER_SEGMENT,2,1,,DEVICE_ID,180259.0,2026-06-27 12:32:51.660000+05:30
PUBLIC,CX_COMPLAINT_QUEUE_LAST60DAYS,2,1,,Device ID,0.0,2025-07-02 19:37:48.718000+05:30
PUBLIC,DUMMY_T_CONTROLLER_STREAM_I2E1,2,1,,ROUTER_NAS_ID,0.0,2025-12-17 05:31:01.062000+05:30
PUBLIC,DUMMY_T_CONTROLLER_STREAM_SHARD_01,2,1,,ROUTER_NAS_ID,0.0,2025-12-17 05:31:01.407000+05:30
PUBLIC,DYNAMO_CUSTOMER,2,1,,DEVICE_ID,nan,2025-10-07 17:10:44.768000+05:30
PUBLIC,DYNAMO_CUSTOMER_AUDIT,2,1,,DEVICE_ID,nan,2025-11-17 16:21:41.045000+05:30
PUBLIC,E_WASTE,2,1,,DEVICE_ID,5317.0,2026-06-17 13:35:09.189000+05:30
PUBLIC,GOOGLE_ADS,2,1,,DEVICE,nan,2025-06-13 12:56:40.743000+05:30
PUBLIC,HOURLY_USAGE_PRORATED,2,1,,ROUTERMAC,916818266.0,2026-03-25 12:50:33.098000+05:30
PUBLIC,HOURLY_USAGE_PRORATED_DIFF,2,1,,ROUTERMAC,4642709.0,2026-01-21 19:05:24.079000+05:30
PUBLIC,HOURLY_USAGE_PRORATED_DT,2,1,,ROUTERMAC,825173326.0,2026-03-09 16:24:13.383000+05:30
PUBLIC,HOURLY_USAGE_PRORATED_TEST_9_JAN,2,1,,ROUTERMAC,2034489.0,2026-01-09 15:34:03.050000+05:30
PUBLIC,INT_INVENTORY_MODEL_CURRENT_LOCATION,2,1,,DEVICE_ID,351050.0,2026-06-27 02:15:16.590000+05:30
PUBLIC,INT_INVENTORY_MODEL_DISPATCHES,2,1,,DEVICE_ID,349627.0,2026-06-27 02:15:18.337000+05:30
PUBLIC,INT_INVENTORY_MODEL_FIRST_GRN,2,1,,DEVICE_ID,237183.0,2026-06-27 02:15:19.237000+05:30
PUBLIC,INT_INVENTORY_MODEL_INSTALLATIONS,2,1,,DEVICE_ID,321347.0,2026-06-27 02:15:09.400000+05:30
PUBLIC,INT_INVENTORY_MODEL_LAST_PARTNER_RECEIVED,2,1,,DEVICE_ID,347314.0,2026-06-27 02:16:59.086000+05:30
PUBLIC,INT_INVENTORY_MODEL_LAST_PICKUP_TICKET,2,1,,DEVICE_ID,254707.0,2026-06-27 02:16:55.101000+05:30
PUBLIC,INT_INVENTORY_MODEL_LAST_RECHARGE,2,1,,DEVICE_ID,324443.0,2026-06-27 02:16:53.868000+05:30
PUBLIC,INT_INVENTORY_MODEL_LAST_WAREHOUSE_RECEIVED,2,1,,DEVICE_ID,117819.0,2026-06-27 02:16:57.596000+05:30
PUBLIC,INT_INVENTORY_MODEL_PYROPS_STATE,2,1,,DEVICE_ID,258949.0,2026-06-27 02:17:00.304000+05:30
PUBLIC,INT_INVENTORY_MODEL_STATUS_FLAGS,2,1,,DEVICE_ID,385018.0,2026-06-27 02:15:22.670000+05:30
PUBLIC,MARKETPLACE_INVENTORY_DUMP,2,1,,DEVICE_ID,11300.0,2026-06-27 02:15:05.625000+05:30
PUBLIC,MAYLIVECSP_SERVICE_TICKETS_12TH,2,1,,ROUTER_NAS_ID,4215.0,2026-06-21 06:00:07.718000+05:30
PUBLIC,OKR_4A_MONTHLY_SERVICE_COST,2,1,,ACTIVE_DEVICES,15.0,2025-11-26 14:26:33.613000+05:30
PUBLIC,OKR_PARTNER_90_DAYS_INV_TEMP,2,1,,DEVICE_ID,6946535.0,2026-06-27 03:15:29.709000+05:30
PUBLIC,PARTNER_MAIL_SENT_DATA,2,1,,ROUTER_AT_MAIL,14781.0,2026-02-05 08:46:02.068000+05:30
PUBLIC,PARTNER_MANAGEMENT_FRAMEWORK,2,1,,ROUTER_RECOVERY,21293.0,2025-06-30 09:11:34.809000+05:30
PUBLIC,PAYG_MIGRATION_AUDIT,2,1,,DEVICE_ID,209645.0,2026-03-31 14:20:50.139000+05:30
PUBLIC,PICKUP_TICKETS_FOR_RA_PICKUP,2,1,,DEVICE_ID,1610.0,2026-02-05 04:25:17.846000+05:30
PUBLIC,PICKUP_TICKETS_FOR_RA_PICKUP_LAST_15_DAYS,2,1,,DEVICE_ID,4258.0,2026-03-23 04:25:22.778000+05:30
PUBLIC,PICKUP_TICKETS_FOR_RA_PICKUP_V2,2,1,,DEVICE_ID,0.0,2026-03-10 17:14:08.619000+05:30
PUBLIC,PING_FIRST_SEEN,2,1,,DEVICEID,155880.0,2026-01-21 12:33:59.066000+05:30
PUBLIC,PYROPS_IMEI_SERIAL_INVENTORY,2,1,,SERIALNO,6806238.0,2026-05-12 03:18:33.755000+05:30
PUBLIC,PYROPS_PUTAWAY_DETAIL,2,1,,SERIALNO,346969.0,2026-06-17 23:05:16.596000+05:30
PUBLIC,R10_15_CALLING_TO_CHURN_CUSTOMER,2,1,,DEVICE_ID,173476.0,2026-01-20 17:49:22.922000+05:30
PUBLIC,RA_DATA_SENT_OLD_SYSTEM,2,1,,DEVICE_ID,20230.0,2026-06-19 18:37:04.410000+05:30
PUBLIC,RA_PICKUP_TICKETS,2,1,,DEVICE_ID,35532.0,2026-06-26 20:00:12.600000+05:30
PUBLIC,RENEWAL_2_DUMMY,2,1,,DEVICE_LIMIT,29357528.0,2026-03-23 12:37:26.554000+05:30
PUBLIC,ROCE_FUNCTIONAL_REPORTS_DF,2,1,,DEVICE_ID,5863889.0,2026-06-27 07:00:57.286000+05:30
PUBLIC,S3_DAILY_USAGE_L1,2,1,,ROUTERMAC,56564339.0,2026-01-13 21:17:19.394000+05:30
PUBLIC,S3_HOURLY_USAGE_PRORATED,2,1,,ROUTER_MAC,752676725.0,2026-01-13 21:12:25.565000+05:30
PUBLIC,STG_INVENTORY_MODEL_CUSTOMER_INSTALLS,2,1,,DEVICE_ID,nan,2026-04-13 16:33:36.072000+05:30
PUBLIC,STREAM_SUMMARY_TEMP_01C61D5F_B8C3_44E5_9277_877154C639AE,2,1,,DEVICE_ID,152.0,2025-06-06 00:23:11.884000+05:30
PUBLIC,SUPPLY_MODEL,2,1,,ROUTER_UTILIZATION_SEGMENT,1763.0,2026-05-22 13:38:26.999000+05:30
PUBLIC,SUPPLY_MODEL_PRE_MIGRATION,2,1,,ROUTER_UTILIZATION_SEGMENT,1763.0,2026-03-23 15:58:57.182000+05:30
PUBLIC,TEMP_T_WG_CUSTOMER,2,1,,DEVICE_ID,212158.0,2026-03-19 11:19:50.206000+05:30
PUBLIC,TICKETVANILLA,2,1,,DEVICE_ID,3203310.0,2026-06-27 13:43:30.752000+05:30
PUBLIC,TICKETVANILLA_AUDIT,2,1,,DEVICE_ID,28670969.0,2026-06-27 13:41:14.208000+05:30
PUBLIC,TICKET_DUMP_JUNE_API_DATA,2,1,,customerDeviceId,159701.0,2025-07-29 17:34:48.486000+05:30
PUBLIC,TRANSACTIONS_AUDIT_DE,2,1,,DEVICE_ID,301382.0,2026-06-26 17:15:24.859000+05:30
PUBLIC,TRUM_INSTALL_WITH_EVENTS,2,1,,ROUTER_NAS_ID,nan,2026-02-19 16:36:49.426000+05:30
PUBLIC,T_ACCOUNT,2,1,,ELIGIBLE_DEVICES,479862.0,2026-06-27 13:26:24.904000+05:30
PUBLIC,T_ACCOUNT_BACKUP_20250319,2,1,,ELIGIBLE_DEVICES,458099.0,2026-03-20 01:57:13.001000+05:30
PUBLIC,T_ACCOUNT_PRE_MIGRATION,2,1,,ELIGIBLE_DEVICES,458099.0,2026-03-23 12:44:35.337000+05:30
PUBLIC,T_FIRMWARE,2,1,,ROUTER_MODEL,23.0,2026-06-27 12:46:08.750000+05:30
PUBLIC,T_PAYG_MIGRATION_AUDIT,2,1,,DEVICE_ID,nan,2026-03-13 14:41:52.619000+05:30
PUBLIC,T_PLAN_CONFIGURATION,2,1,,CONCURRENT_DEVICES,3412.0,2026-06-27 12:46:10.406000+05:30
PUBLIC,T_WG_CUSTOMER,2,1,,DEVICE_ID,449464.0,2026-06-27 13:43:53.138000+05:30
PUBLIC,T_WG_CUSTOMER_ACTIVE,2,1,,DEVICE_ID,0.0,2026-03-23 12:39:50.624000+05:30
PUBLIC,T_WG_CUSTOMER_ARCHIVE,2,1,,DEVICE_ID,235672.0,2026-05-08 16:24:46.286000+05:30
PUBLIC,T_WG_CUSTOMER_AUDIT,2,1,,DEVICE_ID,12884205.0,2026-06-27 13:10:00.822000+05:30
PUBLIC,T_WG_CUSTOMER_AUDIT_1,2,1,,DEVICE_ID,10648927.0,2025-06-24 10:52:41.660000+05:30
PUBLIC,T_WG_CUSTOMER_AUDIT_ACTIVE,2,1,,DEVICE_ID,11659019.0,2026-03-22 13:52:28.712000+05:30
PUBLIC,T_WG_CUSTOMER_AUDIT_BACKUP_2026_03_19,2,1,,DEVICE_ID,11631019.0,2026-03-19 17:18:54.164000+05:30
PUBLIC,T_WG_CUSTOMER_AUDIT_BACKUP_2026_04_02,2,1,,DEVICE_ID,11669213.0,2026-04-02 17:38:49.771000+05:30
PUBLIC,T_WG_CUSTOMER_AUDIT_DE,2,1,,DEVICE_ID,4271773.0,2025-08-06 13:12:11.408000+05:30
PUBLIC,T_WG_CUSTOMER_AUDIT_NEW,2,1,,DEVICE_ID,11779891.0,2026-04-07 18:38:52.276000+05:30
PUBLIC,T_WG_CUSTOMER_AUDIT_PRE_MIGRATION,2,1,,DEVICE_ID,11775003.0,2026-04-07 16:57:30.268000+05:30
PUBLIC,T_WG_CUSTOMER_BACKUP_2026_03_19,2,1,,DEVICE_ID,447926.0,2026-03-19 17:18:42.683000+05:30
PUBLIC,T_WG_CUSTOMER_PRE_MIGRATION,2,1,,DEVICE_ID,448565.0,2026-06-27 13:29:41.602000+05:30
PUBLIC,T_WIOM_LEAD,2,1,,DEVICE_ID,354618.0,2025-05-23 12:39:37.849000+05:30
PUBLIC,V2_RATING_BONNUS,2,1,,lost_devices,982.0,2025-06-26 16:57:42.200000+05:30
PUBLIC,V2_RATING_BONNUS_16th,2,1,,lost_devices,9543.0,2026-02-16 12:11:25.206000+05:30
PUBLIC,V_CUSTOMER_INFO,2,1,,DEVICE_ID,nan,2026-03-24 11:33:32.560000+05:30
PUBLIC,V_CUSTOMER_INFO_PRE_MIGRATION,2,1,,DEVICE_ID,nan,2026-03-24 11:33:25.828000+05:30
PUBLIC,WANI_COMPLIANCE_EVENTS_QA,2,1,,device_nas_id,nan,2026-03-10 17:15:03.716000+05:30
PUBLIC,_PIPEDREAM_PSF_MOM_DISPATCHED_BUNDLE,2,1,,DEVICES,50062.0,2026-06-27 06:30:08.129000+05:30
PUBLIC,_PIPEDREAM_PSF_MOM_OPENING_ELIGIBILITY,2,1,,FIRST_DEVICE_UPDATE,110706.0,2026-06-27 06:30:36.507000+05:30
PUBLIC,_PIPEDREAM_PSF_MOM_P_LOGS,2,1,,MIGRATION_TIME_FIRST_DEVICE_UPDATE,110657.0,2026-06-27 06:30:48.665000+05:30
PUBLIC,_PIPEDREAM_PSF_MOM_SS,2,1,,DEVICE_ID,3179.0,2026-06-27 06:30:52.393000+05:30
PUBLIC,complaints_nqt,2,1,,DEVICE_ID,16013620.0,2026-01-09 07:11:37.882000+05:30
PUBLIC,customer_queue_reporting_60days,2,1,,Device ID,10078.0,2025-07-08 11:17:28.405000+05:30
PUBLIC,service_tickets_prob_fake_closure,2,1,,DEVICE_ID,0.0,2025-09-09 12:57:17.148000+05:30
PUBLIC,service_tickets_prob_fake_closure_STAGE_4FBEF739,2,1,,DEVICE_ID,153.0,2025-09-09 12:45:29.319000+05:30
PUBLIC,service_tickets_prob_fake_closure_STAGE_E2AF8483,2,1,,DEVICE_ID,153.0,2025-09-09 12:57:43.932000+05:30
PUBLIC,v2_partner_rating_bonus_dummy,2,1,,lost_devices,0.0,2025-06-25 19:01:25.673000+05:30
