file,service_id,dependency_count,event_count,endpoint_count,flow_count,entity_count,entities
asset-custody-prd-v1.2.yaml,csp-asset-custody-service,17,37,32,366,7,"device_order, netbox_custody, custody_audit_log, custody_pattern, processed_events, device_orders, custody_patterns"
asset-custody-prd-v1.3.yaml,csp-asset-custody-service,17,37,32,366,7,"device_order, netbox_custody, custody_audit_log, custody_pattern, processed_events, device_orders, custody_patterns"
asset-custody-prd-v1.4.yaml,csp-asset-custody-service,17,37,32,366,7,"device_order, netbox_custody, custody_audit_log, custody_pattern, processed_events, device_orders, custody_patterns"
asset-custody-prd.yaml,csp-asset-custody-service,13,25,26,335,7,"device_order, netbox_custody, custody_audit_log, custody_pattern, processed_events, device_orders, custody_patterns"
capability-intervention-prd-v1.1.yaml,csp-capability-intervention-service,15,35,14,263,4,"capability_intervention_record, relapse_tracker, processed_events, capability_intervention_records"
capability-intervention-prd-v1.2.yaml,csp-capability-intervention-service,15,35,14,263,4,"capability_intervention_record, relapse_tracker, processed_events, capability_intervention_records"
capability-intervention-prd.yaml,csp-capability-intervention-service,15,34,14,263,4,"capability_intervention_record, relapse_tracker, processed_events, capability_intervention_records"
capacity-coverage-prd-v1.1.yaml,csp-capacity-coverage-service,20,50,25,310,15,"zone, csp_zone_eligibility, capacity_cap, effective_coverage, cross_zone_directive, over_cap_breach, zone_reclassification_audit, processed_events, zones, csp_zone_eligibilities, capacity_caps, effective_coverages, cross_zone_directives, over_cap_breaches"
capacity-coverage-prd-v1.2.yaml,csp-capacity-coverage-service,20,52,27,310,15,"zone, csp_zone_eligibility, capacity_cap, effective_coverage, cross_zone_directive, over_cap_breach, zone_reclassification_audit, processed_events, zones, csp_zone_eligibilities, capacity_caps, effective_coverages, cross_zone_directives, over_cap_breaches"
capacity-coverage-prd-v1.3.yaml,csp-capacity-coverage-service,20,52,27,310,15,"zone, csp_zone_eligibility, capacity_cap, effective_coverage, cross_zone_directive, over_cap_breach, zone_reclassification_audit, processed_events, zones, csp_zone_eligibilities, capacity_caps, effective_coverages, cross_zone_directives, over_cap_breaches"
capacity-coverage-prd-v1.4.yaml,csp-capacity-coverage-service,20,54,27,310,15,"zone, csp_zone_eligibility, capacity_cap, effective_coverage, cross_zone_directive, over_cap_breach, zone_reclassification_audit, processed_events, zones, csp_zone_eligibilities, capacity_caps, effective_coverages, cross_zone_directives, over_cap_breaches"
capacity-coverage-prd.yaml,csp-capacity-coverage-service,20,43,25,310,15,"zone, csp_zone_eligibility, capacity_cap, effective_coverage, cross_zone_directive, over_cap_breach, zone_reclassification_audit, processed_events, zones, csp_zone_eligibilities, capacity_caps, effective_coverages, cross_zone_directives, over_cap_breaches"
compensation-prd-v1.1.yaml,csp-compensation-service,13,46,19,340,6,"csp_compensation_posture, entitlement_ledger, fpv_hold_record, correction_balance_store, intervention_support_record, processed_events"
compensation-prd-v1.2.yaml,csp-compensation-service,13,48,20,365,6,"csp_compensation_posture, entitlement_ledger, fpv_hold_record, correction_balance_store, intervention_support_record, processed_events"
compensation-prd-v1.3.yaml,csp-compensation-service,13,48,20,365,6,"csp_compensation_posture, entitlement_ledger, fpv_hold_record, correction_balance_store, intervention_support_record, processed_events"
compensation-prd-v1.4.yaml,csp-compensation-service,13,52,20,365,6,"csp_compensation_posture, entitlement_ledger, fpv_hold_record, correction_balance_store, intervention_support_record, processed_events"
compensation-prd.yaml,csp-compensation-service,13,38,18,300,6,"csp_compensation_posture, entitlement_ledger, fpv_hold_record, correction_balance_store, intervention_support_record, processed_events"
connection-lifecycle-prd-v1.2.yaml,csp-connection-lifecycle-service,15,63,26,424,5,"connection, event_history, processed_events, connections, connection_event_history"
connection-lifecycle-prd-v1.3.yaml,csp-connection-lifecycle-service,15,64,27,424,5,"connection, event_history, processed_events, connections, connection_event_history"
connection-lifecycle-prd-v1.4.yaml,csp-connection-lifecycle-service,15,64,27,424,5,"connection, event_history, processed_events, connections, connection_event_history"
connection-lifecycle-prd-v1.5.yaml,csp-connection-lifecycle-service,15,65,27,441,5,"connection, event_history, processed_events, connections, connection_event_history"
connection-lifecycle-prd.yaml,csp-connection-lifecycle-service,15,62,26,412,5,"connection, event_history, processed_events, connections, connection_event_history"
customer-access-entitlement-prd-v1.1.yaml,csp-customer-access-entitlement-service,12,33,11,377,4,"customer_access_state, processed_events, supply_recharge_obligations, customer_access_states"
customer-access-entitlement-prd-v1.2.yaml,csp-customer-access-entitlement-service,12,33,11,377,4,"customer_access_state, processed_events, supply_recharge_obligations, customer_access_states"
customer-access-entitlement-prd-v1.3.yaml,csp-customer-access-entitlement-service,12,33,11,377,4,"customer_access_state, processed_events, supply_recharge_obligations, customer_access_states"
customer-access-entitlement-prd.yaml,csp-customer-access-entitlement-service,11,28,10,306,3,"customer_access_state, processed_events, customer_access_states"
customer-recharge-validator-service-prd.yaml,customer-recharge-validator-service,4,7,4,31,15,"processed_events, event_id, partition_key, processing_status, processed_at, failure_context, scheduled_expiries, id, connection_id, customer_id, entitlement_end, payment_reference_id, expired_emitted, superseded"
demand-allocation-prd-v1.1.yaml,csp-demand-allocation-service,20,60,32,225,6,"connection_allocation, csp_zone_exposure, allocation_audit_log, csp_taper_record, allocation_outbox, processed_events"
demand-allocation-prd-v1.2.yaml,csp-demand-allocation-service,20,60,32,229,6,"connection_allocation, csp_zone_exposure, allocation_audit_log, csp_taper_record, allocation_outbox, processed_events"
demand-allocation-prd.yaml,csp-demand-allocation-service,20,60,32,225,6,"connection_allocation, csp_zone_exposure, allocation_audit_log, csp_taper_record, allocation_outbox, processed_events"
enforcement-prd-v1.1.yaml,csp-enforcement-service,17,36,15,239,4,"enforcement_posture, fpv_investigation, fpv_queued_event, processed_events"
enforcement-prd-v1.2.yaml,csp-enforcement-service,17,36,16,239,4,"enforcement_posture, fpv_investigation, fpv_queued_event, processed_events"
enforcement-prd.yaml,csp-enforcement-service,17,22,15,239,4,"enforcement_posture, fpv_investigation, fpv_queued_event, processed_events"
es-connection-installation-post-arrival-prd-v2.0-simplified.yaml,es-connection-installation-post-arrival-service,10,15,7,0,1,installation_candidates
es-connection-installation-pre-arrival-prd-v2.0-simplified.yaml,es-connection-installation-pre-arrival-service,7,7,7,0,1,pre_installation_candidates
es-installation-service-prd-v2.4.yaml,es-installation-service,20,95,79,98,122,"install_execution_candidates, execution_candidate_id, state_version, authority_entity_id, allocation_id, csp_id, candidate_type, current_state, task_family, aggregation_type, reason_code, reason_display_template, deadline_at, tat_date"
es-installation-service-prd-v2.5.yaml,es-installation-service,20,95,79,98,122,"install_execution_candidates, execution_candidate_id, state_version, authority_entity_id, allocation_id, csp_id, candidate_type, current_state, task_family, aggregation_type, reason_code, reason_display_template, deadline_at, tat_date"
es-ivr-calling-service-prd.yaml,es-ivr-calling-service,7,1,15,4,2,"sim_inventory, processed_events"
es-restore-prd-v1.2.yaml,es-restore-service,12,38,20,71,49,"execution_candidates, execution_candidate_id, state_version, authority_entity_id, csp_id, candidate_type, state, task_family, aggregation_type, reason_code, reason_display_template, deadline_at, object_id, locality"
exit-prd-v1.1.yaml,csp-exit-service,21,42,27,270,7,"exit_record, exit_risk_record, exit_audit_log, processed_events, exit_records, exit_risk_records, exit_audit_logs"
exit-prd-v1.2.yaml,csp-exit-service,21,42,27,270,7,"exit_record, exit_risk_record, exit_audit_log, processed_events, exit_records, exit_risk_records, exit_audit_logs"
exit-prd.yaml,csp-exit-service,21,40,27,270,7,"exit_record, exit_risk_record, exit_audit_log, processed_events, exit_records, exit_risk_records, exit_audit_logs"
payment-settlement-prd-v1.1.yaml,csp-payment-settlement-service,10,48,16,362,7,"csp_wallet, wallet_ledger_entry, liability_ledger_entry, deposit_ledger_entry, csp_bank_account, reconciliation_violations, processed_events"
payment-settlement-prd-v1.2.yaml,csp-payment-settlement-service,10,48,16,362,7,"csp_wallet, wallet_ledger_entry, liability_ledger_entry, deposit_ledger_entry, csp_bank_account, reconciliation_violations, processed_events"
payment-settlement-prd.yaml,csp-payment-settlement-service,10,43,13,330,7,"csp_wallet, wallet_ledger_entry, liability_ledger_entry, deposit_ledger_entry, csp_bank_account, reconciliation_violations, processed_events"
quality-prd-v1.1.yaml,csp-quality-service,17,31,17,159,6,"sla_state_records, domain_state_records, p17_counter_records, recovery_counter_records, evaluation_cycle_records, processed_events"
quality-prd-v1.2.yaml,csp-quality-service,17,36,17,159,6,"sla_state_records, domain_state_records, p17_counter_records, recovery_counter_records, evaluation_cycle_records, processed_events"
quality-prd-v1.3.yaml,csp-quality-service,17,36,17,159,6,"sla_state_records, domain_state_records, p17_counter_records, recovery_counter_records, evaluation_cycle_records, processed_events"
quality-prd-v1.4.1.yaml,csp-quality-service,17,41,18,159,6,"sla_state_records, domain_state_records, p17_counter_records, recovery_counter_records, evaluation_cycle_records, processed_events"
quality-prd-v1.4.yaml,csp-quality-service,17,39,17,159,6,"sla_state_records, domain_state_records, p17_counter_records, recovery_counter_records, evaluation_cycle_records, processed_events"
quality-prd.yaml,csp-quality-service,17,31,17,151,6,"sla_state_records, domain_state_records, p17_counter_records, recovery_counter_records, evaluation_cycle_records, processed_events"
recharge-legacy-bridge-service-prd.yaml,recharge-legacy-bridge-service,7,13,4,72,52,"recharge_gates, id, connection_id, csp_id, detection_source, recharge_reference_id, window_start, window_end, recharge_period_days, confirmation_timestamp, approaching_emitted, expired_emitted, legacy_event_id, created_at"
recharge-validator-service-prd-v1.1.yaml,recharge-validator-service,7,8,10,35,21,"recharge_gates, id, connection_id, csp_id, detection_source, recharge_reference_id, window_start, window_end, recharge_period_days, confirmation_timestamp, approaching_emitted, expired_emitted, created_at, updated_at"
recharge-validator-service-prd-v1.2.yaml,recharge-validator-service,7,8,10,35,21,"recharge_gates, id, connection_id, csp_id, detection_source, recharge_reference_id, window_start, window_end, recharge_period_days, confirmation_timestamp, approaching_emitted, expired_emitted, created_at, updated_at"
recharge-validator-service-prd.yaml,recharge-validator-service,7,8,7,35,20,"recharge_gates, id, connection_id, csp_id, detection_source, recharge_reference_id, window_start, window_end, recharge_period_days, confirmation_timestamp, approaching_emitted, expired_emitted, created_at, processed_events"
support-resolution-prd-v1.1.yaml,csp-support-resolution-service,14,40,21,231,9,"complaint, complaint_task, escalation_log, verification_log, processed_events, complaints, complaint_tasks, escalation_logs, verification_logs"
support-resolution-prd-v1.2.yaml,csp-support-resolution-service,14,40,21,231,9,"complaint, complaint_task, escalation_log, verification_log, processed_events, complaints, complaint_tasks, escalation_logs, verification_logs"
support-resolution-prd-v1.3.yaml,csp-support-resolution-service,14,40,26,231,9,"complaint, complaint_task, escalation_log, verification_log, processed_events, complaints, complaint_tasks, escalation_logs, verification_logs"
support-resolution-prd-v1.4.yaml,csp-support-resolution-service,14,40,26,231,9,"complaint, complaint_task, escalation_log, verification_log, processed_events, complaints, complaint_tasks, escalation_logs, verification_logs"
support-resolution-prd-v1.5.yaml,csp-support-resolution-service,14,40,37,231,9,"complaint, complaint_task, escalation_log, verification_log, processed_events, complaints, complaint_tasks, escalation_logs, verification_logs"
support-resolution-prd.yaml,csp-support-resolution-service,11,37,18,231,9,"complaint, complaint_task, escalation_log, verification_log, processed_events, complaints, complaint_tasks, escalation_logs, verification_logs"
tas-service-prd-v2.1.yaml,csp-task-aggregation-service,8,0,3,18,0,
tas-service-prd-v2.2.yaml,csp-task-aggregation-service,8,0,3,18,0,
visibility-prd-v1.1.yaml,csp-visibility-service,17,33,28,137,9,"read_model_projection, change_notice, change_notice_acknowledgment, audit_trail_view, processed_events, read_model_projections, change_notices, change_notice_acknowledgments, audit_trail_entries"
visibility-prd-v1.2.yaml,csp-visibility-service,17,33,28,137,9,"read_model_projection, change_notice, change_notice_acknowledgment, audit_trail_view, processed_events, read_model_projections, change_notices, change_notice_acknowledgments, audit_trail_entries"
visibility-prd.yaml,csp-visibility-service,17,32,26,137,9,"read_model_projection, change_notice, change_notice_acknowledgment, audit_trail_view, processed_events, read_model_projections, change_notices, change_notice_acknowledgments, audit_trail_entries"
