TABLE_SCHEMA,TABLE_NAME,ROW_COUNT,BYTES,CREATED,LAST_ALTERED
PUBLIC,ROUTER_LOGS,254989973,5960155136,2025-05-30 16:09:47.305000+05:30,2026-06-27 13:22:01.122000+05:30
PUBLIC,CLEVERTAP_CUSTOMER_HIST,59970857,37669329408,2025-07-14 16:06:56.379000+05:30,2026-06-06 08:39:59.988000+05:30
PUBLIC,CUSTOMER_LOGS,40253292,3186883072,2025-05-29 16:21:58.795000+05:30,2026-06-27 13:10:52.105000+05:30
PUBLIC,CUSTOMERVANILLA_AUDIT,36252106,1804090880,2025-08-21 17:33:33.774000+05:30,2026-06-27 13:15:54.031000+05:30
PUBLIC,ROUTER_DETAILS_AUDIT,35854602,499684352,2025-06-20 20:04:13.680000+05:30,2026-06-27 10:01:12.530000+05:30
PUBLIC,CUSTOMER_DAILY_DATA_USAGE,35536795,576252928,2025-10-31 13:27:27.429000+05:30,2026-06-23 01:08:43.816000+05:30
PUBLIC,TASKVANILLA_AUDIT,33385014,1554428416,2025-05-31 11:12:44.019000+05:30,2026-06-27 13:29:51.802000+05:30
PUBLIC,CT_CUSTOMER_APP_EVENTS_MV,31843100,2150948864,2026-06-22 20:14:55.357000+05:30,2026-06-27 11:56:26.478000+05:30
PUBLIC,ROUTER_DETAILS_AUDIT_PRE_MIGRATION,30393198,410442752,2026-03-25 13:20:42.964000+05:30,2026-03-25 13:20:43.907000+05:30
PUBLIC,ROUTER_DETAILS_AUDIT_BACKUP,30060256,405135360,2026-03-12 16:00:56.056000+05:30,2026-03-12 16:00:56.939000+05:30
PUBLIC,CT_PARTNER_BOOKING_TO_INSTALL_MV,28023277,1686919168,2026-06-22 20:44:42.240000+05:30,2026-06-27 07:08:40.676000+05:30
PUBLIC,ROUTER_DETAILS_AUDIT_CLONE,27092393,372333568,2026-01-14 17:47:44.579000+05:30,2026-01-14 17:47:45.373000+05:30
DYNAMODB,SECONDARY_SIGNAL_ROUTER_PLAN_INFO,25544489,1498169856,2025-04-07 16:17:29.642000+05:30,2026-06-27 13:23:58.110000+05:30
PUBLIC,T_ROUTER_USER_MAPPING_SECONDARY_TABLE_DE,25543489,1288886784,2025-08-29 14:07:19.481000+05:30,2026-06-27 13:00:28.880000+05:30
PUBLIC,CUSTOMERVANILLA_AUDIT_BKP,24432409,1219376640,2025-08-21 17:31:23.666000+05:30,2025-08-21 17:33:03.089000+05:30
PUBLIC,T_ROUTER_USER_MAPPING_SECONDARY_TABLE_DE_PRE_MIGRATION,23480170,1146354688,2026-03-23 16:10:18.666000+05:30,2026-03-23 17:00:45.194000+05:30
DBT,TASKVANILLA_AUDIT,21235871,1312995328,2026-06-18 15:55:11.289000+05:30,2026-06-27 12:51:15.855000+05:30
PUBLIC,CT_PARTNER_CSP_EVENTS_MV,20073688,940085248,2026-06-22 20:49:09.547000+05:30,2026-06-22 20:52:04.019000+05:30
PUBLIC,CT_PARTNER_APP_LAUNCH,19038917,652033024,2025-11-06 18:59:26.351000+05:30,2026-06-27 04:45:01.982000+05:30
PUBLIC,CUSTOMER_INFLUX_SUMMARY,17726753,201341952,2025-10-29 16:55:26.568000+05:30,2026-03-23 07:45:03.099000+05:30
PUBLIC,CT_CUSTOMER_APP_LAUNCH,15695062,480135680,2026-06-22 20:16:16.069000+05:30,2026-06-27 11:56:24.879000+05:30
PUBLIC,T_ROUTER_USER_MAPPING_SHARD_01,14824796,811719168,2026-01-13 17:24:48.524000+05:30,2026-01-13 17:31:52.853000+05:30
PUBLIC,T_WG_CUSTOMER_AUDIT,12884205,1179069952,2026-04-07 18:39:02.922000+05:30,2026-06-27 13:10:00.822000+05:30
PUBLIC,T_ROUTER_USER_MAPPING_I2E1,12360048,688438784,2026-01-13 17:24:41.094000+05:30,2026-01-13 17:31:32.388000+05:30
PUBLIC,T_WG_CUSTOMER_AUDIT_NEW,11779891,798969856,2026-04-07 18:03:28.595000+05:30,2026-04-07 18:38:52.276000+05:30
PUBLIC,T_WG_CUSTOMER_AUDIT_PRE_MIGRATION,11775003,749655040,2026-03-23 13:56:23.389000+05:30,2026-04-07 16:57:30.268000+05:30
PUBLIC,T_WG_CUSTOMER_AUDIT_BACKUP_2026_04_02,11669213,974179840,2026-04-02 17:38:27.776000+05:30,2026-04-02 17:38:49.771000+05:30
PUBLIC,T_WG_CUSTOMER_AUDIT_ACTIVE,11659019,759814656,2026-03-22 13:52:03.537000+05:30,2026-03-22 13:52:28.712000+05:30
PUBLIC,T_WG_CUSTOMER_AUDIT_BACKUP_2026_03_19,11631019,760427008,2026-03-19 17:18:42.860000+05:30,2026-03-19 17:18:54.164000+05:30
DBT,INT_IX_PLAN_ACTIVE_DAILY,10904009,54106112,2026-06-13 10:39:45.854000+05:30,2026-06-27 12:52:55.901000+05:30
PUBLIC,T_WG_CUSTOMER_AUDIT_1,10648927,1169571328,2025-06-23 19:07:45.211000+05:30,2025-06-24 10:52:41.660000+05:30
PUBLIC,CT_PARTNER_AKHIL_11_FEB,10542069,27577698304,2026-02-11 17:40:34.833000+05:30,2026-02-25 15:56:52.625000+05:30
PUBLIC,CT_PARTNER_AKHIL_10_FEB,10514323,14362209280,2026-02-10 20:14:15.941000+05:30,2026-02-11 17:46:17.174000+05:30
PUBLIC,CT_CUSTOMER_APP_LAUNCH_1,9635050,494208512,2026-03-11 12:08:18.741000+05:30,2026-03-11 12:08:19.580000+05:30
PUBLIC,CT_CUSTOMER_SECURITY_JOURNEY_MV,9470468,335246336,2026-06-22 20:38:52.290000+05:30,2026-06-27 11:56:26.384000+05:30
DBT,T_ACCOUNT_BALANCE_SHEET1,7974231,539080704,2026-06-13 10:33:02.399000+05:30,2026-06-27 12:49:56.847000+05:30
PUBLIC,CT_CUSTOMER_HOME_PAGE_LOAD_1,7780516,424653824,2026-03-11 12:11:00.640000+05:30,2026-03-11 12:11:01.184000+05:30
PUBLIC,CLEVERTAP_PARTNER_HIST,7511168,2810722304,2025-07-11 11:37:33.721000+05:30,2025-07-23 17:53:18.273000+05:30
DYNAMODB,ACCOUNT_WALLET_HISTORY,7468175,662367232,2025-03-20 12:17:27.314000+05:30,2026-06-27 13:24:23.440000+05:30
DYNAMODB,ROUTER_OPERATION,7444918,298791936,2025-03-25 14:41:15.701000+05:30,2026-06-27 13:23:56.690000+05:30
PUBLIC,PARTNERVANILLA_AUDIT,7199396,95083008,2025-06-02 11:28:51.219000+05:30,2026-06-26 23:42:39.049000+05:30
PUBLIC,PARTNER_LOGS,7116508,512110592,2025-05-29 16:21:58.526000+05:30,2026-06-26 23:40:43.383000+05:30
PUBLIC,T_ADDRESS,7034606,356302336,2026-03-19 23:21:52.542000+05:30,2026-06-27 12:43:26.941000+05:30
PUBLIC,CT_CUSTOMER_PAYG_MIGRATION_EVENTS_MV,6994933,200072192,2026-06-22 20:36:45.919000+05:30,2026-06-27 11:56:26.788000+05:30
PUBLIC,OKR_PARTNER_90_DAYS_INV_TEMP,6946535,66832896,2026-06-27 03:10:01.252000+05:30,2026-06-27 03:15:29.709000+05:30
PUBLIC,CT_CUSTOMER_HOME_PAGE_LOAD,6940041,249703424,2026-06-22 20:20:03.883000+05:30,2026-06-27 11:56:25.055000+05:30
PUBLIC,T_CUSTOMER_TICKET_AUDIT,6757179,254071296,2025-06-23 15:04:40.488000+05:30,2025-06-23 15:04:47.338000+05:30
DBT,ACCOUNT_WALLET_HISTORY,6749100,368585216,2026-06-13 10:26:57.380000+05:30,2026-06-27 12:40:16.218000+05:30
PUBLIC,T_ADDRESS_PRE_MIGRATION,6563665,303879680,2025-03-26 16:22:03.439000+05:30,2026-03-23 13:49:46.859000+05:30
DYNAMODB,HOME_ROUTER_PLAN_INFO,6405354,473533952,2025-04-07 16:15:30.554000+05:30,2026-06-27 13:23:56.100000+05:30
PUBLIC,T_ROUTER_USER_MAPPING_HOME_ROUTER_TABLE_DE,6404583,451474944,2025-08-29 14:06:50.873000+05:30,2026-06-27 13:00:10.988000+05:30
DBT,HOME_ROUTER_TABLE_DE,6404126,466539520,2026-06-13 10:28:43.468000+05:30,2026-06-27 12:41:42.718000+05:30
PUBLIC,T_ACCOUNT_BALANCE_SHEET1_SQL,5951041,357925376,2025-08-27 17:53:08.629000+05:30,2025-09-01 16:54:45.856000+05:30
PUBLIC,T_ROUTER_USER_MAPPING_HOME_ROUTER_TABLE_DE_PRE_MIGRATION,5884818,404635136,2026-03-23 16:11:36.842000+05:30,2026-03-23 17:00:18.754000+05:30
PUBLIC,CUSTOMER_QUEUE_REPORTING_60DAYS_NEWONE,5530495,136839680,2025-11-23 11:15:16.177000+05:30,2026-06-27 10:33:26.509000+05:30
PUBLIC,CUSTOMER_PROFILE_MODEL,4629581,277336576,2026-06-27 07:10:01.080000+05:30,2026-06-27 07:11:51.648000+05:30
PUBLIC,T_WG_CUSTOMER_AUDIT_DE,4271773,172726784,2025-06-30 20:03:24.834000+05:30,2025-08-06 13:12:11.408000+05:30
DBT,CUSTOMER_PROFILE,4241896,247830016,2026-04-01 13:12:07.699000+05:30,2026-04-01 13:12:58.496000+05:30
PUBLIC,CUSTOMER_PROFILE_MODEL_PRE_MIGRATION,4238340,255792128,2026-03-23 07:10:00.387000+05:30,2026-03-23 15:46:33.387000+05:30
DBT,CUSTOMER_PROFILE_MODEL,4235456,256824832,2026-04-01 13:25:19.383000+05:30,2026-04-01 13:28:10.757000+05:30
PUBLIC,CT_CUSTOMER_PAYG_PAYMENT_EVENTS_MV,3993640,142115328,2026-06-22 20:37:08.278000+05:30,2026-06-27 11:56:27.022000+05:30
DBT,BASE_PLANS,3981177,124394496,2026-06-27 12:40:35.062000+05:30,2026-06-27 12:40:45.062000+05:30
PUBLIC,CT_PARTNER_FPN_MV,2969149,182220800,2026-06-22 20:52:49.078000+05:30,2026-06-27 11:56:26.549000+05:30
DYNAMODB,CUSTOMER,2786336,386158080,2025-03-25 14:41:10.193000+05:30,2026-06-27 13:23:58.493000+05:30
DYNAMODB,PARTNER_BONUS_DISBURSEMENT,2525985,171560448,2025-03-25 14:41:04.448000+05:30,2026-06-16 22:23:20.609000+05:30
PUBLIC,PARTNER_DISTANCES_GINIE_CHECK1,2450720,20944896,2025-08-01 18:09:33.302000+05:30,2026-01-06 20:30:23.446000+05:30
PUBLIC,CT_PARTNER_ISP_ROUTER_MV,2361602,123357696,2026-06-22 21:07:41.887000+05:30,2026-06-22 21:08:02.991000+05:30
PUBLIC,CUSTOMER_BEHAVIORAL_PROFILE_DAILY,2155384,251159040,2026-03-16 12:13:28.372000+05:30,2026-06-27 02:00:06.202000+05:30
PUBLIC,CUSTOMER_SEGMENTS_V1_DAILY,2155384,75959808,2026-03-16 12:33:33.675000+05:30,2026-06-27 02:00:08.332000+05:30
DS_TABLES,T_PARTNER_CLEVERTAP_DATA,2145543,43703296,2025-11-13 12:44:15.564000+05:30,2026-05-01 06:39:05.570000+05:30
DYNAMODB,PARTNER_DEVICE_BONUS_DISBURSEMENT,1904111,125938176,2025-03-25 14:41:14.636000+05:30,2026-06-16 22:23:21.139000+05:30
DYNAMODB,PARTNER_WORK_BONUS_DISBURSEMENT,1904111,126725632,2025-03-25 14:41:15.258000+05:30,2026-06-16 22:23:59.846000+05:30
PUBLIC,T_ACCOUNT_MAPPING1,1829871,46011392,2026-05-08 13:23:29.071000+05:30,2026-06-27 12:48:07.153000+05:30
PUBLIC,T_ACCOUNT_MAPPING1_PRE_MIGRATION,1815619,36099072,2025-03-26 12:24:41.051000+05:30,2026-03-23 12:47:53.849000+05:30
PUBLIC,T_ROUTER_USER_MAPPING_13_JAN_2026_SHARD_01,1792456,85986304,2026-01-14 13:44:57.485000+05:30,2026-01-14 13:45:01.751000+05:30
DYNAMODB,CUSTOMER_V_2,1728111,246073344,2026-03-06 19:07:52.305000+05:30,2026-06-27 13:23:59.847000+05:30
PUBLIC,T_ROUTER_OPERATION,1693306,73349632,2025-04-15 14:50:59.514000+05:30,2026-06-27 12:46:13.983000+05:30
PUBLIC,CUSTOMER_QUEUE_REPORTING_60DAYS,1565203,189774336,2025-07-14 20:13:35.835000+05:30,2025-10-16 07:30:49.156000+05:30
DYNAMODB,PARTNER_TAX_DETAILS,1355692,57850368,2025-03-25 14:41:16.013000+05:30,2026-05-01 09:23:32.097000+05:30
PUBLIC,CT_CUSTOMER_APP_INSTALL_ACTIVITY_MV,1237555,8779776,2026-06-22 20:15:21.123000+05:30,2026-06-27 11:56:25.759000+05:30
PUBLIC,T_ACCOUNT_BALANCE_SHEET1_HISTORICAL,1225132,71300608,2025-08-27 18:21:43.967000+05:30,2025-08-27 18:23:11.391000+05:30
PUBLIC,PARTNER_DISTANCES_GINIE,1175219,13250560,2025-08-01 18:09:32.984000+05:30,2026-01-06 20:30:22.917000+05:30
PUBLIC,TASKVANILLA_AUDIT_HISTORY_BEFORE_2024_02_01,1167346,45118976,2026-04-01 16:51:44.922000+05:30,2026-04-01 16:51:52.915000+05:30
PUBLIC,PARTNER_DETAILS_LOG,1072856,39986688,2025-06-26 13:19:26.204000+05:30,2026-06-27 00:54:01.770000+05:30
PUBLIC,CUSTOMER_BASE,998064,14512640,2025-12-18 16:06:58.374000+05:30,2026-06-27 04:07:38.769000+05:30
DBT,CUSTOMER_BASE,997083,11590656,2026-06-13 10:42:18.642000+05:30,2026-06-27 12:54:42.334000+05:30
PUBLIC,T_ROUTER_BANDWIDTH,980353,17174016,2025-04-15 15:18:49.426000+05:30,2026-06-27 12:46:16.900000+05:30
PUBLIC,T_CUSTOMER_TICKET,944209,53867008,2025-04-15 14:53:45.198000+05:30,2026-06-27 12:46:09.675000+05:30
PUBLIC,CUSTOMER_QUEUE_REPORTING_60DAYS_NEW2,814297,74406400,2025-10-31 13:17:01.231000+05:30,2025-11-21 21:33:00.190000+05:30
PUBLIC,CUSTOMER_INFLUX_SUMMARY_DUMMY,731108,8997888,2025-12-30 17:29:57.085000+05:30,2026-01-14 01:45:15.692000+05:30
DBT,TASKVANILLA,725206,119699456,2026-06-18 15:55:49.338000+05:30,2026-06-27 12:54:22.208000+05:30
PUBLIC,TASKVANILLA,724657,110431744,2025-05-31 11:13:10.659000+05:30,2026-06-27 13:30:27.709000+05:30
PUBLIC,T_ROUTER_USER_MAPPING_13_JAN_2026_I2E1,694406,36490240,2026-01-14 13:45:30.125000+05:30,2026-01-14 13:45:35.412000+05:30
DBT,FCT_MACRO_FUNNEL_PARTNER,624756,24687616,2026-06-11 13:19:48.172000+05:30,2026-06-11 13:20:06.125000+05:30
PUBLIC,T_ACCOUNT,479862,31565312,2026-03-20 02:06:39.219000+05:30,2026-06-27 13:26:24.904000+05:30
PUBLIC,KAPTURE_PARTNER_TICKETS_REPORT,468112,173976064,2026-02-25 20:02:27.681000+05:30,2026-06-27 13:15:02.784000+05:30
PUBLIC,T_ACCOUNT_BACKUP_20250319,458099,31600128,2026-03-20 01:57:12.170000+05:30,2026-03-20 01:57:13.001000+05:30
PUBLIC,T_ACCOUNT_PRE_MIGRATION,458099,33129472,2025-03-25 19:12:33.307000+05:30,2026-03-23 12:44:35.337000+05:30
DYNAMODB,LEAD_ALLOCATION_PARTNER_SCHEDULER,452002,68214272,2025-06-14 17:07:02.379000+05:30,2026-06-27 13:23:58.691000+05:30
DBT,DIM_CX_CUSTOMER_PARTNER,451016,12332032,2026-06-27 12:54:33.724000+05:30,2026-06-27 12:54:40.297000+05:30
DBT,T_WG_CUSTOMER,449558,39466496,2026-06-23 16:24:40.744000+05:30,2026-06-27 12:54:57.987000+05:30
PUBLIC,T_WG_CUSTOMER,449459,62934528,2025-03-26 12:37:37.081000+05:30,2026-06-27 12:43:53.134000+05:30
PUBLIC,T_WG_CUSTOMER_PRE_MIGRATION,448565,53033984,2026-03-23 13:27:09.629000+05:30,2026-06-27 13:29:41.602000+05:30
PUBLIC,T_WG_CUSTOMER_BACKUP_2026_03_19,447926,52259328,2026-03-19 17:18:40.981000+05:30,2026-03-19 17:18:42.683000+05:30
PUBLIC,CUSTOMER_ENRICHED_DBT,445852,13235200,2026-01-27 15:45:30.793000+05:30,2026-01-27 15:45:39.717000+05:30
PUBLIC,CT_PARTNER_CALLING_MV,429509,38207488,2026-06-22 20:48:35.312000+05:30,2026-06-22 20:48:39.107000+05:30
DYNAMODB,ACCOUNT_WALLET,421481,18764288,2025-03-25 14:27:01.852000+05:30,2026-06-27 13:23:58.296000+05:30
DYNAMODB,TASKS_ROUTER_CONNECTIONS_AUDIT,403882,101647360,2025-04-07 16:16:38.191000+05:30,2026-01-04 17:08:22.260000+05:30
PUBLIC,STG_CUSTOMER_BASE,400993,17773056,2026-04-30 10:53:05.172000+05:30,2026-04-30 10:53:10.269000+05:30
PUBLIC,COMBINED_T_WG_CUSTOMER,359966,38685184,2025-03-25 11:19:46.492000+05:30,2025-08-12 14:00:04.154000+05:30
PUBLIC,INT_INVENTORY_MODEL_LAST_PARTNER_RECEIVED,347314,7273984,2026-06-27 02:16:57.660000+05:30,2026-06-27 02:16:59.086000+05:30
PUBLIC,ROUTER_DETAILS,323951,7535104,2026-06-27 10:12:01.192000+05:30,2026-06-27 10:12:09.903000+05:30
PUBLIC,ROUTER_DETAILS_PRE_MIGRATION,323449,8236544,2026-03-25 13:20:44.246000+05:30,2026-03-25 13:20:44.731000+05:30
PUBLIC,ROUTER_DETAILS_CLONE,322919,7752704,2026-01-14 17:48:09.018000+05:30,2026-01-14 17:48:10.078000+05:30
PUBLIC,CT_PARTNER_ISP_RECHARGE_EVENTS_MV,309532,5201920,2026-06-22 21:07:29.066000+05:30,2026-06-22 21:07:30.757000+05:30
PUBLIC,PARTNER_APP_DEVICE_DETAILS,306387,1752576,2025-09-01 19:29:06.020000+05:30,2026-01-06 08:39:07.057000+05:30
DBT,AGG_PARTNER_FUNNEL,295703,9346560,2026-06-11 18:19:45.515000+05:30,2026-06-11 18:19:47.361000+05:30
PUBLIC,CUSTOMER_BEHAVIORAL_PROFILE,263069,25417216,2026-03-13 15:42:47.655000+05:30,2026-03-16 13:06:13.720000+05:30
PUBLIC,KAPTURE_PARTNER_TICKETS_REPORT_NEW,253010,130963968,2026-06-04 14:44:02.190000+05:30,2026-06-04 14:44:03.209000+05:30
PUBLIC,CUSTOMER_QUERY,236692,29623296,2025-07-07 23:54:51.028000+05:30,2026-06-20 14:54:15.793000+05:30
