h3_id,eligible_devices,qualifying_events,events_1_to_3_hours,events_over_3_hours,worst_affected_devices,worst_affected_share,longest_event_minutes,latest_event_start_ist,latest_event_end_ist,severity
893c14004b7ffff,5,2,2,0,4,0.8,80.0,2026-07-06 02:25:00,2026-07-06 03:35:00,1_to_3_hours
893c14004cbffff,11,1,0,1,8,0.7273,185.0,2026-07-25 08:25:00,2026-07-25 11:30:00,over_3_hours
893c1402207ffff,8,1,1,0,6,0.75,150.0,2026-07-18 03:00:00,2026-07-18 05:30:00,1_to_3_hours
893c1402337ffff,6,1,1,0,6,1.0,75.0,2026-07-27 11:50:00,2026-07-27 13:05:00,1_to_3_hours
893c1402a97ffff,5,1,1,0,5,1.0,170.0,2026-07-21 07:55:00,2026-07-21 10:45:00,1_to_3_hours
893c1402e03ffff,5,3,1,2,5,1.0,555.0,2026-07-28 13:45:00,2026-07-28 15:05:00,over_3_hours
893c1402e17ffff,6,3,2,1,6,1.0,350.0,2026-07-28 13:45:00,2026-07-28 15:05:00,over_3_hours
893c1402ebbffff,5,2,1,1,5,1.0,355.0,2026-07-28 13:50:00,2026-07-28 15:05:00,over_3_hours
893c1402ecfffff,5,3,1,2,5,1.0,565.0,2026-07-28 13:50:00,2026-07-28 15:05:00,over_3_hours
893c1403127ffff,17,1,0,1,13,0.7647,185.0,2026-07-25 08:25:00,2026-07-25 11:30:00,over_3_hours
893d123982fffff,5,1,0,1,4,0.8,225.0,2026-07-15 11:25:00,2026-07-15 15:10:00,over_3_hours
893d1239a8fffff,5,3,2,1,4,0.8,295.0,2026-07-28 14:20:00,2026-07-28 16:15:00,over_3_hours
893d1239c03ffff,25,1,1,0,24,0.96,135.0,2026-07-20 09:50:00,2026-07-20 12:05:00,1_to_3_hours
893d1239c07ffff,13,1,1,0,13,1.0,135.0,2026-07-20 09:50:00,2026-07-20 12:05:00,1_to_3_hours
893d1239c0bffff,11,1,1,0,9,0.8182,135.0,2026-07-20 09:50:00,2026-07-20 12:05:00,1_to_3_hours
893d1239c0fffff,27,1,1,0,27,1.0,140.0,2026-07-20 09:45:00,2026-07-20 12:05:00,1_to_3_hours
893d1239c13ffff,10,1,1,0,9,0.9,135.0,2026-07-20 09:50:00,2026-07-20 12:05:00,1_to_3_hours
893d1239c17ffff,23,1,1,0,23,1.0,140.0,2026-07-20 09:45:00,2026-07-20 12:05:00,1_to_3_hours
893d1239c1bffff,8,1,1,0,7,0.875,140.0,2026-07-20 09:45:00,2026-07-20 12:05:00,1_to_3_hours
893d1239c23ffff,23,1,0,1,22,0.9565,365.0,2026-07-20 09:45:00,2026-07-20 15:50:00,over_3_hours
893d1239c27ffff,8,1,0,1,6,0.75,410.0,2026-07-20 09:50:00,2026-07-20 16:40:00,over_3_hours
893d1239c2bffff,9,1,0,1,9,1.0,350.0,2026-07-20 09:45:00,2026-07-20 15:35:00,over_3_hours
893d1239c2fffff,7,3,1,2,6,0.8571,415.0,2026-07-20 09:45:00,2026-07-20 16:40:00,over_3_hours
893d1239c37ffff,9,1,0,1,7,0.7778,290.0,2026-07-20 09:50:00,2026-07-20 14:40:00,over_3_hours
893d1239c3bffff,8,3,1,2,8,1.0,460.0,2026-07-27 15:50:00,2026-07-27 19:05:00,over_3_hours
893d1239c63ffff,5,6,4,2,4,0.8,375.0,2026-07-23 08:35:00,2026-07-23 10:25:00,over_3_hours
893d1239c73ffff,6,1,1,0,5,0.8333,135.0,2026-07-20 09:50:00,2026-07-20 12:05:00,1_to_3_hours
893d1239c77ffff,13,1,0,1,12,0.9231,300.0,2026-07-20 09:45:00,2026-07-20 14:45:00,over_3_hours
893d1239c7bffff,5,2,2,0,4,0.8,125.0,2026-07-23 08:30:00,2026-07-23 10:35:00,1_to_3_hours
893d1239c87ffff,5,1,1,0,4,0.8,135.0,2026-07-20 09:50:00,2026-07-20 12:05:00,1_to_3_hours
893d1239c8bffff,10,1,1,0,10,1.0,140.0,2026-07-20 09:45:00,2026-07-20 12:05:00,1_to_3_hours
893d1239c8fffff,11,1,1,0,10,0.9091,135.0,2026-07-20 09:50:00,2026-07-20 12:05:00,1_to_3_hours
893d1239c97ffff,6,1,1,0,6,1.0,140.0,2026-07-20 09:45:00,2026-07-20 12:05:00,1_to_3_hours
893d1239c9bffff,8,1,1,0,8,1.0,135.0,2026-07-20 09:50:00,2026-07-20 12:05:00,1_to_3_hours
893d1239cabffff,11,1,1,0,10,0.9091,135.0,2026-07-20 09:50:00,2026-07-20 12:05:00,1_to_3_hours
893d1239cb3ffff,8,1,1,0,8,1.0,145.0,2026-07-20 09:45:00,2026-07-20 12:10:00,1_to_3_hours
893d1239cb7ffff,5,1,1,0,4,0.8,135.0,2026-07-20 09:50:00,2026-07-20 12:05:00,1_to_3_hours
893d1239cc7ffff,7,1,1,0,7,1.0,135.0,2026-07-20 09:50:00,2026-07-20 12:05:00,1_to_3_hours
893d1239cd3ffff,8,5,4,1,8,1.0,230.0,2026-07-22 09:00:00,2026-07-22 10:30:00,over_3_hours
893d1239dcbffff,9,1,0,1,8,0.8889,285.0,2026-07-20 09:50:00,2026-07-20 14:35:00,over_3_hours
893d1239dd3ffff,12,1,0,1,11,0.9167,295.0,2026-07-20 09:50:00,2026-07-20 14:45:00,over_3_hours
893d124c4afffff,5,1,1,0,5,1.0,80.0,2026-07-11 00:35:00,2026-07-11 01:55:00,1_to_3_hours
893d1269b0bffff,7,1,1,0,6,0.8571,80.0,2026-07-18 18:05:00,2026-07-18 19:25:00,1_to_3_hours
893d1269b53ffff,7,1,0,1,6,0.8571,420.0,2026-07-05 03:55:00,2026-07-05 10:55:00,over_3_hours
893d1269b57ffff,10,1,1,0,8,0.8,110.0,2026-07-02 12:10:00,2026-07-02 14:00:00,1_to_3_hours
893d126f013ffff,7,3,3,0,6,0.8571,120.0,2026-07-10 10:55:00,2026-07-10 12:30:00,1_to_3_hours
893d126f1a7ffff,6,3,3,0,6,1.0,180.0,2026-07-10 10:55:00,2026-07-10 13:55:00,1_to_3_hours
893d85842cbffff,5,2,2,0,5,1.0,95.0,2026-07-08 06:50:00,2026-07-08 08:10:00,1_to_3_hours
893d8584893ffff,7,1,1,0,5,0.7143,160.0,2026-07-09 03:50:00,2026-07-09 06:30:00,1_to_3_hours
893d8584b43ffff,17,1,1,0,16,0.9412,65.0,2026-07-16 01:40:00,2026-07-16 02:45:00,1_to_3_hours
893d8584b63ffff,5,1,1,0,5,1.0,65.0,2026-07-16 01:40:00,2026-07-16 02:45:00,1_to_3_hours
893d8584b67ffff,9,1,1,0,9,1.0,65.0,2026-07-16 01:40:00,2026-07-16 02:45:00,1_to_3_hours
893d8584b6bffff,12,1,1,0,12,1.0,65.0,2026-07-16 01:40:00,2026-07-16 02:45:00,1_to_3_hours
893d8584b6fffff,22,1,1,0,22,1.0,65.0,2026-07-16 01:40:00,2026-07-16 02:45:00,1_to_3_hours
893d8585967ffff,5,1,1,0,4,0.8,100.0,2026-07-20 09:30:00,2026-07-20 11:10:00,1_to_3_hours
893d8585b43ffff,6,2,1,1,6,1.0,730.0,2026-07-16 01:40:00,2026-07-16 02:45:00,over_3_hours
893d85a502bffff,5,9,2,7,5,1.0,1060.0,2026-07-30 02:50:00,2026-07-30 09:00:00,over_3_hours
893d85a530bffff,5,1,0,1,4,0.8,550.0,2026-07-24 02:20:00,2026-07-24 11:30:00,over_3_hours
893d85a5313ffff,5,1,0,1,5,1.0,560.0,2026-07-24 02:15:00,2026-07-24 11:35:00,over_3_hours
893d85a531bffff,5,1,0,1,5,1.0,550.0,2026-07-24 02:20:00,2026-07-24 11:30:00,over_3_hours
893d85a5343ffff,7,3,1,2,5,0.7143,405.0,2026-07-09 03:15:00,2026-07-09 05:05:00,over_3_hours
893d85a535bffff,19,3,1,2,16,0.8421,405.0,2026-07-09 02:30:00,2026-07-09 05:05:00,over_3_hours
893d85a5393ffff,5,2,1,1,4,0.8,1060.0,2026-07-24 23:50:00,2026-07-25 17:30:00,over_3_hours
893d85ba31bffff,11,4,4,0,9,0.8182,170.0,2026-07-30 09:20:00,2026-07-30 11:50:00,1_to_3_hours
893d85ba5c3ffff,9,2,2,0,9,1.0,80.0,2026-07-16 01:40:00,2026-07-16 02:45:00,1_to_3_hours
893d85ba5cfffff,8,1,1,0,6,0.75,80.0,2026-07-09 03:50:00,2026-07-09 05:10:00,1_to_3_hours
893d8b12323ffff,6,1,0,1,5,0.8333,505.0,2026-07-01 02:10:00,2026-07-01 10:35:00,over_3_hours
893d8b12333ffff,5,1,0,1,5,1.0,500.0,2026-07-01 02:10:00,2026-07-01 10:30:00,over_3_hours
893d8b12e5bffff,14,1,0,1,12,0.8571,505.0,2026-07-01 02:10:00,2026-07-01 10:35:00,over_3_hours
893d8b8990fffff,5,1,1,0,5,1.0,175.0,2026-07-13 11:15:00,2026-07-13 14:10:00,1_to_3_hours
893d8b899d3ffff,8,1,1,0,6,0.75,110.0,2026-07-10 01:35:00,2026-07-10 03:25:00,1_to_3_hours
893d8b8d2cfffff,6,1,0,1,5,0.8333,830.0,2026-07-23 22:25:00,2026-07-24 12:15:00,over_3_hours
893d8d56473ffff,5,2,1,1,4,0.8,580.0,2026-07-14 18:45:00,2026-07-14 21:25:00,over_3_hours
893d8dc537bffff,7,3,2,1,7,1.0,310.0,2026-07-28 11:50:00,2026-07-28 13:10:00,over_3_hours
893d8dcd40fffff,10,1,1,0,7,0.7,65.0,2026-07-08 09:30:00,2026-07-08 10:35:00,1_to_3_hours
893d8dcd417ffff,5,7,1,6,4,0.8,725.0,2026-07-30 21:45:00,2026-07-31 09:50:00,over_3_hours
893d8dcdcabffff,6,1,1,0,6,1.0,65.0,2026-07-23 15:25:00,2026-07-23 16:30:00,1_to_3_hours
893d8dce123ffff,5,4,4,0,4,0.8,145.0,2026-07-07 12:20:00,2026-07-07 14:30:00,1_to_3_hours
893d8dce577ffff,5,1,1,0,5,1.0,90.0,2026-07-13 12:15:00,2026-07-13 13:45:00,1_to_3_hours
893d8dce587ffff,5,1,1,0,4,0.8,65.0,2026-07-12 02:30:00,2026-07-12 03:35:00,1_to_3_hours
893da1005d3ffff,10,3,1,2,7,0.7,300.0,2026-07-30 11:50:00,2026-07-30 12:55:00,over_3_hours
893da1009abffff,6,2,1,1,6,1.0,790.0,2026-07-22 22:00:00,2026-07-23 11:10:00,over_3_hours
893da100cd7ffff,7,1,0,1,5,0.7143,330.0,2026-07-08 09:05:00,2026-07-08 14:35:00,over_3_hours
893da102023ffff,14,1,1,0,14,1.0,105.0,2026-07-06 06:50:00,2026-07-06 08:35:00,1_to_3_hours
893da102027ffff,30,2,2,0,26,0.8667,105.0,2026-07-16 04:50:00,2026-07-16 06:35:00,1_to_3_hours
893da10202fffff,38,1,1,0,29,0.7632,100.0,2026-07-06 06:55:00,2026-07-06 08:35:00,1_to_3_hours
893da102037ffff,13,2,2,0,12,0.9231,105.0,2026-07-16 04:50:00,2026-07-16 06:35:00,1_to_3_hours
893da102143ffff,24,2,2,0,21,0.875,145.0,2026-07-15 14:55:00,2026-07-15 17:20:00,1_to_3_hours
893da102147ffff,10,3,3,0,10,1.0,110.0,2026-07-27 14:50:00,2026-07-27 15:55:00,1_to_3_hours
893da10214bffff,21,1,1,0,17,0.8095,100.0,2026-07-06 06:55:00,2026-07-06 08:35:00,1_to_3_hours
893da102153ffff,19,2,2,0,19,1.0,110.0,2026-07-11 08:45:00,2026-07-11 10:35:00,1_to_3_hours
893da10215bffff,16,1,1,0,14,0.875,100.0,2026-07-06 06:55:00,2026-07-06 08:35:00,1_to_3_hours
893da1021cbffff,8,2,1,1,8,1.0,210.0,2026-07-11 08:40:00,2026-07-11 12:10:00,over_3_hours
893da102387ffff,24,1,1,0,23,0.9583,100.0,2026-07-06 06:55:00,2026-07-06 08:35:00,1_to_3_hours
893da102397ffff,45,1,1,0,40,0.8889,100.0,2026-07-06 06:55:00,2026-07-06 08:35:00,1_to_3_hours
893da102b4fffff,24,1,1,0,18,0.75,100.0,2026-07-20 08:55:00,2026-07-20 10:35:00,1_to_3_hours
893da102c13ffff,13,2,0,2,11,0.8462,685.0,2026-07-29 11:25:00,2026-07-29 17:15:00,over_3_hours
893da102c17ffff,5,2,0,2,5,1.0,745.0,2026-07-25 12:50:00,2026-07-25 21:15:00,over_3_hours
893da102d43ffff,128,1,1,0,105,0.8203,85.0,2026-07-07 09:15:00,2026-07-07 10:40:00,1_to_3_hours
893da102d4fffff,9,2,1,1,7,0.7778,255.0,2026-07-23 14:05:00,2026-07-23 18:20:00,over_3_hours
893da102d53ffff,59,1,1,0,53,0.8983,90.0,2026-07-07 09:10:00,2026-07-07 10:40:00,1_to_3_hours
893da102e13ffff,45,2,0,2,33,0.7333,585.0,2026-07-29 00:40:00,2026-07-29 10:25:00,over_3_hours
893da102e1bffff,11,1,1,0,8,0.7273,75.0,2026-07-28 13:05:00,2026-07-28 14:20:00,1_to_3_hours
893da102e8bffff,12,2,0,2,9,0.75,585.0,2026-07-29 00:40:00,2026-07-29 10:25:00,over_3_hours
893da102e8fffff,27,1,0,1,19,0.7037,530.0,2026-07-18 01:10:00,2026-07-18 10:00:00,over_3_hours
893da102ec7ffff,14,2,0,2,12,0.8571,530.0,2026-07-29 03:55:00,2026-07-29 10:25:00,over_3_hours
893da10314fffff,8,1,0,1,8,1.0,590.0,2026-07-18 22:30:00,2026-07-19 08:20:00,over_3_hours
893da104193ffff,5,4,3,1,5,1.0,1085.0,2026-07-19 23:00:00,2026-07-20 17:05:00,over_3_hours
893da104197ffff,5,2,1,1,5,1.0,1085.0,2026-07-19 23:00:00,2026-07-20 17:05:00,over_3_hours
893da104507ffff,16,1,1,0,12,0.75,110.0,2026-07-17 09:50:00,2026-07-17 11:40:00,1_to_3_hours
893da1045b3ffff,8,1,0,1,6,0.75,695.0,2026-07-10 23:05:00,2026-07-11 10:40:00,over_3_hours
893da104667ffff,12,1,1,0,12,1.0,135.0,2026-07-14 19:20:00,2026-07-14 21:35:00,1_to_3_hours
893da104867ffff,20,1,1,0,15,0.75,115.0,2026-07-17 20:10:00,2026-07-17 22:05:00,1_to_3_hours
893da104877ffff,8,2,2,0,6,0.75,95.0,2026-07-29 13:10:00,2026-07-29 14:35:00,1_to_3_hours
893da104a07ffff,8,2,0,2,8,1.0,1050.0,2026-07-12 19:00:00,2026-07-13 12:20:00,over_3_hours
893da104a3bffff,8,14,5,9,8,1.0,570.0,2026-07-31 02:25:00,2026-07-31 06:15:00,over_3_hours
893da104aa7ffff,18,1,0,1,15,0.8333,955.0,2026-07-08 23:00:00,2026-07-09 14:55:00,over_3_hours
893da104aabffff,5,3,3,0,4,0.8,160.0,2026-07-29 22:15:00,2026-07-30 00:55:00,1_to_3_hours
893da104abbffff,5,6,4,2,5,1.0,720.0,2026-07-17 22:55:00,2026-07-18 01:55:00,over_3_hours
893da105013ffff,23,1,0,1,20,0.8696,585.0,2026-07-12 00:00:00,2026-07-12 09:45:00,over_3_hours
893da105083ffff,22,2,2,0,18,0.8182,180.0,2026-07-19 05:00:00,2026-07-19 06:15:00,1_to_3_hours
893da105097ffff,43,2,2,0,39,0.907,180.0,2026-07-19 05:00:00,2026-07-19 06:15:00,1_to_3_hours
893da1050c3ffff,13,2,1,1,13,1.0,605.0,2026-07-19 09:15:00,2026-07-19 10:55:00,over_3_hours
893da1050d3ffff,18,1,1,0,13,0.7222,100.0,2026-07-19 09:15:00,2026-07-19 10:55:00,1_to_3_hours
893da1050dbffff,7,2,1,1,6,0.8571,310.0,2026-07-19 09:10:00,2026-07-19 10:55:00,over_3_hours
893da105407ffff,7,2,2,0,5,0.7143,165.0,2026-07-21 08:05:00,2026-07-21 10:50:00,1_to_3_hours
893da10542fffff,11,2,2,0,10,0.9091,180.0,2026-07-19 05:00:00,2026-07-19 06:15:00,1_to_3_hours
893da10543bffff,21,1,1,0,15,0.7143,70.0,2026-07-21 09:35:00,2026-07-21 10:45:00,1_to_3_hours
893da105467ffff,11,1,1,0,8,0.7273,115.0,2026-07-13 04:35:00,2026-07-13 06:30:00,1_to_3_hours
893da10546bffff,19,2,1,1,16,0.8421,185.0,2026-07-19 09:15:00,2026-07-19 10:55:00,over_3_hours
893da105483ffff,5,2,0,2,4,0.8,245.0,2026-07-12 01:35:00,2026-07-12 05:40:00,over_3_hours
893da105497ffff,7,2,1,1,6,0.8571,225.0,2026-07-10 07:05:00,2026-07-10 08:40:00,over_3_hours
893da1054cbffff,5,1,0,1,4,0.8,230.0,2026-07-16 14:20:00,2026-07-16 18:10:00,over_3_hours
893da1054d3ffff,18,1,1,0,13,0.7222,140.0,2026-07-22 05:55:00,2026-07-22 08:15:00,1_to_3_hours
893da1054d7ffff,27,1,1,0,21,0.7778,140.0,2026-07-22 05:55:00,2026-07-22 08:15:00,1_to_3_hours
893da10554bffff,5,3,3,0,5,1.0,180.0,2026-07-19 04:55:00,2026-07-19 06:15:00,1_to_3_hours
893da10555bffff,12,2,2,0,11,0.9167,180.0,2026-07-19 05:00:00,2026-07-19 06:15:00,1_to_3_hours
893da1056a7ffff,13,1,1,0,11,0.8462,65.0,2026-07-19 09:15:00,2026-07-19 10:20:00,1_to_3_hours
893da1060dbffff,5,1,0,1,4,0.8,190.0,2026-07-26 16:15:00,2026-07-26 19:25:00,over_3_hours
893da106123ffff,10,1,0,1,8,0.8,255.0,2026-07-09 04:10:00,2026-07-09 08:25:00,over_3_hours
893da10612bffff,23,1,1,0,18,0.7826,150.0,2026-07-09 05:45:00,2026-07-09 08:15:00,1_to_3_hours
893da10612fffff,11,1,0,1,9,0.8182,240.0,2026-07-09 04:10:00,2026-07-09 08:10:00,over_3_hours
893da106133ffff,5,1,1,0,4,0.8,165.0,2026-07-09 04:10:00,2026-07-09 06:55:00,1_to_3_hours
893da10613bffff,9,1,0,1,8,0.8889,240.0,2026-07-09 04:10:00,2026-07-09 08:10:00,over_3_hours
893da106187ffff,7,3,2,1,6,0.8571,770.0,2026-07-28 13:45:00,2026-07-28 15:45:00,over_3_hours
893da10618fffff,20,1,1,0,15,0.75,95.0,2026-07-21 03:55:00,2026-07-21 05:30:00,1_to_3_hours
893da1061d7ffff,9,1,1,0,9,1.0,160.0,2026-07-28 12:45:00,2026-07-28 15:25:00,1_to_3_hours
893da1063b7ffff,10,21,8,13,9,0.9,845.0,2026-07-28 18:45:00,2026-07-28 20:05:00,over_3_hours
893da1063cbffff,49,1,0,1,38,0.7755,310.0,2026-07-18 02:10:00,2026-07-18 07:20:00,over_3_hours
893da1063cfffff,5,25,6,19,5,1.0,1020.0,2026-07-31 14:10:00,2026-07-31 22:10:00,over_3_hours
893da1064d7ffff,8,1,1,0,6,0.75,85.0,2026-07-19 03:15:00,2026-07-19 04:40:00,1_to_3_hours
893da106547ffff,12,5,4,1,11,0.9167,580.0,2026-07-31 03:25:00,2026-07-31 04:35:00,over_3_hours
893da10654bffff,6,3,1,2,6,1.0,575.0,2026-07-26 15:30:00,2026-07-26 16:40:00,over_3_hours
893da106567ffff,5,2,0,2,5,1.0,240.0,2026-07-31 09:10:00,2026-07-31 12:30:00,over_3_hours
893da1065d3ffff,15,1,1,0,12,0.8,65.0,2026-07-26 15:35:00,2026-07-26 16:40:00,1_to_3_hours
893da1066a7ffff,26,1,1,0,19,0.7308,85.0,2026-07-26 17:55:00,2026-07-26 19:20:00,1_to_3_hours
893da106817ffff,9,1,1,0,8,0.8889,85.0,2026-07-19 19:20:00,2026-07-19 20:45:00,1_to_3_hours
893da10686bffff,6,1,1,0,5,0.8333,65.0,2026-07-16 07:55:00,2026-07-16 09:00:00,1_to_3_hours
893da10686fffff,10,1,1,0,10,1.0,65.0,2026-07-16 07:55:00,2026-07-16 09:00:00,1_to_3_hours
893da1068a7ffff,18,1,1,0,14,0.7778,105.0,2026-07-09 17:50:00,2026-07-09 19:35:00,1_to_3_hours
893da1068b3ffff,6,1,1,0,6,1.0,95.0,2026-07-09 11:25:00,2026-07-09 13:00:00,1_to_3_hours
893da1068cfffff,20,1,1,0,14,0.7,90.0,2026-07-21 03:05:00,2026-07-21 04:35:00,1_to_3_hours
893da1068d3ffff,7,4,4,0,6,0.8571,120.0,2026-07-29 12:15:00,2026-07-29 14:05:00,1_to_3_hours
893da106aa7ffff,5,1,0,1,4,0.8,445.0,2026-07-11 12:40:00,2026-07-11 20:05:00,over_3_hours
893da106bd3ffff,6,2,0,2,6,1.0,1905.0,2026-07-09 01:15:00,2026-07-10 09:00:00,over_3_hours
893da106c13ffff,6,1,0,1,5,0.8333,230.0,2026-07-17 01:15:00,2026-07-17 05:05:00,over_3_hours
893da106c17ffff,9,1,1,0,9,1.0,140.0,2026-07-03 03:15:00,2026-07-03 05:35:00,1_to_3_hours
893da106c67ffff,5,2,2,0,4,0.8,165.0,2026-07-28 13:05:00,2026-07-28 14:35:00,1_to_3_hours
893da106c87ffff,14,3,2,1,14,1.0,1450.0,2026-07-27 10:20:00,2026-07-27 12:10:00,over_3_hours
893da106cbbffff,10,1,1,0,7,0.7,130.0,2026-07-03 03:25:00,2026-07-03 05:35:00,1_to_3_hours
893da106d1bffff,7,13,2,11,7,1.0,760.0,2026-07-26 13:00:00,2026-07-26 14:20:00,over_3_hours
893da106d47ffff,15,2,2,0,12,0.8,175.0,2026-07-09 11:05:00,2026-07-09 14:00:00,1_to_3_hours
893da106d4bffff,6,2,2,0,5,0.8333,145.0,2026-07-20 17:10:00,2026-07-20 19:10:00,1_to_3_hours
893da106d4fffff,5,3,1,2,4,0.8,415.0,2026-07-26 13:00:00,2026-07-26 14:20:00,over_3_hours
893da106d57ffff,5,3,1,2,5,1.0,290.0,2026-07-26 12:55:00,2026-07-26 14:20:00,over_3_hours
893da106d7bffff,13,1,0,1,12,0.9231,395.0,2026-07-09 08:25:00,2026-07-09 15:00:00,over_3_hours
893da106dbbffff,8,1,0,1,6,0.75,480.0,2026-07-08 01:30:00,2026-07-08 09:30:00,over_3_hours
893da106e4bffff,5,8,5,3,5,1.0,305.0,2026-07-28 14:20:00,2026-07-28 19:25:00,over_3_hours
893da106e4fffff,8,1,1,0,6,0.75,100.0,2026-07-25 15:50:00,2026-07-25 17:30:00,1_to_3_hours
893da10715bffff,16,1,1,0,12,0.75,115.0,2026-07-28 12:50:00,2026-07-28 14:45:00,1_to_3_hours
893da107233ffff,46,1,1,0,42,0.913,75.0,2026-07-28 12:15:00,2026-07-28 13:30:00,1_to_3_hours
893da107263ffff,7,2,1,1,6,0.8571,215.0,2026-07-04 12:25:00,2026-07-04 15:15:00,over_3_hours
893da1072c3ffff,7,1,1,0,7,1.0,80.0,2026-07-05 13:10:00,2026-07-05 14:30:00,1_to_3_hours
893da10734bffff,9,2,1,1,7,0.7778,205.0,2026-07-10 07:25:00,2026-07-10 08:40:00,over_3_hours
893da10735bffff,7,3,2,1,7,1.0,215.0,2026-07-10 07:10:00,2026-07-10 08:45:00,over_3_hours
893da1075cbffff,14,1,0,1,10,0.7143,215.0,2026-07-20 05:35:00,2026-07-20 09:10:00,over_3_hours
893da10d007ffff,5,4,1,3,5,1.0,595.0,2026-07-24 21:30:00,2026-07-25 07:25:00,over_3_hours
893da10e3afffff,7,1,1,0,5,0.7143,130.0,2026-07-08 06:35:00,2026-07-08 08:45:00,1_to_3_hours
893da10e3dbffff,9,2,1,1,9,1.0,720.0,2026-07-18 12:50:00,2026-07-18 15:25:00,over_3_hours
893da10ee53ffff,9,1,1,0,9,1.0,100.0,2026-07-25 17:25:00,2026-07-25 19:05:00,1_to_3_hours
893da10ee57ffff,7,4,4,0,7,1.0,110.0,2026-07-28 02:00:00,2026-07-28 03:50:00,1_to_3_hours
893da10eecfffff,10,1,1,0,10,1.0,100.0,2026-07-25 17:25:00,2026-07-25 19:05:00,1_to_3_hours
893da110117ffff,11,1,1,0,8,0.7273,85.0,2026-07-20 17:20:00,2026-07-20 18:45:00,1_to_3_hours
893da1101abffff,27,1,1,0,19,0.7037,150.0,2026-07-24 03:25:00,2026-07-24 05:55:00,1_to_3_hours
893da1101b3ffff,11,1,0,1,9,0.8182,325.0,2026-07-24 03:25:00,2026-07-24 08:50:00,over_3_hours
893da1101b7ffff,15,1,0,1,14,0.9333,325.0,2026-07-24 03:25:00,2026-07-24 08:50:00,over_3_hours
893da1101bbffff,9,1,0,1,7,0.7778,285.0,2026-07-24 03:25:00,2026-07-24 08:10:00,over_3_hours
893da110207ffff,6,1,1,0,6,1.0,75.0,2026-07-11 23:20:00,2026-07-12 00:35:00,1_to_3_hours
893da11022bffff,6,3,1,2,6,1.0,595.0,2026-07-31 00:00:00,2026-07-31 09:55:00,over_3_hours
893da110243ffff,5,2,0,2,4,0.8,260.0,2026-07-30 00:20:00,2026-07-30 04:40:00,over_3_hours
893da110403ffff,8,1,1,0,6,0.75,180.0,2026-07-08 07:30:00,2026-07-08 10:30:00,1_to_3_hours
893da110483ffff,5,1,1,0,4,0.8,180.0,2026-07-08 07:25:00,2026-07-08 10:25:00,1_to_3_hours
893da11048bffff,6,1,0,1,6,1.0,200.0,2026-07-08 07:10:00,2026-07-08 10:30:00,over_3_hours
893da11048fffff,11,1,1,0,10,0.9091,105.0,2026-07-21 16:15:00,2026-07-21 18:00:00,1_to_3_hours
893da110493ffff,5,1,0,1,5,1.0,210.0,2026-07-08 07:00:00,2026-07-08 10:30:00,over_3_hours
893da11049bffff,15,1,0,1,11,0.7333,185.0,2026-07-08 07:20:00,2026-07-08 10:25:00,over_3_hours
893da1104c3ffff,18,1,1,0,15,0.8333,110.0,2026-07-18 16:50:00,2026-07-18 18:40:00,1_to_3_hours
893da1104cfffff,18,2,0,2,15,0.8333,380.0,2026-07-08 07:05:00,2026-07-08 10:30:00,over_3_hours
893da1104d7ffff,22,1,0,1,18,0.8182,200.0,2026-07-08 07:10:00,2026-07-08 10:30:00,over_3_hours
893da1104dbffff,15,1,0,1,13,0.8667,190.0,2026-07-08 07:20:00,2026-07-08 10:30:00,over_3_hours
893da110a07ffff,9,2,1,1,9,1.0,260.0,2026-07-28 18:35:00,2026-07-28 22:55:00,over_3_hours
893da110a0fffff,105,1,1,0,98,0.9333,105.0,2026-07-28 13:20:00,2026-07-28 15:05:00,1_to_3_hours
893da110a2bffff,5,2,1,1,5,1.0,375.0,2026-07-28 23:10:00,2026-07-29 05:25:00,over_3_hours
893da110a3bffff,50,1,1,0,49,0.98,105.0,2026-07-28 13:20:00,2026-07-28 15:05:00,1_to_3_hours
893da110a67ffff,10,1,1,0,10,1.0,110.0,2026-07-28 13:20:00,2026-07-28 15:10:00,1_to_3_hours
893da110a73ffff,9,1,1,0,9,1.0,105.0,2026-07-28 13:20:00,2026-07-28 15:05:00,1_to_3_hours
893da110a77ffff,135,1,1,0,131,0.9704,105.0,2026-07-28 13:20:00,2026-07-28 15:05:00,1_to_3_hours
893da110c9bffff,5,1,0,1,5,1.0,190.0,2026-07-20 13:45:00,2026-07-20 16:55:00,over_3_hours
893da111837ffff,8,1,1,0,8,1.0,105.0,2026-07-03 14:45:00,2026-07-03 16:30:00,1_to_3_hours
893da111893ffff,6,3,2,1,6,1.0,300.0,2026-07-30 15:20:00,2026-07-30 16:30:00,over_3_hours
893da11194fffff,19,1,0,1,14,0.7368,355.0,2026-07-17 03:05:00,2026-07-17 09:00:00,over_3_hours
893da11196bffff,15,1,0,1,14,0.9333,555.0,2026-07-16 23:45:00,2026-07-17 09:00:00,over_3_hours
893da111b97ffff,15,1,1,0,11,0.7333,95.0,2026-07-17 01:20:00,2026-07-17 02:55:00,1_to_3_hours
893da111ba7ffff,6,2,0,2,6,1.0,660.0,2026-07-16 23:40:00,2026-07-17 10:40:00,over_3_hours
893da111bb3ffff,13,1,0,1,12,0.9231,555.0,2026-07-16 23:45:00,2026-07-17 09:00:00,over_3_hours
893da111bb7ffff,8,1,0,1,8,1.0,555.0,2026-07-16 23:45:00,2026-07-17 09:00:00,over_3_hours
893da111c0fffff,6,2,1,1,6,1.0,300.0,2026-07-30 15:20:00,2026-07-30 16:30:00,over_3_hours
893da111c23ffff,26,2,1,1,24,0.9231,300.0,2026-07-30 15:20:00,2026-07-30 16:30:00,over_3_hours
893da111c27ffff,18,2,1,1,17,0.9444,300.0,2026-07-30 15:20:00,2026-07-30 16:30:00,over_3_hours
893da111c2bffff,22,2,1,1,21,0.9545,300.0,2026-07-30 15:20:00,2026-07-30 16:30:00,over_3_hours
893da111c2fffff,10,2,1,1,9,0.9,300.0,2026-07-30 15:20:00,2026-07-30 16:30:00,over_3_hours
893da111c3bffff,12,2,1,1,10,0.8333,300.0,2026-07-30 15:20:00,2026-07-30 16:30:00,over_3_hours
893da111c67ffff,6,3,2,1,6,1.0,300.0,2026-07-30 15:20:00,2026-07-30 16:30:00,over_3_hours
893da111c77ffff,15,3,2,1,13,0.8667,300.0,2026-07-30 15:20:00,2026-07-30 16:30:00,over_3_hours
893da111d0bffff,16,2,2,0,14,0.875,100.0,2026-07-30 15:20:00,2026-07-30 16:30:00,1_to_3_hours
893da111d1bffff,10,2,2,0,10,1.0,105.0,2026-07-30 15:20:00,2026-07-30 16:30:00,1_to_3_hours
893da111d47ffff,8,2,2,0,8,1.0,100.0,2026-07-30 15:20:00,2026-07-30 16:30:00,1_to_3_hours
893da111d57ffff,12,2,2,0,11,0.9167,100.0,2026-07-30 15:20:00,2026-07-30 16:30:00,1_to_3_hours
893da111dc3ffff,7,2,1,1,7,1.0,295.0,2026-07-30 15:20:00,2026-07-30 16:30:00,over_3_hours
893da111dc7ffff,16,2,1,1,15,0.9375,295.0,2026-07-30 15:20:00,2026-07-30 16:30:00,over_3_hours
893da111dcfffff,21,2,1,1,20,0.9524,290.0,2026-07-30 15:20:00,2026-07-30 16:30:00,over_3_hours
893da11200fffff,7,1,0,1,5,0.7143,550.0,2026-07-17 01:35:00,2026-07-17 10:45:00,over_3_hours
893da112047ffff,5,1,1,0,4,0.8,135.0,2026-07-11 08:15:00,2026-07-11 10:30:00,1_to_3_hours
893da112077ffff,5,1,0,1,4,0.8,500.0,2026-07-16 00:20:00,2026-07-16 08:40:00,over_3_hours
893da11207bffff,6,1,0,1,5,0.8333,1000.0,2026-07-28 18:15:00,2026-07-29 10:55:00,over_3_hours
893da1120a7ffff,10,1,0,1,7,0.7,470.0,2026-07-27 01:35:00,2026-07-27 09:25:00,over_3_hours
893da1120b7ffff,7,1,1,0,5,0.7143,175.0,2026-07-29 12:10:00,2026-07-29 15:05:00,1_to_3_hours
893da112123ffff,49,1,0,1,40,0.8163,190.0,2026-07-20 01:25:00,2026-07-20 04:35:00,over_3_hours
893da112127ffff,31,1,0,1,23,0.7419,185.0,2026-07-20 01:25:00,2026-07-20 04:30:00,over_3_hours
893da11212bffff,68,1,0,1,52,0.7647,185.0,2026-07-20 01:25:00,2026-07-20 04:30:00,over_3_hours
893da11212fffff,66,1,1,0,48,0.7273,75.0,2026-07-20 01:25:00,2026-07-20 02:40:00,1_to_3_hours
893da112167ffff,34,1,0,1,29,0.8529,190.0,2026-07-20 01:25:00,2026-07-20 04:35:00,over_3_hours
893da11216bffff,9,1,0,1,8,0.8889,420.0,2026-07-15 04:35:00,2026-07-15 11:35:00,over_3_hours
893da11226bffff,7,2,0,2,7,1.0,625.0,2026-07-08 06:55:00,2026-07-08 10:30:00,over_3_hours
893da11226fffff,12,1,0,1,11,0.9167,185.0,2026-07-08 07:25:00,2026-07-08 10:30:00,over_3_hours
893da112427ffff,9,3,1,2,8,0.8889,405.0,2026-07-29 14:25:00,2026-07-29 16:25:00,over_3_hours
893da11242fffff,5,2,1,1,4,0.8,205.0,2026-07-29 14:25:00,2026-07-29 16:25:00,over_3_hours
893da112437ffff,14,2,0,2,12,0.8571,525.0,2026-07-09 02:15:00,2026-07-09 11:00:00,over_3_hours
893da112467ffff,8,2,1,1,7,0.875,190.0,2026-07-23 08:05:00,2026-07-23 11:15:00,over_3_hours
893da112483ffff,52,1,0,1,50,0.9615,320.0,2026-07-08 05:10:00,2026-07-08 10:30:00,over_3_hours
893da112487ffff,6,1,0,1,6,1.0,330.0,2026-07-08 05:00:00,2026-07-08 10:30:00,over_3_hours
893da11248fffff,28,1,0,1,27,0.9643,335.0,2026-07-08 04:55:00,2026-07-08 10:30:00,over_3_hours
893da1124a7ffff,49,1,0,1,46,0.9388,240.0,2026-07-08 06:30:00,2026-07-08 10:30:00,over_3_hours
893da1124abffff,5,1,0,1,4,0.8,230.0,2026-07-08 06:40:00,2026-07-08 10:30:00,over_3_hours
893da1124afffff,9,2,0,2,9,1.0,530.0,2026-07-09 02:15:00,2026-07-09 11:05:00,over_3_hours
893da1124b3ffff,56,2,1,1,53,0.9464,330.0,2026-07-23 18:00:00,2026-07-23 19:10:00,over_3_hours
893da1124b7ffff,47,1,0,1,44,0.9362,330.0,2026-07-08 05:00:00,2026-07-08 10:30:00,over_3_hours
893da1124bbffff,22,1,0,1,22,1.0,335.0,2026-07-08 04:55:00,2026-07-08 10:30:00,over_3_hours
893da1124c7ffff,9,1,0,1,9,1.0,330.0,2026-07-08 05:00:00,2026-07-08 10:30:00,over_3_hours
893da1124d7ffff,14,1,0,1,12,0.8571,330.0,2026-07-08 05:00:00,2026-07-08 10:30:00,over_3_hours
893da112537ffff,18,1,1,0,14,0.7778,105.0,2026-07-30 08:00:00,2026-07-30 09:45:00,1_to_3_hours
893da112553ffff,14,1,0,1,11,0.7857,245.0,2026-07-17 14:20:00,2026-07-17 18:25:00,over_3_hours
893da11258bffff,14,3,1,2,13,0.9286,840.0,2026-07-20 11:20:00,2026-07-20 12:55:00,over_3_hours
893da11258fffff,17,1,0,1,13,0.7647,370.0,2026-07-08 04:15:00,2026-07-08 10:25:00,over_3_hours
893da1125a3ffff,19,1,0,1,16,0.8421,375.0,2026-07-08 04:15:00,2026-07-08 10:30:00,over_3_hours
893da1125c3ffff,34,1,1,0,24,0.7059,180.0,2026-07-08 07:25:00,2026-07-08 10:25:00,1_to_3_hours
893da1125d3ffff,28,1,0,1,27,0.9643,335.0,2026-07-08 04:55:00,2026-07-08 10:30:00,over_3_hours
893da1125dbffff,40,2,0,2,39,0.975,520.0,2026-07-09 02:15:00,2026-07-09 10:55:00,over_3_hours
893da1128cfffff,66,1,0,1,47,0.7121,200.0,2026-07-27 05:35:00,2026-07-27 08:55:00,over_3_hours
893da1129d3ffff,7,1,1,0,7,1.0,120.0,2026-07-28 16:20:00,2026-07-28 18:20:00,1_to_3_hours
893da112a17ffff,12,2,2,0,11,0.9167,130.0,2026-07-22 20:10:00,2026-07-22 21:45:00,1_to_3_hours
893da112a33ffff,11,1,1,0,8,0.7273,75.0,2026-07-22 15:00:00,2026-07-22 16:15:00,1_to_3_hours
893da112a43ffff,14,2,1,1,11,0.7857,325.0,2026-07-28 12:45:00,2026-07-28 14:30:00,over_3_hours
893da112a4fffff,12,1,0,1,10,0.8333,325.0,2026-07-24 03:25:00,2026-07-24 08:50:00,over_3_hours
893da112a83ffff,16,2,2,0,12,0.75,125.0,2026-07-22 20:10:00,2026-07-22 21:25:00,1_to_3_hours
893da112a87ffff,22,2,2,0,22,1.0,130.0,2026-07-22 20:10:00,2026-07-22 21:45:00,1_to_3_hours
893da112a93ffff,8,2,2,0,6,0.75,125.0,2026-07-22 20:10:00,2026-07-22 21:45:00,1_to_3_hours
893da112aa3ffff,5,2,2,0,5,1.0,130.0,2026-07-22 20:10:00,2026-07-22 21:45:00,1_to_3_hours
893da112aabffff,20,2,2,0,18,0.9,130.0,2026-07-22 20:10:00,2026-07-22 21:50:00,1_to_3_hours
893da112abbffff,12,2,2,0,12,1.0,130.0,2026-07-22 20:10:00,2026-07-22 21:45:00,1_to_3_hours
893da112c47ffff,12,1,1,0,9,0.75,80.0,2026-07-20 01:25:00,2026-07-20 02:45:00,1_to_3_hours
893da112dc3ffff,6,1,1,0,5,0.8333,80.0,2026-07-16 16:15:00,2026-07-16 17:35:00,1_to_3_hours
893da112dcbffff,13,1,1,0,12,0.9231,80.0,2026-07-16 16:15:00,2026-07-16 17:35:00,1_to_3_hours
893da112e33ffff,17,1,1,0,12,0.7059,75.0,2026-07-20 01:30:00,2026-07-20 02:45:00,1_to_3_hours
893da112e93ffff,76,1,0,1,60,0.7895,185.0,2026-07-20 01:25:00,2026-07-20 04:30:00,over_3_hours
893da112eabffff,21,1,1,0,17,0.8095,75.0,2026-07-20 01:30:00,2026-07-20 02:45:00,1_to_3_hours
893da112eafffff,13,1,1,0,12,0.9231,75.0,2026-07-20 01:30:00,2026-07-20 02:45:00,1_to_3_hours
893da112eb3ffff,113,1,1,0,81,0.7168,70.0,2026-07-20 01:30:00,2026-07-20 02:40:00,1_to_3_hours
893da1131a7ffff,13,1,0,1,11,0.8462,190.0,2026-07-08 07:20:00,2026-07-08 10:30:00,over_3_hours
893da114193ffff,86,2,2,0,85,0.9884,115.0,2026-07-20 17:20:00,2026-07-20 19:10:00,1_to_3_hours
893da114197ffff,20,2,2,0,18,0.9,115.0,2026-07-20 17:25:00,2026-07-20 19:15:00,1_to_3_hours
893da114503ffff,19,1,0,1,15,0.7895,315.0,2026-07-28 02:50:00,2026-07-28 08:05:00,over_3_hours
893da114513ffff,29,2,1,1,26,0.8966,320.0,2026-07-28 02:50:00,2026-07-28 08:10:00,over_3_hours
893da11452fffff,11,2,2,0,10,0.9091,115.0,2026-07-20 17:25:00,2026-07-20 19:10:00,1_to_3_hours
893da114803ffff,171,2,2,0,126,0.7368,125.0,2026-07-22 20:10:00,2026-07-22 21:25:00,1_to_3_hours
893da114807ffff,158,2,2,0,143,0.9051,130.0,2026-07-22 20:10:00,2026-07-22 21:45:00,1_to_3_hours
893da114817ffff,35,2,2,0,32,0.9143,130.0,2026-07-22 20:10:00,2026-07-22 21:45:00,1_to_3_hours
893da11489bffff,7,1,1,0,5,0.7143,95.0,2026-07-20 17:00:00,2026-07-20 18:35:00,1_to_3_hours
893da1148abffff,121,2,2,0,104,0.8595,130.0,2026-07-22 20:10:00,2026-07-22 21:45:00,1_to_3_hours
893da1148afffff,69,2,2,0,55,0.7971,130.0,2026-07-22 20:10:00,2026-07-22 21:45:00,1_to_3_hours
893da114a3bffff,7,1,0,1,5,0.7143,190.0,2026-07-25 07:15:00,2026-07-25 10:25:00,over_3_hours
893da114b27ffff,7,1,1,0,6,0.8571,70.0,2026-07-03 13:30:00,2026-07-03 14:40:00,1_to_3_hours
893da114b57ffff,21,1,1,0,15,0.7143,70.0,2026-07-28 12:45:00,2026-07-28 13:55:00,1_to_3_hours
893da114b67ffff,8,1,1,0,7,0.875,90.0,2026-07-09 11:20:00,2026-07-09 12:50:00,1_to_3_hours
893da114b8fffff,49,1,0,1,39,0.7959,280.0,2026-07-12 09:10:00,2026-07-12 13:50:00,over_3_hours
893da114c0fffff,9,1,1,0,7,0.7778,105.0,2026-07-20 17:00:00,2026-07-20 18:45:00,1_to_3_hours
893da114c63ffff,6,1,1,0,5,0.8333,100.0,2026-07-20 17:00:00,2026-07-20 18:40:00,1_to_3_hours
893da114c73ffff,8,1,1,0,8,1.0,120.0,2026-07-20 17:00:00,2026-07-20 19:00:00,1_to_3_hours
893da114dabffff,14,12,0,12,13,0.9286,2180.0,2026-07-29 20:55:00,2026-07-30 08:50:00,over_3_hours
893da114dbbffff,9,1,0,1,9,1.0,270.0,2026-07-07 02:05:00,2026-07-07 06:35:00,over_3_hours
893da115403ffff,11,1,1,0,10,0.9091,95.0,2026-07-08 02:15:00,2026-07-08 03:50:00,1_to_3_hours
893da115413ffff,18,1,1,0,15,0.8333,95.0,2026-07-08 02:15:00,2026-07-08 03:50:00,1_to_3_hours
893da115417ffff,13,1,1,0,10,0.7692,90.0,2026-07-08 02:15:00,2026-07-08 03:45:00,1_to_3_hours
893da115673ffff,12,1,0,1,11,0.9167,240.0,2026-07-28 12:40:00,2026-07-28 16:40:00,over_3_hours
893da116097ffff,16,1,1,0,16,1.0,155.0,2026-07-14 06:35:00,2026-07-14 09:10:00,1_to_3_hours
893da1160a7ffff,5,1,1,0,5,1.0,110.0,2026-07-07 17:15:00,2026-07-07 19:05:00,1_to_3_hours
893da1160c3ffff,7,2,2,0,5,0.7143,125.0,2026-07-11 08:15:00,2026-07-11 09:35:00,1_to_3_hours
893da116193ffff,8,1,0,1,7,0.875,350.0,2026-07-07 01:45:00,2026-07-07 07:35:00,over_3_hours
893da1161cbffff,5,2,1,1,5,1.0,220.0,2026-07-13 14:25:00,2026-07-13 16:20:00,over_3_hours
893da1162a3ffff,10,2,0,2,7,0.7,1530.0,2026-07-05 00:05:00,2026-07-05 16:20:00,over_3_hours
893da11632bffff,10,1,1,0,8,0.8,80.0,2026-07-22 17:50:00,2026-07-22 19:10:00,1_to_3_hours
893da116373ffff,11,1,1,0,8,0.7273,85.0,2026-07-22 17:45:00,2026-07-22 19:10:00,1_to_3_hours
893da116387ffff,5,4,1,3,5,1.0,25070.0,2026-07-14 14:10:00,2026-08-01 00:00:00,over_3_hours
893da11639bffff,11,2,1,1,10,0.9091,420.0,2026-07-21 00:50:00,2026-07-21 07:50:00,over_3_hours
893da11642fffff,48,1,1,0,47,0.9792,145.0,2026-07-14 06:35:00,2026-07-14 09:00:00,1_to_3_hours
893da11645bffff,9,1,1,0,8,0.8889,80.0,2026-07-09 04:45:00,2026-07-09 06:05:00,1_to_3_hours
893da116467ffff,19,1,1,0,17,0.8947,140.0,2026-07-14 01:15:00,2026-07-14 03:35:00,1_to_3_hours
893da11655bffff,6,1,1,0,6,1.0,150.0,2026-07-14 06:35:00,2026-07-14 09:05:00,1_to_3_hours
893da116567ffff,7,2,0,2,7,1.0,18645.0,2026-07-19 01:15:00,2026-08-01 00:00:00,over_3_hours
893da116583ffff,19,1,0,1,19,1.0,195.0,2026-07-11 10:30:00,2026-07-11 13:45:00,over_3_hours
893da1165c7ffff,22,2,2,0,19,0.8636,130.0,2026-07-22 20:05:00,2026-07-22 21:45:00,1_to_3_hours
893da116943ffff,11,1,0,1,8,0.7273,255.0,2026-07-04 08:10:00,2026-07-04 12:25:00,over_3_hours
893da116987ffff,10,1,1,0,7,0.7,140.0,2026-07-22 07:20:00,2026-07-22 09:40:00,1_to_3_hours
893da116bcbffff,9,29,0,29,9,1.0,2220.0,2026-07-31 19:45:00,2026-08-01 00:00:00,over_3_hours
893da116bcfffff,7,2,0,2,5,0.7143,485.0,2026-07-22 02:00:00,2026-07-22 09:15:00,over_3_hours
893da116d0bffff,7,1,1,0,7,1.0,95.0,2026-07-01 05:50:00,2026-07-01 07:25:00,1_to_3_hours
893da116ecbffff,10,30,1,29,9,0.9,1125.0,2026-07-31 20:15:00,2026-08-01 00:00:00,over_3_hours
893da116edbffff,8,18,3,15,7,0.875,860.0,2026-07-31 19:25:00,2026-08-01 00:00:00,over_3_hours
893da11742fffff,7,1,1,0,5,0.7143,125.0,2026-07-15 15:40:00,2026-07-15 17:45:00,1_to_3_hours
893da117437ffff,9,1,1,0,8,0.8889,130.0,2026-07-15 15:35:00,2026-07-15 17:45:00,1_to_3_hours
893da117537ffff,6,1,0,1,6,1.0,265.0,2026-07-19 02:50:00,2026-07-19 07:15:00,over_3_hours
893da117587ffff,15,1,0,1,15,1.0,230.0,2026-07-19 02:45:00,2026-07-19 06:35:00,over_3_hours
893da117593ffff,6,1,1,0,5,0.8333,100.0,2026-07-07 13:30:00,2026-07-07 15:10:00,1_to_3_hours
893da1175a3ffff,32,1,0,1,31,0.9688,235.0,2026-07-19 02:45:00,2026-07-19 06:40:00,over_3_hours
893da1175a7ffff,5,1,0,1,4,0.8,265.0,2026-07-19 02:45:00,2026-07-19 07:10:00,over_3_hours
893da1175abffff,47,1,0,1,43,0.9149,240.0,2026-07-19 02:50:00,2026-07-19 06:50:00,over_3_hours
893da1175afffff,17,1,0,1,15,0.8824,255.0,2026-07-19 02:50:00,2026-07-19 07:05:00,over_3_hours
893da1175b3ffff,15,1,0,1,12,0.8,220.0,2026-07-19 02:50:00,2026-07-19 06:30:00,over_3_hours
893da1175bbffff,61,1,0,1,59,0.9672,225.0,2026-07-19 02:45:00,2026-07-19 06:30:00,over_3_hours
893da11a017ffff,7,1,0,1,6,0.8571,345.0,2026-07-27 15:05:00,2026-07-27 20:50:00,over_3_hours
893da11a03bffff,5,3,1,2,5,1.0,2860.0,2026-07-27 17:30:00,2026-07-29 17:10:00,over_3_hours
893da11a0a7ffff,10,1,0,1,10,1.0,515.0,2026-07-28 01:10:00,2026-07-28 09:45:00,over_3_hours
893da11a0afffff,16,1,0,1,16,1.0,515.0,2026-07-28 01:10:00,2026-07-28 09:45:00,over_3_hours
893da11a157ffff,7,5,2,3,6,0.8571,485.0,2026-07-27 12:40:00,2026-07-27 13:55:00,over_3_hours
893da11a163ffff,6,1,1,0,6,1.0,75.0,2026-07-27 12:40:00,2026-07-27 13:55:00,1_to_3_hours
893da11a167ffff,5,1,1,0,4,0.8,75.0,2026-07-27 12:40:00,2026-07-27 13:55:00,1_to_3_hours
893da11a173ffff,5,1,1,0,5,1.0,75.0,2026-07-27 12:40:00,2026-07-27 13:55:00,1_to_3_hours
893da11a177ffff,11,1,1,0,11,1.0,75.0,2026-07-27 12:40:00,2026-07-27 13:55:00,1_to_3_hours
893da11a1cfffff,7,2,1,1,6,0.8571,1230.0,2026-07-13 18:35:00,2026-07-14 15:05:00,over_3_hours
893da11a1d3ffff,15,1,0,1,14,0.9333,515.0,2026-07-28 01:10:00,2026-07-28 09:45:00,over_3_hours
893da11a1dbffff,28,1,0,1,27,0.9643,515.0,2026-07-28 01:10:00,2026-07-28 09:45:00,over_3_hours
893da11a323ffff,20,1,1,0,14,0.7,70.0,2026-07-08 06:05:00,2026-07-08 07:15:00,1_to_3_hours
893da11a327ffff,15,1,1,0,11,0.7333,75.0,2026-07-08 06:05:00,2026-07-08 07:20:00,1_to_3_hours
893da11a333ffff,33,1,1,0,25,0.7576,70.0,2026-07-08 06:05:00,2026-07-08 07:15:00,1_to_3_hours
893da11a337ffff,15,2,2,0,13,0.8667,75.0,2026-07-08 13:00:00,2026-07-08 14:10:00,1_to_3_hours
893da11a387ffff,5,1,0,1,5,1.0,225.0,2026-07-08 05:55:00,2026-07-08 09:40:00,over_3_hours
893da11a527ffff,5,1,1,0,4,0.8,70.0,2026-07-30 20:25:00,2026-07-30 21:35:00,1_to_3_hours
893da11a56fffff,7,1,0,1,6,0.8571,515.0,2026-07-28 01:10:00,2026-07-28 09:45:00,over_3_hours
893da11ac13ffff,10,1,1,0,7,0.7,70.0,2026-07-23 11:00:00,2026-07-23 12:10:00,1_to_3_hours
893da11ac8bffff,5,1,1,0,5,1.0,80.0,2026-07-23 10:55:00,2026-07-23 12:15:00,1_to_3_hours
893da11acc7ffff,6,2,2,0,5,0.8333,95.0,2026-07-21 06:30:00,2026-07-21 08:05:00,1_to_3_hours
893da11acd7ffff,10,1,1,0,8,0.8,80.0,2026-07-23 10:55:00,2026-07-23 12:15:00,1_to_3_hours
893da131383ffff,7,4,0,4,7,1.0,580.0,2026-07-30 10:50:00,2026-07-30 15:45:00,over_3_hours
893da131433ffff,19,3,1,2,18,0.9474,440.0,2026-07-25 07:25:00,2026-07-25 09:30:00,over_3_hours
893da13159bffff,7,4,1,3,7,1.0,965.0,2026-07-25 07:25:00,2026-07-25 09:35:00,over_3_hours
893da1315d3ffff,11,3,1,2,9,0.8182,440.0,2026-07-25 07:25:00,2026-07-25 09:30:00,over_3_hours
893da138117ffff,6,2,2,0,5,0.8333,80.0,2026-07-27 12:10:00,2026-07-27 13:15:00,1_to_3_hours
893da138c0fffff,5,3,0,3,5,1.0,950.0,2026-07-16 04:30:00,2026-07-16 20:20:00,over_3_hours
893da138cafffff,13,2,1,1,11,0.8462,950.0,2026-07-16 17:35:00,2026-07-17 09:25:00,over_3_hours
893da138d47ffff,12,1,0,1,10,0.8333,720.0,2026-07-08 21:45:00,2026-07-09 09:45:00,over_3_hours
893da138d4fffff,6,1,0,1,5,0.8333,720.0,2026-07-08 21:45:00,2026-07-09 09:45:00,over_3_hours
893da138d83ffff,7,1,1,0,6,0.8571,95.0,2026-07-31 11:35:00,2026-07-31 13:10:00,1_to_3_hours
893da138d93ffff,18,2,2,0,17,0.9444,105.0,2026-07-31 11:35:00,2026-07-31 13:10:00,1_to_3_hours
893da138d9bffff,18,1,1,0,18,1.0,95.0,2026-07-31 11:35:00,2026-07-31 13:10:00,1_to_3_hours
893da138dc3ffff,6,1,1,0,5,0.8333,110.0,2026-07-05 13:20:00,2026-07-05 15:10:00,1_to_3_hours
893da138dd3ffff,15,1,1,0,11,0.7333,95.0,2026-07-31 11:35:00,2026-07-31 13:10:00,1_to_3_hours
893da138dd7ffff,56,2,2,0,49,0.875,105.0,2026-07-31 11:35:00,2026-07-31 13:15:00,1_to_3_hours
893da13a50bffff,7,2,2,0,5,0.7143,175.0,2026-07-23 14:25:00,2026-07-23 17:05:00,1_to_3_hours
893da13aa33ffff,6,7,6,1,5,0.8333,210.0,2026-07-29 12:25:00,2026-07-29 15:55:00,over_3_hours
893da13aa73ffff,5,9,6,3,4,0.8,265.0,2026-07-29 12:25:00,2026-07-29 15:55:00,over_3_hours
893da13aaabffff,17,7,6,1,15,0.8824,210.0,2026-07-29 12:25:00,2026-07-29 15:55:00,over_3_hours
893da13ab17ffff,8,1,1,0,6,0.75,80.0,2026-07-23 13:10:00,2026-07-23 14:30:00,1_to_3_hours
893da13ab6fffff,13,1,1,0,10,0.7692,105.0,2026-07-05 13:20:00,2026-07-05 15:05:00,1_to_3_hours
893da13ababffff,33,1,1,0,26,0.7879,80.0,2026-07-23 13:10:00,2026-07-23 14:30:00,1_to_3_hours
893da13abafffff,10,1,1,0,9,0.9,85.0,2026-07-23 13:10:00,2026-07-23 14:35:00,1_to_3_hours
893da13ac4fffff,5,3,1,2,4,0.8,665.0,2026-07-12 04:05:00,2026-07-12 08:15:00,over_3_hours
893da17708fffff,5,6,2,4,4,0.8,1085.0,2026-07-31 11:20:00,2026-07-31 12:30:00,over_3_hours
893da1770d3ffff,8,6,2,4,8,1.0,1140.0,2026-07-31 11:20:00,2026-07-31 12:35:00,over_3_hours
893da17a99bffff,7,1,1,0,7,1.0,105.0,2026-07-28 02:05:00,2026-07-28 03:50:00,1_to_3_hours
893da17ad27ffff,5,1,1,0,4,0.8,125.0,2026-07-21 10:05:00,2026-07-21 12:10:00,1_to_3_hours
893da180b6fffff,10,1,0,1,10,1.0,395.0,2026-07-29 12:25:00,2026-07-29 19:00:00,over_3_hours
893da1842d3ffff,5,3,1,2,4,0.8,320.0,2026-07-23 01:20:00,2026-07-23 06:40:00,over_3_hours
893da1856cfffff,6,1,0,1,5,0.8333,895.0,2026-07-17 21:20:00,2026-07-18 12:15:00,over_3_hours
893da188b4fffff,55,2,1,1,49,0.8909,220.0,2026-07-08 06:50:00,2026-07-08 10:30:00,over_3_hours
893da188b6bffff,34,3,1,2,34,1.0,715.0,2026-07-08 23:05:00,2026-07-09 11:00:00,over_3_hours
893da188b7bffff,18,2,0,2,16,0.8889,710.0,2026-07-08 23:05:00,2026-07-09 10:55:00,over_3_hours
893da18998fffff,5,1,0,1,5,1.0,375.0,2026-07-08 04:15:00,2026-07-08 10:30:00,over_3_hours
893da189edbffff,9,1,1,0,8,0.8889,165.0,2026-07-22 17:25:00,2026-07-22 20:10:00,1_to_3_hours
893da18a8cbffff,7,1,0,1,7,1.0,540.0,2026-07-27 03:10:00,2026-07-27 12:10:00,over_3_hours
893da18aab7ffff,5,1,0,1,4,0.8,400.0,2026-07-12 00:30:00,2026-07-12 07:10:00,over_3_hours
893da18ae23ffff,11,3,2,1,10,0.9091,290.0,2026-07-26 08:05:00,2026-07-26 09:25:00,over_3_hours
893da18ae27ffff,10,2,2,0,8,0.8,85.0,2026-07-26 08:05:00,2026-07-26 09:30:00,1_to_3_hours
893da18ae2bffff,7,3,2,1,5,0.7143,515.0,2026-07-26 08:05:00,2026-07-26 09:30:00,over_3_hours
893da18ae87ffff,5,2,1,1,4,0.8,455.0,2026-07-08 16:55:00,2026-07-08 18:35:00,over_3_hours
893da18c023ffff,7,1,1,0,5,0.7143,90.0,2026-07-04 07:25:00,2026-07-04 08:55:00,1_to_3_hours
893da18c107ffff,11,1,0,1,10,0.9091,205.0,2026-07-16 17:45:00,2026-07-16 21:10:00,over_3_hours
893da18c10fffff,9,1,0,1,8,0.8889,205.0,2026-07-16 17:45:00,2026-07-16 21:10:00,over_3_hours
893da18c1dbffff,15,1,1,0,13,0.8667,95.0,2026-07-04 07:20:00,2026-07-04 08:55:00,1_to_3_hours
893da18c207ffff,5,2,1,1,5,1.0,270.0,2026-07-14 07:20:00,2026-07-14 11:50:00,over_3_hours
893da18c213ffff,17,2,1,1,15,0.8824,210.0,2026-07-31 16:05:00,2026-07-31 19:35:00,over_3_hours
893da18c21bffff,13,4,3,1,12,0.9231,3435.0,2026-07-29 13:45:00,2026-07-29 15:25:00,over_3_hours
893da18c24bffff,13,1,1,0,10,0.7692,65.0,2026-07-19 04:25:00,2026-07-19 05:30:00,1_to_3_hours
893da18c24fffff,6,3,1,2,5,0.8333,705.0,2026-07-23 04:15:00,2026-07-23 13:10:00,over_3_hours
893da18c253ffff,7,1,0,1,7,1.0,310.0,2026-07-19 01:10:00,2026-07-19 06:20:00,over_3_hours
893da18c28bffff,44,1,0,1,40,0.9091,210.0,2026-07-31 16:05:00,2026-07-31 19:35:00,over_3_hours
893da18c28fffff,8,1,0,1,8,1.0,215.0,2026-07-31 16:05:00,2026-07-31 19:40:00,over_3_hours
893da18c293ffff,11,9,1,8,9,0.8182,600.0,2026-07-31 16:05:00,2026-07-31 19:35:00,over_3_hours
893da18c29bffff,9,1,0,1,8,0.8889,210.0,2026-07-31 16:05:00,2026-07-31 19:35:00,over_3_hours
893da18c2abffff,6,1,1,0,6,1.0,110.0,2026-07-07 14:00:00,2026-07-07 15:50:00,1_to_3_hours
893da18c2c7ffff,8,1,0,1,8,1.0,210.0,2026-07-31 16:05:00,2026-07-31 19:35:00,over_3_hours
893da18c4abffff,8,1,0,1,6,0.75,475.0,2026-07-19 10:25:00,2026-07-19 18:20:00,over_3_hours
893da18c553ffff,10,2,1,1,9,0.9,980.0,2026-07-28 19:40:00,2026-07-29 12:00:00,over_3_hours
893da18c5cbffff,13,1,1,0,12,0.9231,155.0,2026-07-24 13:30:00,2026-07-24 16:05:00,1_to_3_hours
893da18c623ffff,7,1,1,0,5,0.7143,90.0,2026-07-15 02:50:00,2026-07-15 04:20:00,1_to_3_hours
893da18c683ffff,7,2,1,1,7,1.0,200.0,2026-07-24 09:20:00,2026-07-24 12:40:00,over_3_hours
893da18c68bffff,14,1,1,0,10,0.7143,80.0,2026-07-22 14:45:00,2026-07-22 16:05:00,1_to_3_hours
893da18c6d3ffff,24,1,1,0,21,0.875,65.0,2026-07-01 10:05:00,2026-07-01 11:10:00,1_to_3_hours
893da18c923ffff,13,2,0,2,13,1.0,280.0,2026-07-23 11:25:00,2026-07-23 16:00:00,over_3_hours
893da18c94fffff,7,1,1,0,5,0.7143,65.0,2026-07-23 14:00:00,2026-07-23 15:05:00,1_to_3_hours
893da18c96fffff,5,1,1,0,5,1.0,105.0,2026-07-02 07:05:00,2026-07-02 08:50:00,1_to_3_hours
893da18c973ffff,35,3,0,3,27,0.7714,390.0,2026-07-16 04:15:00,2026-07-16 07:55:00,over_3_hours
893da18c97bffff,23,1,1,0,21,0.913,80.0,2026-07-02 07:25:00,2026-07-02 08:45:00,1_to_3_hours
893da18cad3ffff,25,1,0,1,24,0.96,340.0,2026-07-30 05:50:00,2026-07-30 11:30:00,over_3_hours
893da18cb43ffff,8,2,1,1,8,1.0,310.0,2026-07-28 02:50:00,2026-07-28 08:00:00,over_3_hours
893da18cb47ffff,5,2,1,1,5,1.0,310.0,2026-07-28 02:50:00,2026-07-28 08:00:00,over_3_hours
893da18cb4bffff,5,2,1,1,4,0.8,310.0,2026-07-28 02:50:00,2026-07-28 08:00:00,over_3_hours
893da18cb4fffff,10,2,1,1,10,1.0,315.0,2026-07-28 02:45:00,2026-07-28 08:00:00,over_3_hours
893da18cb67ffff,5,4,3,1,5,1.0,330.0,2026-07-22 20:10:00,2026-07-22 21:45:00,over_3_hours
893da18cba7ffff,10,1,1,0,9,0.9,110.0,2026-07-02 07:00:00,2026-07-02 08:50:00,1_to_3_hours
893da18cd1bffff,5,1,1,0,5,1.0,115.0,2026-07-07 12:40:00,2026-07-07 14:35:00,1_to_3_hours
893da18cd27ffff,11,1,0,1,9,0.8182,285.0,2026-07-19 01:35:00,2026-07-19 06:20:00,over_3_hours
893da18cd43ffff,43,1,1,0,37,0.8605,115.0,2026-07-07 12:40:00,2026-07-07 14:35:00,1_to_3_hours
893da18cd4fffff,12,2,1,1,10,0.8333,1325.0,2026-07-18 14:30:00,2026-07-19 12:35:00,over_3_hours
893da18cd53ffff,20,1,1,0,15,0.75,115.0,2026-07-07 12:40:00,2026-07-07 14:35:00,1_to_3_hours
893da18ce57ffff,6,2,2,0,6,1.0,130.0,2026-07-22 20:10:00,2026-07-22 21:50:00,1_to_3_hours
893da18ce6fffff,11,1,0,1,11,1.0,345.0,2026-07-30 05:50:00,2026-07-30 11:35:00,over_3_hours
893da18ceabffff,25,1,1,0,18,0.72,160.0,2026-07-18 09:20:00,2026-07-18 12:00:00,1_to_3_hours
893da18d197ffff,16,1,0,1,12,0.75,525.0,2026-07-14 23:25:00,2026-07-15 08:10:00,over_3_hours
893da18d19bffff,8,1,1,0,6,0.75,80.0,2026-07-07 14:20:00,2026-07-07 15:40:00,1_to_3_hours
893da18d1a3ffff,12,1,0,1,11,0.9167,230.0,2026-07-28 12:45:00,2026-07-28 16:35:00,over_3_hours
893da18d203ffff,6,1,1,0,6,1.0,90.0,2026-07-20 01:25:00,2026-07-20 02:55:00,1_to_3_hours
893da18d20fffff,5,1,1,0,4,0.8,75.0,2026-07-07 17:55:00,2026-07-07 19:10:00,1_to_3_hours
893da18d213ffff,16,1,1,0,12,0.75,85.0,2026-07-20 01:25:00,2026-07-20 02:50:00,1_to_3_hours
893da18d21bffff,7,1,1,0,6,0.8571,85.0,2026-07-20 01:25:00,2026-07-20 02:50:00,1_to_3_hours
893da18d237ffff,8,1,1,0,7,0.875,115.0,2026-07-18 08:40:00,2026-07-18 10:35:00,1_to_3_hours
893da18d277ffff,10,1,0,1,7,0.7,330.0,2026-07-11 04:45:00,2026-07-11 10:15:00,over_3_hours
893da18d287ffff,11,1,1,0,9,0.8182,75.0,2026-07-23 01:00:00,2026-07-23 02:15:00,1_to_3_hours
893da18d28bffff,10,1,1,0,8,0.8,85.0,2026-07-20 01:25:00,2026-07-20 02:50:00,1_to_3_hours
893da18d2c7ffff,19,1,1,0,15,0.7895,75.0,2026-07-20 01:30:00,2026-07-20 02:45:00,1_to_3_hours
893da18d397ffff,7,1,0,1,5,0.7143,355.0,2026-07-27 23:50:00,2026-07-28 05:45:00,over_3_hours
893da18d3b3ffff,21,2,2,0,16,0.7619,145.0,2026-07-15 16:30:00,2026-07-15 18:55:00,1_to_3_hours
893da18d507ffff,13,2,2,0,10,0.7692,95.0,2026-07-19 04:25:00,2026-07-19 05:35:00,1_to_3_hours
893da18d523ffff,26,1,1,0,22,0.8462,65.0,2026-07-19 04:25:00,2026-07-19 05:30:00,1_to_3_hours
893da18d527ffff,30,1,0,1,27,0.9,315.0,2026-07-19 01:10:00,2026-07-19 06:25:00,over_3_hours
893da18d583ffff,10,1,1,0,7,0.7,140.0,2026-07-21 05:05:00,2026-07-21 07:25:00,1_to_3_hours
893da18d5abffff,12,3,2,1,10,0.8333,780.0,2026-07-28 13:10:00,2026-07-28 14:30:00,over_3_hours
893da18d66fffff,13,1,1,0,11,0.8462,75.0,2026-07-20 01:30:00,2026-07-20 02:45:00,1_to_3_hours
893da18d8cfffff,5,1,0,1,4,0.8,230.0,2026-07-26 19:55:00,2026-07-26 23:45:00,over_3_hours
893da18d983ffff,12,1,1,0,9,0.75,100.0,2026-07-31 22:20:00,2026-08-01 00:00:00,1_to_3_hours
893da18d9d7ffff,11,2,2,0,10,0.9091,135.0,2026-07-05 17:25:00,2026-07-05 19:10:00,1_to_3_hours
893da18da4bffff,96,1,0,1,73,0.7604,400.0,2026-07-24 11:25:00,2026-07-24 18:05:00,over_3_hours
893da18da4fffff,16,2,1,1,14,0.875,570.0,2026-07-25 09:45:00,2026-07-25 19:15:00,over_3_hours
893da18db8bffff,7,1,1,0,5,0.7143,70.0,2026-07-28 13:00:00,2026-07-28 14:10:00,1_to_3_hours
893da18dd6fffff,8,2,2,0,8,1.0,150.0,2026-07-05 17:25:00,2026-07-05 19:10:00,1_to_3_hours
893da18ea87ffff,12,1,1,0,12,1.0,65.0,2026-07-16 10:15:00,2026-07-16 11:20:00,1_to_3_hours
893da18eaabffff,6,2,1,1,6,1.0,1890.0,2026-07-27 11:35:00,2026-07-28 19:05:00,over_3_hours
893da18f10bffff,14,1,1,0,13,0.9286,65.0,2026-07-23 13:05:00,2026-07-23 14:10:00,1_to_3_hours
893da18f167ffff,12,1,1,0,11,0.9167,80.0,2026-07-22 14:45:00,2026-07-22 16:05:00,1_to_3_hours
893da18f173ffff,15,1,1,0,15,1.0,70.0,2026-07-23 13:05:00,2026-07-23 14:15:00,1_to_3_hours
893da18f17bffff,7,2,2,0,6,0.8571,135.0,2026-07-23 13:05:00,2026-07-23 14:10:00,1_to_3_hours
893da18f3abffff,6,1,1,0,5,0.8333,120.0,2026-07-02 08:05:00,2026-07-02 10:05:00,1_to_3_hours
893da1a0873ffff,6,1,1,0,5,0.8333,90.0,2026-07-09 09:20:00,2026-07-09 10:50:00,1_to_3_hours
893da1a49abffff,5,2,1,1,4,0.8,455.0,2026-07-05 22:35:00,2026-07-06 00:25:00,over_3_hours
893da1a4a23ffff,26,1,0,1,23,0.8846,775.0,2026-07-13 21:45:00,2026-07-14 10:40:00,over_3_hours
893da1a4a27ffff,7,3,1,2,7,1.0,780.0,2026-07-17 11:50:00,2026-07-17 21:05:00,over_3_hours
893da1a4a37ffff,8,1,0,1,7,0.875,780.0,2026-07-13 21:40:00,2026-07-14 10:40:00,over_3_hours
893da1a50c3ffff,10,1,0,1,9,0.9,285.0,2026-07-31 00:35:00,2026-07-31 05:20:00,over_3_hours
893da1a50d3ffff,8,1,0,1,7,0.875,285.0,2026-07-31 00:35:00,2026-07-31 05:20:00,over_3_hours
893da1a8027ffff,25,1,0,1,21,0.84,435.0,2026-07-17 03:55:00,2026-07-17 11:10:00,over_3_hours
893da1a8037ffff,7,1,0,1,7,1.0,445.0,2026-07-17 03:50:00,2026-07-17 11:15:00,over_3_hours
893da1a8057ffff,7,1,1,0,6,0.8571,125.0,2026-07-12 08:45:00,2026-07-12 10:50:00,1_to_3_hours
893da1a8067ffff,25,1,0,1,20,0.8,185.0,2026-07-21 02:25:00,2026-07-21 05:30:00,over_3_hours
893da1a80bbffff,5,3,3,0,4,0.8,135.0,2026-07-15 15:40:00,2026-07-15 17:30:00,1_to_3_hours
893da1a811bffff,45,5,2,3,44,0.9778,1115.0,2026-07-28 05:20:00,2026-07-28 08:15:00,over_3_hours
893da1a8153ffff,31,1,0,1,30,0.9677,445.0,2026-07-17 03:50:00,2026-07-17 11:15:00,over_3_hours
893da1a8157ffff,53,3,2,1,50,0.9434,440.0,2026-07-28 05:20:00,2026-07-28 08:15:00,over_3_hours
893da1a81c3ffff,7,3,2,1,6,0.8571,440.0,2026-07-17 21:55:00,2026-07-17 23:30:00,over_3_hours
893da1a81cbffff,39,1,0,1,35,0.8974,445.0,2026-07-17 03:50:00,2026-07-17 11:15:00,over_3_hours
893da1a81cfffff,32,1,0,1,32,1.0,445.0,2026-07-17 03:50:00,2026-07-17 11:15:00,over_3_hours
893da1a82a3ffff,47,1,1,0,38,0.8085,70.0,2026-07-07 12:20:00,2026-07-07 13:30:00,1_to_3_hours
893da1a82a7ffff,24,1,1,0,20,0.8333,75.0,2026-07-07 12:15:00,2026-07-07 13:30:00,1_to_3_hours
893da1a82abffff,31,1,1,0,26,0.8387,70.0,2026-07-07 12:20:00,2026-07-07 13:30:00,1_to_3_hours
893da1a82b3ffff,5,1,1,0,5,1.0,85.0,2026-07-07 12:20:00,2026-07-07 13:45:00,1_to_3_hours
893da1a8303ffff,10,7,2,5,9,0.9,485.0,2026-07-25 19:45:00,2026-07-25 21:45:00,over_3_hours
893da1a8317ffff,10,7,2,5,10,1.0,485.0,2026-07-25 19:45:00,2026-07-25 21:45:00,over_3_hours
893da1a83d3ffff,7,2,0,2,5,0.7143,565.0,2026-07-28 00:50:00,2026-07-28 10:15:00,over_3_hours
893da1a83d7ffff,8,1,0,1,6,0.75,215.0,2026-07-07 02:35:00,2026-07-07 06:10:00,over_3_hours
893da1a8643ffff,11,1,0,1,8,0.7273,270.0,2026-07-02 10:25:00,2026-07-02 14:55:00,over_3_hours
893da1a86b7ffff,5,1,1,0,5,1.0,130.0,2026-07-21 09:45:00,2026-07-21 11:55:00,1_to_3_hours
893da1a8887ffff,5,2,1,1,5,1.0,260.0,2026-07-21 04:55:00,2026-07-21 06:40:00,over_3_hours
893da1a8943ffff,13,2,0,2,12,0.9231,590.0,2026-07-09 22:10:00,2026-07-10 08:00:00,over_3_hours
893da1a8a67ffff,12,2,1,1,10,0.8333,495.0,2026-07-13 06:20:00,2026-07-13 08:15:00,over_3_hours
893da1a8b23ffff,5,2,0,2,5,1.0,595.0,2026-07-09 22:05:00,2026-07-10 08:00:00,over_3_hours
893da1a8b2bffff,14,2,0,2,11,0.7857,590.0,2026-07-09 22:10:00,2026-07-10 08:00:00,over_3_hours
893da1a8c07ffff,9,1,0,1,8,0.8889,1995.0,2026-07-17 00:40:00,2026-07-18 09:55:00,over_3_hours
893da1a8c0bffff,7,2,0,2,6,0.8571,435.0,2026-07-15 02:25:00,2026-07-15 09:40:00,over_3_hours
893da1a8c0fffff,6,1,0,1,6,1.0,440.0,2026-07-15 02:25:00,2026-07-15 09:45:00,over_3_hours
893da1a8d97ffff,5,3,3,0,5,1.0,160.0,2026-07-29 19:00:00,2026-07-29 20:45:00,1_to_3_hours
893da1a9013ffff,13,1,0,1,10,0.7692,360.0,2026-07-23 13:00:00,2026-07-23 19:00:00,over_3_hours
893da1a90c7ffff,10,1,0,1,8,0.8,220.0,2026-07-09 07:15:00,2026-07-09 10:55:00,over_3_hours
893da1a920bffff,38,4,4,0,32,0.8421,120.0,2026-07-28 12:20:00,2026-07-28 13:30:00,1_to_3_hours
893da1a9247ffff,18,3,3,0,16,0.8889,120.0,2026-07-28 12:20:00,2026-07-28 13:30:00,1_to_3_hours
893da1a9273ffff,5,3,3,0,5,1.0,120.0,2026-07-28 12:20:00,2026-07-28 13:30:00,1_to_3_hours
893da1a92cfffff,33,1,0,1,30,0.9091,645.0,2026-07-09 03:35:00,2026-07-09 14:20:00,over_3_hours
893da1a9313ffff,5,4,2,2,4,0.8,2195.0,2026-07-30 11:25:00,2026-08-01 00:00:00,over_3_hours
893da1a93cbffff,12,2,2,0,12,1.0,65.0,2026-07-09 16:15:00,2026-07-09 17:20:00,1_to_3_hours
893da1a93dbffff,19,1,1,0,14,0.7368,110.0,2026-07-09 12:50:00,2026-07-09 14:40:00,1_to_3_hours
893da1a9617ffff,7,2,1,1,5,0.7143,595.0,2026-07-29 23:35:00,2026-07-30 09:30:00,over_3_hours
893da1a962bffff,11,1,0,1,9,0.8182,565.0,2026-07-04 01:15:00,2026-07-04 10:40:00,over_3_hours
893da1a962fffff,14,1,0,1,14,1.0,570.0,2026-07-04 01:15:00,2026-07-04 10:45:00,over_3_hours
893da1a984fffff,7,4,2,2,7,1.0,520.0,2026-07-29 17:15:00,2026-07-29 19:00:00,over_3_hours
893da1a99cbffff,7,1,1,0,5,0.7143,120.0,2026-07-24 23:25:00,2026-07-25 01:25:00,1_to_3_hours
893da1a9a87ffff,21,1,1,0,15,0.7143,145.0,2026-07-08 02:35:00,2026-07-08 05:00:00,1_to_3_hours
893da1a9a97ffff,29,1,0,1,21,0.7241,460.0,2026-07-07 01:25:00,2026-07-07 09:05:00,over_3_hours
893da1a9a9bffff,8,1,0,1,6,0.75,510.0,2026-07-07 23:45:00,2026-07-08 08:15:00,over_3_hours
893da1a9c23ffff,16,2,1,1,13,0.8125,190.0,2026-07-09 07:40:00,2026-07-09 10:50:00,over_3_hours
893da1a9c6fffff,11,2,0,2,10,0.9091,450.0,2026-07-28 13:15:00,2026-07-28 20:45:00,over_3_hours
893da1a9c97ffff,24,1,1,0,19,0.7917,155.0,2026-07-09 06:05:00,2026-07-09 08:40:00,1_to_3_hours
893da1a9d03ffff,33,1,1,0,31,0.9394,120.0,2026-07-07 18:50:00,2026-07-07 20:50:00,1_to_3_hours
893da1a9d07ffff,8,1,1,0,6,0.75,120.0,2026-07-07 18:50:00,2026-07-07 20:50:00,1_to_3_hours
893da1a9d0fffff,10,1,1,0,9,0.9,115.0,2026-07-07 18:55:00,2026-07-07 20:50:00,1_to_3_hours
893da1a9d13ffff,14,2,2,0,12,0.8571,120.0,2026-07-28 10:15:00,2026-07-28 12:15:00,1_to_3_hours
893da1a9d17ffff,33,1,1,0,28,0.8485,120.0,2026-07-07 18:50:00,2026-07-07 20:50:00,1_to_3_hours
893da1a9d1bffff,8,30,2,28,8,1.0,2195.0,2026-07-31 22:00:00,2026-08-01 00:00:00,over_3_hours
893da1a9d8bffff,11,2,2,0,11,1.0,125.0,2026-07-28 10:15:00,2026-07-28 12:15:00,1_to_3_hours
893da1a9d8fffff,30,2,2,0,30,1.0,120.0,2026-07-28 10:15:00,2026-07-28 12:15:00,1_to_3_hours
893da1a9da3ffff,15,2,2,0,13,0.8667,145.0,2026-07-30 17:55:00,2026-07-30 19:00:00,1_to_3_hours
893da1a9dbbffff,17,2,2,0,15,0.8824,120.0,2026-07-28 10:15:00,2026-07-28 12:10:00,1_to_3_hours
893da1a9dd7ffff,6,3,3,0,6,1.0,145.0,2026-07-26 11:45:00,2026-07-26 14:10:00,1_to_3_hours
893da1a9e23ffff,12,1,0,1,10,0.8333,770.0,2026-07-13 00:30:00,2026-07-13 13:20:00,over_3_hours
893da1a9e6bffff,7,2,1,1,6,0.8571,535.0,2026-07-09 09:35:00,2026-07-09 10:50:00,over_3_hours
893da1a9eb3ffff,5,1,1,0,5,1.0,90.0,2026-07-14 08:05:00,2026-07-14 09:35:00,1_to_3_hours
893da1a9ec3ffff,30,1,1,0,26,0.8667,130.0,2026-07-09 12:50:00,2026-07-09 15:00:00,1_to_3_hours
893da1a9ec7ffff,18,2,1,1,17,0.9444,195.0,2026-07-19 13:30:00,2026-07-19 16:45:00,over_3_hours
893da1a9ed7ffff,42,2,2,0,34,0.8095,130.0,2026-07-19 18:30:00,2026-07-19 20:40:00,1_to_3_hours
893da1aa61bffff,7,1,0,1,7,1.0,470.0,2026-07-09 09:35:00,2026-07-09 17:25:00,over_3_hours
893da1aa643ffff,8,1,0,1,8,1.0,590.0,2026-07-16 01:45:00,2026-07-16 11:35:00,over_3_hours
893da1aa64fffff,6,1,0,1,6,1.0,590.0,2026-07-16 01:45:00,2026-07-16 11:35:00,over_3_hours
893da1aa6dbffff,9,1,0,1,8,0.8889,480.0,2026-07-09 09:35:00,2026-07-09 17:35:00,over_3_hours
893da1aab2fffff,17,3,3,0,17,1.0,165.0,2026-07-29 19:00:00,2026-07-29 20:45:00,1_to_3_hours
893da1ab00bffff,30,2,2,0,26,0.8667,180.0,2026-07-23 06:45:00,2026-07-23 09:45:00,1_to_3_hours
893da1ab027ffff,7,6,6,0,7,1.0,120.0,2026-07-30 13:35:00,2026-07-30 15:15:00,1_to_3_hours
893da1ab037ffff,19,1,1,0,15,0.7895,65.0,2026-07-30 13:40:00,2026-07-30 14:45:00,1_to_3_hours
893da1ab047ffff,19,2,2,0,17,0.8947,175.0,2026-07-23 06:50:00,2026-07-23 09:45:00,1_to_3_hours
893da1ab093ffff,49,2,0,2,42,0.8571,795.0,2026-07-21 06:40:00,2026-07-21 10:30:00,over_3_hours
893da1ab097ffff,25,1,1,0,18,0.72,80.0,2026-07-02 10:05:00,2026-07-02 11:25:00,1_to_3_hours
893da1ab1afffff,17,1,0,1,13,0.7647,240.0,2026-07-09 08:45:00,2026-07-09 12:45:00,over_3_hours
893da1ab393ffff,7,1,1,0,6,0.8571,140.0,2026-07-20 17:00:00,2026-07-20 19:20:00,1_to_3_hours
893da1ab397ffff,7,3,3,0,6,0.8571,130.0,2026-07-28 02:55:00,2026-07-28 05:05:00,1_to_3_hours
893da1ab40fffff,55,1,1,0,39,0.7091,85.0,2026-07-09 08:55:00,2026-07-09 10:20:00,1_to_3_hours
893da1ab467ffff,13,3,1,2,11,0.8462,795.0,2026-07-24 06:30:00,2026-07-24 09:00:00,over_3_hours
893da1ab54bffff,19,2,1,1,15,0.7895,230.0,2026-07-02 07:35:00,2026-07-02 11:25:00,over_3_hours
893da1ab553ffff,10,2,1,1,8,0.8,230.0,2026-07-02 07:35:00,2026-07-02 11:25:00,over_3_hours
893da1ab55bffff,26,2,1,1,23,0.8846,230.0,2026-07-02 07:35:00,2026-07-02 11:25:00,over_3_hours
893da1ab58bffff,12,1,0,1,9,0.75,455.0,2026-07-08 07:40:00,2026-07-08 15:15:00,over_3_hours
893da1ab5d7ffff,22,1,0,1,19,0.8636,455.0,2026-07-08 07:40:00,2026-07-08 15:15:00,over_3_hours
893da1ab603ffff,41,1,1,0,34,0.8293,85.0,2026-07-26 09:05:00,2026-07-26 10:30:00,1_to_3_hours
893da1ab613ffff,19,1,1,0,14,0.7368,100.0,2026-07-21 13:45:00,2026-07-21 15:25:00,1_to_3_hours
893da1ab61bffff,82,1,1,0,67,0.8171,85.0,2026-07-26 09:05:00,2026-07-26 10:30:00,1_to_3_hours
893da1ad623ffff,12,2,1,1,11,0.9167,600.0,2026-07-13 01:20:00,2026-07-13 11:20:00,over_3_hours
893da1ad63bffff,25,2,1,1,20,0.8,600.0,2026-07-13 01:20:00,2026-07-13 11:20:00,over_3_hours
893da1ad643ffff,7,3,3,0,6,0.8571,140.0,2026-07-24 18:30:00,2026-07-24 19:50:00,1_to_3_hours
893da1ae64fffff,11,1,1,0,10,0.9091,95.0,2026-07-14 05:00:00,2026-07-14 06:35:00,1_to_3_hours
893da1ae663ffff,5,1,1,0,4,0.8,95.0,2026-07-14 05:00:00,2026-07-14 06:35:00,1_to_3_hours
893da1ae673ffff,5,1,1,0,4,0.8,95.0,2026-07-14 05:00:00,2026-07-14 06:35:00,1_to_3_hours
893da1ae67bffff,16,1,1,0,16,1.0,95.0,2026-07-14 05:00:00,2026-07-14 06:35:00,1_to_3_hours
893da1af0bbffff,5,1,1,0,4,0.8,90.0,2026-07-09 07:25:00,2026-07-09 08:55:00,1_to_3_hours
893da1af467ffff,5,3,1,2,5,1.0,2135.0,2026-07-24 21:35:00,2026-07-25 11:20:00,over_3_hours
893da1af533ffff,7,1,1,0,5,0.7143,110.0,2026-07-30 17:45:00,2026-07-30 19:35:00,1_to_3_hours
893da1af587ffff,14,1,1,0,13,0.9286,95.0,2026-07-14 05:00:00,2026-07-14 06:35:00,1_to_3_hours
893da1af58fffff,8,2,2,0,8,1.0,95.0,2026-07-27 13:30:00,2026-07-27 14:50:00,1_to_3_hours
893da1af5a3ffff,8,1,1,0,7,0.875,95.0,2026-07-14 05:00:00,2026-07-14 06:35:00,1_to_3_hours
893da1af5a7ffff,5,2,2,0,5,1.0,125.0,2026-07-14 05:00:00,2026-07-14 06:35:00,1_to_3_hours
893da1af5b3ffff,26,1,1,0,26,1.0,95.0,2026-07-14 05:00:00,2026-07-14 06:35:00,1_to_3_hours
893da1af5b7ffff,34,1,1,0,32,0.9412,95.0,2026-07-14 05:00:00,2026-07-14 06:35:00,1_to_3_hours
893da1af5cbffff,7,2,2,0,7,1.0,95.0,2026-07-27 13:35:00,2026-07-27 14:50:00,1_to_3_hours
893da1b814bffff,7,3,2,1,7,1.0,625.0,2026-07-28 16:35:00,2026-07-28 17:50:00,over_3_hours
893da1b830bffff,6,3,1,2,6,1.0,750.0,2026-07-22 01:20:00,2026-07-22 11:40:00,over_3_hours
893da1b8313ffff,5,7,4,3,5,1.0,540.0,2026-07-24 04:05:00,2026-07-24 05:55:00,over_3_hours
893da1b8317ffff,10,5,1,4,9,0.9,1055.0,2026-07-22 02:35:00,2026-07-22 11:50:00,over_3_hours
893da1b8383ffff,11,3,1,2,11,1.0,635.0,2026-07-22 01:45:00,2026-07-22 12:20:00,over_3_hours
893da1b8387ffff,11,2,0,2,11,1.0,595.0,2026-07-22 01:55:00,2026-07-22 11:50:00,over_3_hours
893da1b838fffff,10,2,0,2,10,1.0,675.0,2026-07-22 00:45:00,2026-07-22 11:50:00,over_3_hours
893da1b83a3ffff,16,3,1,2,13,0.8125,620.0,2026-07-22 02:20:00,2026-07-22 12:40:00,over_3_hours
893da1b83abffff,9,3,1,2,8,0.8889,545.0,2026-07-22 02:50:00,2026-07-22 11:55:00,over_3_hours
893da1b83afffff,10,4,2,2,8,0.8,545.0,2026-07-22 03:15:00,2026-07-22 12:20:00,over_3_hours
893da1b83b3ffff,9,4,1,3,9,1.0,570.0,2026-07-22 03:15:00,2026-07-22 12:45:00,over_3_hours
893da1b83bbffff,16,3,1,2,14,0.875,615.0,2026-07-22 01:45:00,2026-07-22 12:00:00,over_3_hours
893da1b9033ffff,26,1,1,0,23,0.8846,115.0,2026-07-25 04:05:00,2026-07-25 06:00:00,1_to_3_hours
893da1b912bffff,9,1,1,0,7,0.7778,110.0,2026-07-09 09:20:00,2026-07-09 11:10:00,1_to_3_hours
893da1b9237ffff,8,1,0,1,6,0.75,1370.0,2026-07-31 01:10:00,2026-08-01 00:00:00,over_3_hours
893da1b93a7ffff,9,1,1,0,9,1.0,100.0,2026-07-20 17:00:00,2026-07-20 18:40:00,1_to_3_hours
893da1b93afffff,6,2,1,1,5,0.8333,520.0,2026-07-21 00:50:00,2026-07-21 09:30:00,over_3_hours
893da1b9423ffff,7,3,1,2,7,1.0,980.0,2026-07-31 15:10:00,2026-07-31 18:15:00,over_3_hours
893da1b9487ffff,21,1,1,0,17,0.8095,65.0,2026-07-27 08:15:00,2026-07-27 09:20:00,1_to_3_hours
893da1b96d7ffff,8,1,1,0,6,0.75,80.0,2026-07-02 07:25:00,2026-07-02 08:45:00,1_to_3_hours
893da1b982fffff,8,2,2,0,7,0.875,145.0,2026-07-21 04:00:00,2026-07-21 05:35:00,1_to_3_hours
893da1b985bffff,10,1,1,0,9,0.9,80.0,2026-07-09 09:20:00,2026-07-09 10:40:00,1_to_3_hours
893da1b9893ffff,9,2,1,1,9,1.0,230.0,2026-07-22 00:25:00,2026-07-22 02:50:00,over_3_hours
893da1b989bffff,10,3,3,0,10,1.0,175.0,2026-07-31 18:35:00,2026-07-31 19:40:00,1_to_3_hours
893da1b99c7ffff,5,1,1,0,4,0.8,175.0,2026-07-09 17:50:00,2026-07-09 20:45:00,1_to_3_hours
893da1b9a2fffff,8,2,1,1,6,0.75,650.0,2026-07-30 23:50:00,2026-07-31 10:40:00,over_3_hours
893da1b9b03ffff,12,1,1,0,9,0.75,75.0,2026-07-09 05:25:00,2026-07-09 06:40:00,1_to_3_hours
893da1b9b07ffff,7,4,1,3,5,0.7143,715.0,2026-07-27 01:25:00,2026-07-27 13:20:00,over_3_hours
893da1b9b1bffff,8,1,1,0,6,0.75,170.0,2026-07-23 23:00:00,2026-07-24 01:50:00,1_to_3_hours
893da1b9b33ffff,20,1,0,1,17,0.85,470.0,2026-07-09 09:35:00,2026-07-09 17:25:00,over_3_hours
893da1b9b37ffff,12,1,0,1,12,1.0,470.0,2026-07-09 09:35:00,2026-07-09 17:25:00,over_3_hours
893da1b9b3bffff,7,1,1,0,5,0.7143,90.0,2026-07-29 01:50:00,2026-07-29 03:20:00,1_to_3_hours
893da1b9b6fffff,19,1,1,0,16,0.8421,65.0,2026-07-29 13:15:00,2026-07-29 14:20:00,1_to_3_hours
893da1b9c03ffff,6,1,1,0,6,1.0,65.0,2026-07-05 14:50:00,2026-07-05 15:55:00,1_to_3_hours
893da1b9c07ffff,34,1,1,0,29,0.8529,65.0,2026-07-05 14:50:00,2026-07-05 15:55:00,1_to_3_hours
893da1b9c0bffff,29,1,1,0,29,1.0,65.0,2026-07-05 14:50:00,2026-07-05 15:55:00,1_to_3_hours
893da1b9c0fffff,42,1,1,0,33,0.7857,65.0,2026-07-05 14:50:00,2026-07-05 15:55:00,1_to_3_hours
893da1b9c23ffff,101,2,2,0,91,0.901,165.0,2026-07-22 02:05:00,2026-07-22 03:20:00,1_to_3_hours
893da1b9c27ffff,44,2,2,0,40,0.9091,165.0,2026-07-22 02:05:00,2026-07-22 03:20:00,1_to_3_hours
893da1b9c2bffff,32,1,1,0,29,0.9062,170.0,2026-07-09 11:35:00,2026-07-09 14:25:00,1_to_3_hours
893da1b9c2fffff,28,1,1,0,23,0.8214,175.0,2026-07-09 11:35:00,2026-07-09 14:30:00,1_to_3_hours
893da1b9c3bffff,14,2,2,0,13,0.9286,165.0,2026-07-22 02:00:00,2026-07-22 03:55:00,1_to_3_hours
893da1b9c47ffff,18,2,1,1,17,0.9444,185.0,2026-07-09 14:35:00,2026-07-09 17:40:00,over_3_hours
893da1b9c4fffff,11,1,1,0,10,0.9091,65.0,2026-07-05 14:50:00,2026-07-05 15:55:00,1_to_3_hours
893da1b9c63ffff,46,1,1,0,33,0.7174,65.0,2026-07-05 14:50:00,2026-07-05 15:55:00,1_to_3_hours
893da1b9c67ffff,43,1,1,0,32,0.7442,65.0,2026-07-09 13:20:00,2026-07-09 14:25:00,1_to_3_hours
893da1b9c6bffff,5,2,2,0,4,0.8,125.0,2026-07-06 01:55:00,2026-07-06 03:15:00,1_to_3_hours
893da1b9c73ffff,30,1,1,0,27,0.9,65.0,2026-07-05 14:50:00,2026-07-05 15:55:00,1_to_3_hours
893da1b9c7bffff,26,1,1,0,24,0.9231,65.0,2026-07-05 14:50:00,2026-07-05 15:55:00,1_to_3_hours
893da1b9ca7ffff,15,2,1,1,14,0.9333,545.0,2026-07-22 04:50:00,2026-07-22 13:55:00,over_3_hours
893da1b9cabffff,8,2,0,2,8,1.0,525.0,2026-07-22 05:55:00,2026-07-22 13:55:00,over_3_hours
893da1b9d63ffff,12,1,1,0,12,1.0,135.0,2026-07-29 15:05:00,2026-07-29 17:20:00,1_to_3_hours
893da1b9dd3ffff,20,1,0,1,15,0.75,225.0,2026-07-22 10:10:00,2026-07-22 13:55:00,over_3_hours
893da1b9e0bffff,7,1,0,1,6,0.8571,285.0,2026-07-10 12:45:00,2026-07-10 17:30:00,over_3_hours
893da1b9e27ffff,27,1,1,0,21,0.7778,75.0,2026-07-09 03:45:00,2026-07-09 05:00:00,1_to_3_hours
893da1b9e93ffff,12,1,1,0,11,0.9167,165.0,2026-07-09 06:50:00,2026-07-09 09:35:00,1_to_3_hours
893da1b9e9bffff,5,1,1,0,4,0.8,125.0,2026-07-28 16:20:00,2026-07-28 18:25:00,1_to_3_hours
893da1b9eb7ffff,13,1,1,0,12,0.9231,65.0,2026-07-05 14:50:00,2026-07-05 15:55:00,1_to_3_hours
893da1bb027ffff,16,1,1,0,16,1.0,70.0,2026-07-19 11:55:00,2026-07-19 13:05:00,1_to_3_hours
893da1bb02fffff,16,1,1,0,15,0.9375,70.0,2026-07-19 11:55:00,2026-07-19 13:05:00,1_to_3_hours
893da1bb037ffff,5,3,3,0,5,1.0,105.0,2026-07-19 11:55:00,2026-07-19 13:05:00,1_to_3_hours
893da1bb067ffff,8,1,0,1,7,0.875,375.0,2026-07-20 05:30:00,2026-07-20 11:45:00,over_3_hours
893da1bb06bffff,7,1,1,0,5,0.7143,90.0,2026-07-31 09:30:00,2026-07-31 11:00:00,1_to_3_hours
893da1bb06fffff,5,1,1,0,5,1.0,90.0,2026-07-31 09:30:00,2026-07-31 11:00:00,1_to_3_hours
893da1bb07bffff,7,1,1,0,6,0.8571,175.0,2026-07-02 08:10:00,2026-07-02 11:05:00,1_to_3_hours
893da1bb22fffff,5,1,1,0,4,0.8,170.0,2026-07-17 03:30:00,2026-07-17 06:20:00,1_to_3_hours
893da1bb233ffff,10,1,0,1,9,0.9,560.0,2026-07-05 01:10:00,2026-07-05 10:30:00,over_3_hours
893da1bb30bffff,27,1,1,0,23,0.8519,135.0,2026-07-20 05:30:00,2026-07-20 07:45:00,1_to_3_hours
893da1bb31bffff,12,1,1,0,12,1.0,135.0,2026-07-20 05:30:00,2026-07-20 07:45:00,1_to_3_hours
893da1bb347ffff,44,1,1,0,37,0.8409,135.0,2026-07-20 05:30:00,2026-07-20 07:45:00,1_to_3_hours
893da1bb34bffff,35,1,1,0,25,0.7143,170.0,2026-07-17 03:30:00,2026-07-17 06:20:00,1_to_3_hours
893da1bb34fffff,38,1,1,0,34,0.8947,135.0,2026-07-20 05:30:00,2026-07-20 07:45:00,1_to_3_hours
893da1bb357ffff,56,1,1,0,42,0.75,130.0,2026-07-20 05:30:00,2026-07-20 07:40:00,1_to_3_hours
893da1bb373ffff,20,1,1,0,16,0.8,135.0,2026-07-20 05:30:00,2026-07-20 07:45:00,1_to_3_hours
893da1bb3bbffff,9,1,1,0,7,0.7778,80.0,2026-07-15 11:20:00,2026-07-15 12:40:00,1_to_3_hours
893da1bb3cfffff,11,1,1,0,11,1.0,140.0,2026-07-20 05:25:00,2026-07-20 07:45:00,1_to_3_hours
893da1ca393ffff,5,1,1,0,4,0.8,115.0,2026-07-14 17:45:00,2026-07-14 19:40:00,1_to_3_hours
893da1cab17ffff,5,3,1,2,5,1.0,1215.0,2026-07-29 18:10:00,2026-07-30 14:25:00,over_3_hours
893da325d87ffff,5,1,1,0,4,0.8,85.0,2026-07-08 03:55:00,2026-07-08 05:20:00,1_to_3_hours
893da802d5bffff,5,1,1,0,4,0.8,65.0,2026-07-12 02:30:00,2026-07-12 03:35:00,1_to_3_hours
893da815863ffff,11,1,0,1,8,0.7273,415.0,2026-07-27 01:05:00,2026-07-27 08:00:00,over_3_hours
893da815877ffff,7,1,0,1,5,0.7143,410.0,2026-07-27 01:10:00,2026-07-27 08:00:00,over_3_hours
893da857223ffff,7,3,3,0,7,1.0,165.0,2026-07-20 22:40:00,2026-07-21 00:10:00,1_to_3_hours
893da857227ffff,10,4,4,0,8,0.8,170.0,2026-07-20 22:40:00,2026-07-21 00:05:00,1_to_3_hours
893da857233ffff,5,4,4,0,5,1.0,170.0,2026-07-20 22:40:00,2026-07-21 00:05:00,1_to_3_hours
893da85736bffff,5,4,4,0,4,0.8,160.0,2026-07-20 22:40:00,2026-07-21 00:05:00,1_to_3_hours
893dac2a44bffff,6,1,0,1,5,0.8333,350.0,2026-07-24 04:50:00,2026-07-24 10:40:00,over_3_hours
893dac2a687ffff,5,20,8,12,5,1.0,460.0,2026-07-24 04:50:00,2026-07-24 10:05:00,over_3_hours
893dac2a697ffff,6,1,0,1,5,0.8333,205.0,2026-07-31 07:10:00,2026-07-31 10:35:00,over_3_hours
893dac38e77ffff,8,5,2,3,8,1.0,670.0,2026-07-31 10:35:00,2026-07-31 11:40:00,over_3_hours
893dac94057ffff,7,1,1,0,6,0.8571,110.0,2026-07-01 09:50:00,2026-07-01 11:40:00,1_to_3_hours
893dac9422fffff,6,1,1,0,6,1.0,125.0,2026-07-17 19:50:00,2026-07-17 21:55:00,1_to_3_hours
893dac9426bffff,14,1,0,1,13,0.9286,835.0,2026-07-02 19:15:00,2026-07-03 09:10:00,over_3_hours
893dac951a7ffff,9,1,0,1,8,0.8889,695.0,2026-07-09 00:20:00,2026-07-09 11:55:00,over_3_hours
893daccb463ffff,15,3,3,0,14,0.9333,145.0,2026-07-27 06:40:00,2026-07-27 08:35:00,1_to_3_hours
893daccb467ffff,10,1,0,1,9,0.9,445.0,2026-07-18 12:25:00,2026-07-18 19:50:00,over_3_hours
893daccb46bffff,7,3,3,0,7,1.0,130.0,2026-07-27 06:40:00,2026-07-27 08:35:00,1_to_3_hours
893daccb47bffff,9,3,3,0,9,1.0,130.0,2026-07-27 06:35:00,2026-07-27 08:35:00,1_to_3_hours
893dacd04c3ffff,5,2,1,1,4,0.8,310.0,2026-07-28 01:30:00,2026-07-28 06:40:00,over_3_hours
893dacd2693ffff,5,6,4,2,4,0.8,255.0,2026-07-14 01:10:00,2026-07-14 02:45:00,over_3_hours
893dacd3093ffff,9,2,1,1,7,0.7778,220.0,2026-07-17 10:50:00,2026-07-17 12:35:00,over_3_hours
893dacd309bffff,12,2,0,2,12,1.0,455.0,2026-07-17 08:25:00,2026-07-17 12:40:00,over_3_hours
893dacd30c3ffff,7,2,0,2,7,1.0,455.0,2026-07-17 08:50:00,2026-07-17 12:40:00,over_3_hours
893dacd30c7ffff,10,2,0,2,10,1.0,455.0,2026-07-17 08:25:00,2026-07-17 12:35:00,over_3_hours
893dacd30cbffff,13,1,1,0,12,0.9231,145.0,2026-07-10 05:30:00,2026-07-10 07:55:00,1_to_3_hours
893dacd30d3ffff,8,2,0,2,8,1.0,460.0,2026-07-17 08:50:00,2026-07-17 12:40:00,over_3_hours
893dacd30d7ffff,15,3,1,2,15,1.0,455.0,2026-07-21 11:20:00,2026-07-21 12:25:00,over_3_hours
893dacd30dbffff,11,2,0,2,10,0.9091,455.0,2026-07-17 08:55:00,2026-07-17 12:35:00,over_3_hours
893dacd3133ffff,6,1,0,1,6,1.0,235.0,2026-07-31 08:35:00,2026-07-31 12:30:00,over_3_hours
893dacd32c7ffff,5,2,0,2,4,0.8,545.0,2026-07-15 03:00:00,2026-07-15 08:45:00,over_3_hours
893dacd3627ffff,16,1,1,0,16,1.0,170.0,2026-07-10 05:25:00,2026-07-10 08:15:00,1_to_3_hours
893dae1102bffff,5,1,0,1,4,0.8,235.0,2026-07-26 01:15:00,2026-07-26 05:10:00,over_3_hours
893dae11387ffff,6,1,0,1,6,1.0,230.0,2026-07-26 01:15:00,2026-07-26 05:05:00,over_3_hours
893dae11397ffff,9,1,0,1,8,0.8889,230.0,2026-07-26 01:15:00,2026-07-26 05:05:00,over_3_hours
893dae11adbffff,7,2,2,0,5,0.7143,175.0,2026-07-23 19:00:00,2026-07-23 20:20:00,1_to_3_hours
8942db48a03ffff,18,2,0,2,18,1.0,3590.0,2026-07-15 02:45:00,2026-07-15 08:45:00,over_3_hours
8942db48a17ffff,5,1,0,1,4,0.8,3585.0,2026-07-06 08:05:00,2026-07-08 19:50:00,over_3_hours
8942db48a83ffff,13,2,0,2,13,1.0,3550.0,2026-07-15 02:45:00,2026-07-15 08:45:00,over_3_hours
8942db48a87ffff,23,3,1,2,20,0.8696,4530.0,2026-07-17 18:10:00,2026-07-17 20:15:00,over_3_hours
8942db48a8fffff,10,3,0,3,9,0.9,3550.0,2026-07-17 11:35:00,2026-07-17 16:15:00,over_3_hours
8942db48a97ffff,36,2,0,2,34,0.9444,3560.0,2026-07-15 02:45:00,2026-07-15 08:45:00,over_3_hours
8942db48aa3ffff,6,4,1,3,6,1.0,3630.0,2026-07-15 02:45:00,2026-07-15 08:40:00,over_3_hours
8942db48aabffff,5,2,0,2,5,1.0,3595.0,2026-07-15 02:45:00,2026-07-15 08:45:00,over_3_hours
8942db48b23ffff,8,2,0,2,8,1.0,3625.0,2026-07-15 02:45:00,2026-07-15 08:45:00,over_3_hours
8942db48c4bffff,11,3,0,3,11,1.0,4805.0,2026-07-15 02:45:00,2026-07-15 08:45:00,over_3_hours
8942db48c5bffff,7,3,0,3,7,1.0,3560.0,2026-07-15 02:45:00,2026-07-15 08:45:00,over_3_hours
8942db4d6c3ffff,5,4,2,2,4,0.8,3620.0,2026-07-17 11:05:00,2026-07-17 12:35:00,over_3_hours
89608a24b0fffff,11,1,1,0,8,0.7273,85.0,2026-07-23 13:45:00,2026-07-23 15:10:00,1_to_3_hours
89608a24b77ffff,7,1,1,0,7,1.0,95.0,2026-07-24 09:45:00,2026-07-24 11:20:00,1_to_3_hours
89608b0b60bffff,20,1,1,0,19,0.95,160.0,2026-07-04 15:00:00,2026-07-04 17:40:00,1_to_3_hours
89608b0b60fffff,5,1,1,0,5,1.0,160.0,2026-07-04 15:00:00,2026-07-04 17:40:00,1_to_3_hours
89608b0b613ffff,7,1,1,0,5,0.7143,85.0,2026-07-04 16:20:00,2026-07-04 17:45:00,1_to_3_hours
89608b0b61bffff,28,1,0,1,27,0.9643,245.0,2026-07-04 14:55:00,2026-07-04 19:00:00,over_3_hours
89608b0b6c7ffff,43,1,1,0,41,0.9535,85.0,2026-07-04 16:15:00,2026-07-04 17:40:00,1_to_3_hours
89608b45467ffff,5,2,1,1,4,0.8,305.0,2026-07-09 04:10:00,2026-07-09 06:45:00,over_3_hours
89608b45b43ffff,13,7,3,4,13,1.0,435.0,2026-07-26 11:50:00,2026-07-26 13:20:00,over_3_hours
89608b45b47ffff,11,7,3,4,11,1.0,440.0,2026-07-26 11:50:00,2026-07-26 13:20:00,over_3_hours
89608b45b4bffff,7,7,3,4,7,1.0,440.0,2026-07-26 11:50:00,2026-07-26 13:20:00,over_3_hours
89608b45b57ffff,6,6,2,4,6,1.0,435.0,2026-07-26 11:50:00,2026-07-26 13:20:00,over_3_hours
89608b45bcbffff,8,6,2,4,8,1.0,435.0,2026-07-26 11:50:00,2026-07-26 13:20:00,over_3_hours
89608b462dbffff,6,1,0,1,5,0.8333,355.0,2026-07-10 09:30:00,2026-07-10 15:25:00,over_3_hours
89608b46e63ffff,7,4,2,2,7,1.0,295.0,2026-07-21 19:00:00,2026-07-21 21:05:00,over_3_hours
89608b4db53ffff,12,2,1,1,11,0.9167,255.0,2026-07-07 05:20:00,2026-07-07 09:35:00,over_3_hours
89608b4dbc3ffff,5,7,6,1,5,1.0,330.0,2026-07-22 06:30:00,2026-07-22 07:55:00,over_3_hours
89608b4dbcbffff,21,1,1,0,19,0.9048,100.0,2026-07-06 09:55:00,2026-07-06 11:35:00,1_to_3_hours
89608b4e117ffff,13,1,1,0,11,0.8462,85.0,2026-07-10 10:50:00,2026-07-10 12:15:00,1_to_3_hours
89608b4e1afffff,5,1,0,1,4,0.8,515.0,2026-07-08 01:00:00,2026-07-08 09:35:00,over_3_hours
89608b4e587ffff,7,1,1,0,7,1.0,100.0,2026-07-06 09:55:00,2026-07-06 11:35:00,1_to_3_hours
89608b4ecbbffff,5,1,0,1,5,1.0,1760.0,2026-07-06 10:55:00,2026-07-07 16:15:00,over_3_hours
89608b50923ffff,20,1,1,0,15,0.75,175.0,2026-07-19 13:10:00,2026-07-19 16:05:00,1_to_3_hours
89608b50927ffff,10,3,2,1,10,1.0,295.0,2026-07-18 06:00:00,2026-07-18 10:55:00,over_3_hours
89608b50937ffff,6,3,2,1,6,1.0,260.0,2026-07-18 06:00:00,2026-07-18 10:20:00,over_3_hours
89608b509a7ffff,8,1,1,0,7,0.875,105.0,2026-07-05 14:40:00,2026-07-05 16:25:00,1_to_3_hours
89608b5140fffff,5,6,3,3,4,0.8,410.0,2026-07-30 16:40:00,2026-07-30 17:55:00,over_3_hours
89608b51683ffff,13,2,2,0,11,0.8462,85.0,2026-07-23 18:25:00,2026-07-23 19:30:00,1_to_3_hours
89608b51687ffff,6,1,1,0,6,1.0,85.0,2026-07-17 08:05:00,2026-07-17 09:30:00,1_to_3_hours
89608b5427bffff,10,1,0,1,9,0.9,190.0,2026-07-04 14:45:00,2026-07-04 17:55:00,over_3_hours
89608b54c17ffff,8,1,1,0,8,1.0,110.0,2026-07-07 15:40:00,2026-07-07 17:30:00,1_to_3_hours
89608b55453ffff,7,3,2,1,6,0.8571,325.0,2026-07-18 06:00:00,2026-07-18 11:25:00,over_3_hours
89608b554cbffff,18,3,2,1,16,0.8889,295.0,2026-07-18 06:00:00,2026-07-18 10:55:00,over_3_hours
89608b554d3ffff,7,2,2,0,7,1.0,110.0,2026-07-17 21:50:00,2026-07-17 23:15:00,1_to_3_hours
89608b554dbffff,18,2,2,0,17,0.9444,105.0,2026-07-17 21:55:00,2026-07-17 23:15:00,1_to_3_hours
89608b55653ffff,5,1,0,1,4,0.8,795.0,2026-07-08 00:30:00,2026-07-08 13:45:00,over_3_hours
89608b556d7ffff,6,1,1,0,6,1.0,70.0,2026-07-05 20:00:00,2026-07-05 21:10:00,1_to_3_hours
89608b55cd3ffff,11,1,1,0,8,0.7273,135.0,2026-07-02 00:40:00,2026-07-02 02:55:00,1_to_3_hours
89608b56843ffff,14,1,1,0,12,0.8571,70.0,2026-07-09 12:00:00,2026-07-09 13:10:00,1_to_3_hours
89608b56853ffff,39,1,1,0,35,0.8974,70.0,2026-07-09 12:00:00,2026-07-09 13:10:00,1_to_3_hours
89608b56857ffff,9,1,1,0,8,0.8889,70.0,2026-07-09 12:00:00,2026-07-09 13:10:00,1_to_3_hours
89608b5685bffff,9,1,1,0,9,1.0,75.0,2026-07-09 12:00:00,2026-07-09 13:15:00,1_to_3_hours
89608b568cbffff,13,1,1,0,13,1.0,70.0,2026-07-09 12:00:00,2026-07-09 13:10:00,1_to_3_hours
89608b568cfffff,8,1,1,0,7,0.875,75.0,2026-07-09 12:00:00,2026-07-09 13:15:00,1_to_3_hours
89608b56cbbffff,5,29,2,27,5,1.0,2440.0,2026-07-31 03:00:00,2026-07-31 11:00:00,over_3_hours
89608b56e27ffff,19,1,1,0,19,1.0,75.0,2026-07-09 12:00:00,2026-07-09 13:15:00,1_to_3_hours
89608b57057ffff,5,3,2,1,5,1.0,190.0,2026-07-19 13:10:00,2026-07-19 14:50:00,over_3_hours
89608b57063ffff,6,4,1,3,5,0.8333,275.0,2026-07-19 13:10:00,2026-07-19 14:50:00,over_3_hours
89608b5707bffff,25,3,2,1,20,0.8,240.0,2026-07-19 13:10:00,2026-07-19 14:50:00,over_3_hours
89608b57263ffff,25,1,1,0,23,0.92,110.0,2026-07-05 14:40:00,2026-07-05 16:30:00,1_to_3_hours
89608b5726bffff,8,1,1,0,8,1.0,110.0,2026-07-05 14:40:00,2026-07-05 16:30:00,1_to_3_hours
89608b5726fffff,6,4,4,0,5,0.8333,105.0,2026-07-15 17:10:00,2026-07-15 18:30:00,1_to_3_hours
89608b57277ffff,7,3,3,0,5,0.7143,120.0,2026-07-10 15:10:00,2026-07-10 17:10:00,1_to_3_hours
89608b57433ffff,22,2,1,1,17,0.7727,370.0,2026-07-26 01:50:00,2026-07-26 08:00:00,over_3_hours
89608b575c7ffff,6,16,2,14,6,1.0,370.0,2026-07-31 02:45:00,2026-07-31 07:10:00,over_3_hours
89608b58c3bffff,10,3,1,2,8,0.8,400.0,2026-07-27 12:05:00,2026-07-27 18:45:00,over_3_hours
89608b5aa17ffff,8,8,0,8,7,0.875,1300.0,2026-07-23 20:35:00,2026-07-24 18:15:00,over_3_hours
89608b5aabbffff,9,2,1,1,7,0.7778,210.0,2026-07-07 21:10:00,2026-07-07 22:45:00,over_3_hours
89608b7b44fffff,18,5,2,3,16,0.8889,1475.0,2026-07-28 14:20:00,2026-07-28 15:35:00,over_3_hours
89608bcce7bffff,10,1,0,1,10,1.0,915.0,2026-07-18 18:20:00,2026-07-19 09:35:00,over_3_hours
89608bcd44fffff,5,1,1,0,4,0.8,70.0,2026-07-06 13:10:00,2026-07-06 14:20:00,1_to_3_hours
89608bcd473ffff,22,1,1,0,18,0.8182,70.0,2026-07-06 13:10:00,2026-07-06 14:20:00,1_to_3_hours
89608bcdb6bffff,5,1,0,1,4,0.8,335.0,2026-07-07 03:45:00,2026-07-07 09:20:00,over_3_hours
89608bcdbc7ffff,6,1,1,0,5,0.8333,80.0,2026-07-25 12:30:00,2026-07-25 13:50:00,1_to_3_hours
89608bcf027ffff,21,1,1,0,20,0.9524,65.0,2026-07-31 09:45:00,2026-07-31 10:50:00,1_to_3_hours
89608bcf02bffff,5,3,2,1,5,1.0,250.0,2026-07-31 09:45:00,2026-07-31 13:55:00,over_3_hours
89608bcf02fffff,9,2,1,1,8,0.8889,195.0,2026-07-31 09:40:00,2026-07-31 10:50:00,over_3_hours
89608bcf0afffff,12,1,1,0,11,0.9167,80.0,2026-07-26 11:30:00,2026-07-26 12:50:00,1_to_3_hours
89608bcf393ffff,14,1,1,0,11,0.7857,65.0,2026-07-31 09:45:00,2026-07-31 10:50:00,1_to_3_hours
89608bcf3d7ffff,13,1,1,0,12,0.9231,150.0,2026-07-14 11:40:00,2026-07-14 14:10:00,1_to_3_hours
